drug_a,drug_b
ABACAVIR,DOLUTEGRAVIR
ABACAVIR,LAMIVUDINE
ABACAVIR,METHADONE
ABATACEPT,ACYCLOVIR
ABATACEPT,NICOTINE
ABEMACICLIB,KETOCONAZOLE
ABEMACICLIB,LOPERAMIDE
ABIRATERONE,DEXTROMETHORPHAN
ABIRATERONE,KETOCONAZOLE
ABIRATERONE,PIOGLITAZONE
ABIRATERONE,POTASSIUM
ABIRATERONE,PREDNISOLONE
ABIRATERONE,PREDNISONE
ABIRATERONE,REPAGLINIDE
ABIRATERONE,RIFAMPIN
ACARBOSE,CALCIUM
ACARBOSE,DIGOXIN
ACARBOSE,ISONIAZID
ACARBOSE,PHENYTOIN
ACETAZOLAMIDE,POTASSIUM
ACETAMINOPHEN,ACETYLCYSTEINE
ACITRETIN,DIGOXIN
ACITRETIN,GLYBURIDE
ACITRETIN,METHOTREXATE
ACITRETIN,PHENPROCOUMON
ACITRETIN,PHENYTOIN
ACITRETIN,WARFARIN
ACYCLOVIR,VALACYCLOVIR
ABATACEPT,ADALIMUMAB
ADALIMUMAB,AZATHIOPRINE
ADALIMUMAB,CYCLOPHOSPHAMIDE
ADALIMUMAB,CYCLOSPORINE
ADALIMUMAB,MERCAPTOPURINE
ADALIMUMAB,METHOTREXATE
ADALIMUMAB,RITUXIMAB
ADALIMUMAB,THEOPHYLLINE
ADALIMUMAB,WARFARIN
ADEFOVIR DIPIVOXIL,CYCLOSPORINE
ADEFOVIR DIPIVOXIL,LAMIVUDINE
ADEFOVIR DIPIVOXIL,TACROLIMUS
ADEFOVIR DIPIVOXIL,TENOFOVIR
ADEFOVIR DIPIVOXIL,TENOFOVIR ALAFENAMIDE
ADEFOVIR DIPIVOXIL,TENOFOVIR DISOPROXIL
ADEFOVIR DIPIVOXIL,VANCOMYCIN
ALBUTEROL,DIGOXIN
ALBUTEROL,POTASSIUM
ALENDRONATE,ASPIRIN
ALENDRONATE,CALCIUM
ALENDRONATE,LEVOTHYROXINE
ALFUZOSIN,ITRACONAZOLE
ALFUZOSIN,KETOCONAZOLE
ALFUZOSIN,RITONAVIR
ALISKIREN,CYCLOSPORINE
ALISKIREN,EPINEPHRINE
ALISKIREN,FUROSEMIDE
ALISKIREN,ITRACONAZOLE
ALISKIREN,POTASSIUM
ALCOHOL,ALLOPURINOL
ALLOPURINOL,AMOXICILLIN
ALLOPURINOL,AMPICILLIN
ALLOPURINOL,AZATHIOPRINE
ALLOPURINOL,BENDAMUSTINE
ALLOPURINOL,CALCIUM
ALLOPURINOL,CAPECITABINE
ALLOPURINOL,COLCHICINE
ALLOPURINOL,CYCLOPHOSPHAMIDE
ALLOPURINOL,CYCLOSPORINE
ALLOPURINOL,DOXORUBICIN
ALLOPURINOL,FLUOROURACIL
ALLOPURINOL,MERCAPTOPURINE
ALLOPURINOL,THEOPHYLLINE
ALLOPURINOL,WARFARIN
ACETAZOLAMIDE,ALOGLIPTIN
ALCOHOL,ALOGLIPTIN
ALOGLIPTIN,CALCIUM
ALOGLIPTIN,DOLUTEGRAVIR
ALOGLIPTIN,ISONIAZID
ALOGLIPTIN,METFORMIN
ALOGLIPTIN,PHENYTOIN
ALOGLIPTIN,RANOLAZINE
ALOGLIPTIN,TOPIRAMATE
ALOGLIPTIN,ZONISAMIDE
ALCOHOL,ALPRAZOLAM
ALPRAZOLAM,BENZODIAZEPINE
ALPRAZOLAM,BUPRENORPHINE
ALPRAZOLAM,CARBAMAZEPINE
ALPRAZOLAM,CLARITHROMYCIN
ALPRAZOLAM,CODEINE
ALPRAZOLAM,DIGOXIN
ALPRAZOLAM,DIHYDROCODEINE
ALPRAZOLAM,ERYTHROMYCIN
ALPRAZOLAM,FENTANYL
ALPRAZOLAM,FLUVOXAMINE
ALPRAZOLAM,HYDROMORPHONE
ALPRAZOLAM,ITRACONAZOLE
ALPRAZOLAM,KETOCONAZOLE
ALPRAZOLAM,MEPERIDINE
ALPRAZOLAM,METHADONE
ALPRAZOLAM,MORPHINE
ALPRAZOLAM,NEFAZODONE
ALPRAZOLAM,OXYCODONE
ALPRAZOLAM,OXYMORPHONE
ALPRAZOLAM,PHENYTOIN
ALPRAZOLAM,REMIFENTANIL
ALPRAZOLAM,RITONAVIR
ALPRAZOLAM,SUFENTANIL
ALPRAZOLAM,TAPENTADOL
ALPRAZOLAM,TRAMADOL
AMANTADINE,HYDROCHLOROTHIAZIDE
AMANTADINE,QUININE
AMIODARONE,AMPHOTERICIN B
AMIODARONE,ATORVASTATIN
AMIODARONE,CHOLESTYRAMINE
AMIODARONE,CLONIDINE
AMIODARONE,CYCLOSPORINE
AMIODARONE,DIGOXIN
AMIODARONE,DILTIAZEM
AMIODARONE,FENTANYL
AMIODARONE,IVABRADINE
AMIODARONE,LEDIPASVIR
AMIODARONE,LIDOCAINE
AMIODARONE,LITHIUM
AMIODARONE,LOVASTATIN
AMIODARONE,PHENYTOIN
AMIODARONE,PREDNISONE
AMIODARONE,SIMEPREVIR
AMIODARONE,SIMVASTATIN
AMIODARONE,SOFOSBUVIR
AMIODARONE,VERAPAMIL
AMIODARONE,WARFARIN
AMISULPRIDE,DOPAMINE
AMISULPRIDE,LEVODOPA
AMISULPRIDE,ONDANSETRON
ALCOHOL,AMITRIPTYLINE
AMITRIPTYLINE,DISULFIRAM
AMITRIPTYLINE,EPINEPHRINE
AMITRIPTYLINE,FLUOXETINE
AMITRIPTYLINE,PAROXETINE
AMITRIPTYLINE,PROPAFENONE
AMITRIPTYLINE,SERTRALINE
AMITRIPTYLINE,TOPIRAMATE
AMLODIPINE,CYCLOSPORINE
AMLODIPINE,SILDENAFIL
AMLODIPINE,SIMVASTATIN
AMLODIPINE,TACROLIMUS
ALCOHOL,AMOXAPINE
AMOXAPINE,FLUOXETINE
AMOXAPINE,PAROXETINE
AMOXAPINE,PROPAFENONE
AMOXAPINE,SERTRALINE
AMOXICILLIN,CLAVULANATE
AMOXICILLIN,POTASSIUM
AMOXICILLIN,PROBENECID
ACETAZOLAMIDE,AMPHETAMINE
AMPHETAMINE,ASCORBIC ACID
AMPHETAMINE,CHLORPROMAZINE
AMPHETAMINE,DOPAMINE
AMPHETAMINE,FLUOXETINE
AMPHETAMINE,HALOPERIDOL
AMPHETAMINE,LITHIUM
AMPHETAMINE,MEPERIDINE
AMPHETAMINE,NOREPINEPHRINE
AMPHETAMINE,PAROXETINE
AMPHETAMINE,PHENOBARBITAL
AMPHETAMINE,PHENYTOIN
AMPHETAMINE,PROPOXYPHENE
AMPHETAMINE,RITONAVIR
AMPHETAMINE,SODIUM BICARBONATE
ACETAZOLAMIDE,AMPHETAMINE ASPARTATE
AMPHETAMINE,AMPHETAMINE ASPARTATE
AMPHETAMINE ASPARTATE,ASCORBIC ACID
AMPHETAMINE ASPARTATE,BUSPIRONE
AMPHETAMINE ASPARTATE,CHLORPROMAZINE
AMPHETAMINE ASPARTATE,DEXTROAMPHETAMINE
AMPHETAMINE ASPARTATE,DEXTROAMPHETAMINE SACCHARATE
AMPHETAMINE ASPARTATE,DOPAMINE
AMPHETAMINE ASPARTATE,FENTANYL
AMPHETAMINE ASPARTATE,FLUOXETINE
AMPHETAMINE ASPARTATE,HALOPERIDOL
AMPHETAMINE ASPARTATE,LINEZOLID
AMPHETAMINE ASPARTATE,LITHIUM
AMPHETAMINE ASPARTATE,LOVASTATIN
AMPHETAMINE ASPARTATE,MEPERIDINE
AMPHETAMINE ASPARTATE,METHYLENE BLUE
AMPHETAMINE ASPARTATE,NOREPINEPHRINE
AMPHETAMINE ASPARTATE,OMEPRAZOLE
AMPHETAMINE ASPARTATE,PAROXETINE
AMPHETAMINE ASPARTATE,PHENOBARBITAL
AMPHETAMINE ASPARTATE,PHENYTOIN
AMPHETAMINE ASPARTATE,PROPOXYPHENE
AMPHETAMINE ASPARTATE,RITONAVIR
AMPHETAMINE ASPARTATE,SELEGILINE
AMPHETAMINE ASPARTATE,SODIUM BICARBONATE
AMPHETAMINE ASPARTATE,TRAMADOL
AMPHOTERICIN B,FLUCONAZOLE
AMPHOTERICIN B,KETOCONAZOLE
AMPHOTERICIN B,MICONAZOLE
AMPHOTERICIN B,POTASSIUM
AMPICILLIN,PROBENECID
AMPICILLIN,SULBACTAM
ANASTROZOLE,TAMOXIFEN
ANASTROZOLE,WARFARIN
APIXABAN,ASPIRIN
APIXABAN,CARBAMAZEPINE
APIXABAN,CLARITHROMYCIN
APIXABAN,CLOPIDOGREL
APIXABAN,DESMOPRESSIN
APIXABAN,HEPARIN
APIXABAN,ITRACONAZOLE
APIXABAN,KETOCONAZOLE
APIXABAN,NOREPINEPHRINE
APIXABAN,PHENYTOIN
APIXABAN,RIFAMPIN
APIXABAN,RITONAVIR
APIXABAN,TRANEXAMIC ACID
APIXABAN,WARFARIN
ALPRAZOLAM,APREPITANT
APREPITANT,BENZODIAZEPINE
APREPITANT,CARBAMAZEPINE
APREPITANT,CLARITHROMYCIN
APREPITANT,DEXAMETHASONE
APREPITANT,DILTIAZEM
APREPITANT,DOCETAXEL
APREPITANT,ETOPOSIDE
APREPITANT,IFOSFAMIDE
APREPITANT,ITRACONAZOLE
APREPITANT,KETOCONAZOLE
APREPITANT,METHYLPREDNISOLONE
APREPITANT,MIDAZOLAM
APREPITANT,NEFAZODONE
APREPITANT,ONDANSETRON
APREPITANT,PACLITAXEL
APREPITANT,PHENYTOIN
APREPITANT,RIFAMPIN
APREPITANT,RITONAVIR
APREPITANT,TRIAZOLAM
APREPITANT,VINCRISTINE
APREPITANT,WARFARIN
ARIPIPRAZOLE,CARBAMAZEPINE
ARIPIPRAZOLE,CLARITHROMYCIN
ARIPIPRAZOLE,DEXTROMETHORPHAN
ARIPIPRAZOLE,ESCITALOPRAM
ARIPIPRAZOLE,FAMOTIDINE
ARIPIPRAZOLE,FLUOXETINE
ARIPIPRAZOLE,ITRACONAZOLE
ARIPIPRAZOLE,LAMOTRIGINE
ARIPIPRAZOLE,LITHIUM
ARIPIPRAZOLE,LORAZEPAM
ARIPIPRAZOLE,OMEPRAZOLE
ARIPIPRAZOLE,PAROXETINE
ARIPIPRAZOLE,RIFAMPIN
ARIPIPRAZOLE,SERTRALINE
ARIPIPRAZOLE,VALPROATE
ARIPIPRAZOLE,VENLAFAXINE
ARIPIPRAZOLE,WARFARIN
AMIODARONE,ASENAPINE
ARIPIPRAZOLE,ASENAPINE
ASENAPINE,CARBAMAZEPINE
ASENAPINE,CHLORPROMAZINE
ASENAPINE,DOPAMINE
ASENAPINE,FLUVOXAMINE
ASENAPINE,GATIFLOXACIN
ASENAPINE,IMIPRAMINE
ASENAPINE,LITHIUM
ASENAPINE,MOXIFLOXACIN
ASENAPINE,OLANZAPINE
ASENAPINE,PAROXETINE
ASENAPINE,PHENYTOIN
ASENAPINE,RIFAMPIN
ASENAPINE,RISPERIDONE
ASENAPINE,SOTALOL
ASENAPINE,VALPROIC ACID
ASENAPINE,ZIPRASIDONE
ASPARAGINASE,EPINEPHRINE
ASPARAGINASE,OXYGEN
ACETAMINOPHEN,ATAZANAVIR
ALFUZOSIN,ATAZANAVIR
AMIODARONE,ATAZANAVIR
APIXABAN,ATAZANAVIR
ATAZANAVIR,ATENOLOL
ATAZANAVIR,ATORVASTATIN
ATAZANAVIR,BOSENTAN
ATAZANAVIR,BUPRENORPHINE
ATAZANAVIR,CALCIUM
ATAZANAVIR,CARBAMAZEPINE
ATAZANAVIR,CLARITHROMYCIN
ATAZANAVIR,CLOPIDOGREL
ATAZANAVIR,COLCHICINE
ATAZANAVIR,CYCLOSPORINE
ATAZANAVIR,DEXAMETHASONE
ATAZANAVIR,DIDANOSINE
ATAZANAVIR,DILTIAZEM
ATAZANAVIR,EDOXABAN
ATAZANAVIR,EFAVIRENZ
ATAZANAVIR,ENCORAFENIB
ATAZANAVIR,ETHINYL ESTRADIOL
ATAZANAVIR,FAMOTIDINE
ATAZANAVIR,FELODIPINE
ATAZANAVIR,FLUCONAZOLE
ATAZANAVIR,FLUTICASONE
ATAZANAVIR,GLECAPREVIR
ATAZANAVIR,IRINOTECAN
ATAZANAVIR,ITRACONAZOLE
ATAZANAVIR,KETOCONAZOLE
ATAZANAVIR,LAMIVUDINE
ATAZANAVIR,LAMOTRIGINE
ATAZANAVIR,LIDOCAINE
ATAZANAVIR,LOPINAVIR
ATAZANAVIR,LOVASTATIN
ATAZANAVIR,LURASIDONE
ATAZANAVIR,METHADONE
ATAZANAVIR,MIDAZOLAM
ATAZANAVIR,NEVIRAPINE
ATAZANAVIR,NICARDIPINE
ATAZANAVIR,NIFEDIPINE
ATAZANAVIR,OMEPRAZOLE
ATAZANAVIR,PACLITAXEL
ATAZANAVIR,PHENOBARBITAL
ATAZANAVIR,PHENYTOIN
ATAZANAVIR,PIBRENTASVIR
ATAZANAVIR,QUETIAPINE
ATAZANAVIR,REPAGLINIDE
ATAZANAVIR,RIFAMPIN
ATAZANAVIR,RITONAVIR
ATAZANAVIR,RIVAROXABAN
ATAZANAVIR,ROSUVASTATIN
ATAZANAVIR,SALMETEROL
ATAZANAVIR,SILDENAFIL
ATAZANAVIR,SIMVASTATIN
ATAZANAVIR,SIROLIMUS
ATAZANAVIR,SOFOSBUVIR
ATAZANAVIR,TACROLIMUS
ATAZANAVIR,TADALAFIL
ATAZANAVIR,TENOFOVIR
ATAZANAVIR,TENOFOVIR DISOPROXIL
ATAZANAVIR,TICAGRELOR
ATAZANAVIR,TRAZODONE
ATAZANAVIR,TRIAZOLAM
ATAZANAVIR,VELPATASVIR
ATAZANAVIR,VERAPAMIL
ATAZANAVIR,VORICONAZOLE
ATAZANAVIR,WARFARIN
ATAZANAVIR,ZIDOVUDINE
AMIODARONE,ATENOLOL
ASPIRIN,ATENOLOL
ATENOLOL,CALCIUM
ATENOLOL,CLONIDINE
ATENOLOL,EPINEPHRINE
ATENOLOL,INDOMETHACIN
ATEZOLIZUMAB,COBIMETINIB
ATEZOLIZUMAB,PREDNISONE
ATEZOLIZUMAB,VEMURAFENIB
ALBUTEROL,ATOMOXETINE
ALCOHOL,ATOMOXETINE
ATOMOXETINE,DIAZEPAM
ATOMOXETINE,DOBUTAMINE
ATOMOXETINE,DOPAMINE
ATOMOXETINE,FLUOXETINE
ATOMOXETINE,MAGNESIUM
ATOMOXETINE,METHYLPHENIDATE
ATOMOXETINE,MIDAZOLAM
ATOMOXETINE,OMEPRAZOLE
ATOMOXETINE,PAROXETINE
ATOMOXETINE,PHENYTOIN
ATOMOXETINE,WARFARIN
ALCOHOL,ATORVASTATIN
ATORVASTATIN,CALCIUM
ATORVASTATIN,CLARITHROMYCIN
ATORVASTATIN,COLCHICINE
ATORVASTATIN,CYCLOSPORINE
ATORVASTATIN,DARUNAVIR
ATORVASTATIN,DIGOXIN
ATORVASTATIN,ERYTHROMYCIN
ATORVASTATIN,ETHINYL ESTRADIOL
ATORVASTATIN,FOSAMPRENAVIR
ATORVASTATIN,GEMFIBROZIL
ATORVASTATIN,GLECAPREVIR
ATORVASTATIN,ITRACONAZOLE
ATORVASTATIN,KETOCONAZOLE
ATORVASTATIN,LEDIPASVIR
ATORVASTATIN,LOPINAVIR
ATORVASTATIN,NIACIN
ATORVASTATIN,PIBRENTASVIR
ATORVASTATIN,POSACONAZOLE
ATORVASTATIN,RIFAMPIN
ATORVASTATIN,RITONAVIR
ATORVASTATIN,SIMEPREVIR
ATORVASTATIN,SOFOSBUVIR
ATORVASTATIN,VORICONAZOLE
ATOVAQUONE,METOCLOPRAMIDE
ATOVAQUONE,RIFAMPIN
ALCOHOL,ATRACURIUM
ATRACURIUM,ISOFLURANE
ATRACURIUM,LITHIUM
ATRACURIUM,MAGNESIUM
ATRACURIUM,SUCCINYLCHOLINE
ATROPINE,METOCLOPRAMIDE
ATROPINE,OXYGEN
AXITINIB,BOSENTAN
AXITINIB,CARBAMAZEPINE
AXITINIB,DEXAMETHASONE
AXITINIB,EFAVIRENZ
AXITINIB,ETRAVIRINE
AXITINIB,KETOCONAZOLE
AXITINIB,MODAFINIL
AXITINIB,PEMBROLIZUMAB
AXITINIB,PHENOBARBITAL
AXITINIB,PHENYTOIN
AXITINIB,RIFAMPIN
AXITINIB,SORAFENIB
ALLOPURINOL,AZACITIDINE
AZACITIDINE,ETOPOSIDE
AZACITIDINE,POTASSIUM
AZATHIOPRINE,CYCLOPHOSPHAMIDE
AZATHIOPRINE,FEBUXOSTAT
AZATHIOPRINE,MELPHALAN
AZATHIOPRINE,RIBAVIRIN
AZATHIOPRINE,WARFARIN
AMIODARONE,AZITHROMYCIN
AMOXICILLIN,AZITHROMYCIN
AZITHROMYCIN,COLCHICINE
AZITHROMYCIN,DIGOXIN
AZITHROMYCIN,ERYTHROMYCIN
AZITHROMYCIN,PHENYTOIN
AZITHROMYCIN,SOTALOL
AZITHROMYCIN,WARFARIN
BALOXAVIR MARBOXIL,CALCIUM
BALOXAVIR MARBOXIL,MAGNESIUM
AZATHIOPRINE,BASILIXIMAB
BASILIXIMAB,CYCLOSPORINE
BASILIXIMAB,MYCOPHENOLATE
BASILIXIMAB,MYCOPHENOLATE MOFETIL
BASILIXIMAB,BELATACEPT
BELATACEPT,CYCLOSPORINE
BELATACEPT,MYCOPHENOLATE
BELATACEPT,MYCOPHENOLATE MOFETIL
BELATACEPT,MYCOPHENOLIC ACID
BELATACEPT,TACROLIMUS
BEMPEDOIC ACID,CHOLESTYRAMINE
BEMPEDOIC ACID,CYCLOSPORINE
BEMPEDOIC ACID,EZETIMIBE
BEMPEDOIC ACID,FENOFIBRATE
BEMPEDOIC ACID,PRAVASTATIN
BEMPEDOIC ACID,SIMVASTATIN
ALISKIREN,BENAZEPRIL
BENAZEPRIL,EVEROLIMUS
BENAZEPRIL,LITHIUM
BENAZEPRIL,POTASSIUM
BENAZEPRIL,SACUBITRIL
BENAZEPRIL,SIROLIMUS
BENAZEPRIL,SPIRONOLACTONE
BENAZEPRIL,VALSARTAN
BENDAMUSTINE,POTASSIUM
BENDAMUSTINE,RITUXIMAB
ATROPINE,BENZTROPINE
BENZTROPINE,HALOPERIDOL
BEVACIZUMAB,CARBOPLATIN
BEVACIZUMAB,EPINEPHRINE
BEVACIZUMAB,IRINOTECAN
BEVACIZUMAB,OXYGEN
BEVACIZUMAB,PACLITAXEL
BICALUTAMIDE,LEUPROLIDE
BICALUTAMIDE,MIDAZOLAM
ACYCLOVIR,BICTEGRAVIR
BICTEGRAVIR,CALCIUM
BICTEGRAVIR,CARBAMAZEPINE
BICTEGRAVIR,EMTRICITABINE
BICTEGRAVIR,ETHINYL ESTRADIOL
BICTEGRAVIR,GANCICLOVIR
BICTEGRAVIR,GENTAMICIN
BICTEGRAVIR,LEDIPASVIR
BICTEGRAVIR,METFORMIN
BICTEGRAVIR,MIDAZOLAM
BICTEGRAVIR,OXCARBAZEPINE
BICTEGRAVIR,PHENOBARBITAL
BICTEGRAVIR,PHENYTOIN
BICTEGRAVIR,RIFAMPIN
BICTEGRAVIR,SERTRALINE
BICTEGRAVIR,SOFOSBUVIR
BICTEGRAVIR,TENOFOVIR
BICTEGRAVIR,TENOFOVIR DISOPROXIL
BICTEGRAVIR,VALACYCLOVIR
BICTEGRAVIR,VALGANCICLOVIR
BICTEGRAVIR,VELPATASVIR
BINIMETINIB,ENCORAFENIB
BORTEZOMIB,CYCLOPHOSPHAMIDE
BORTEZOMIB,CYTARABINE
BORTEZOMIB,DAUNORUBICIN
BORTEZOMIB,DEXAMETHASONE
BORTEZOMIB,DOXORUBICIN
BORTEZOMIB,MELPHALAN
BORTEZOMIB,OMEPRAZOLE
BORTEZOMIB,PREDNISONE
BORTEZOMIB,RITUXIMAB
BORTEZOMIB,VINCRISTINE
ARIPIPRAZOLE,BREXPIPRAZOLE
BREXPIPRAZOLE,BUPROPION
BREXPIPRAZOLE,DEXTROMETHORPHAN
BREXPIPRAZOLE,FEXOFENADINE
BREXPIPRAZOLE,FLUOXETINE
BREXPIPRAZOLE,LOVASTATIN
BREXPIPRAZOLE,OLANZAPINE
BREXPIPRAZOLE,OMEPRAZOLE
BREXPIPRAZOLE,PAROXETINE
BREXPIPRAZOLE,RISPERIDONE
BREXPIPRAZOLE,ROSUVASTATIN
BRIVARACETAM,CARBAMAZEPINE
BRIVARACETAM,LEVETIRACETAM
BRIVARACETAM,PHENYTOIN
BRIVARACETAM,RIFAMPIN
ACETAMINOPHEN,BUPIVACAINE
AMPHOTERICIN B,BUPIVACAINE
ASPIRIN,BUPIVACAINE
BUPIVACAINE,CARBAMAZEPINE
BUPIVACAINE,CHLOROQUINE
BUPIVACAINE,CHOLESTYRAMINE
BUPIVACAINE,CYCLOPHOSPHAMIDE
BUPIVACAINE,CYCLOSPORINE
BUPIVACAINE,EPINEPHRINE
BUPIVACAINE,ERYTHROMYCIN
BUPIVACAINE,HYDROCORTISONE
BUPIVACAINE,ISONIAZID
BUPIVACAINE,KETOCONAZOLE
BUPIVACAINE,LIDOCAINE
BUPIVACAINE,METHYLENE BLUE
BUPIVACAINE,METHYLPREDNISOLONE
BUPIVACAINE,METOCLOPRAMIDE
BUPIVACAINE,NITROFURANTOIN
BUPIVACAINE,NITROGLYCERIN
BUPIVACAINE,NOREPINEPHRINE
BUPIVACAINE,OXYGEN
BUPIVACAINE,PHENOBARBITAL
BUPIVACAINE,PHENYTOIN
BUPIVACAINE,POTASSIUM
BUPIVACAINE,QUININE
BUPIVACAINE,RIFAMPIN
BUPIVACAINE,SULFASALAZINE
BUPIVACAINE,VALPROATE
BUPIVACAINE,WARFARIN
ALCOHOL,BUPRENORPHINE
BENZODIAZEPINE,BUPRENORPHINE
BUPRENORPHINE,CARBAMAZEPINE
BUPRENORPHINE,CYCLOBENZAPRINE
BUPRENORPHINE,EFAVIRENZ
BUPRENORPHINE,ERYTHROMYCIN
BUPRENORPHINE,ETRAVIRINE
BUPRENORPHINE,KETOCONAZOLE
BUPRENORPHINE,LINEZOLID
BUPRENORPHINE,LOPINAVIR
BUPRENORPHINE,METHYLENE BLUE
BUPRENORPHINE,MIRTAZAPINE
BUPRENORPHINE,NALOXONE
BUPRENORPHINE,NEVIRAPINE
BUPRENORPHINE,NOREPINEPHRINE
BUPRENORPHINE,PHENYTOIN
BUPRENORPHINE,RIFAMPIN
BUPRENORPHINE,RITONAVIR
BUPRENORPHINE,TRAMADOL
BUPRENORPHINE,TRAZODONE
ALCOHOL,BUPROPION
AMANTADINE,BUPROPION
BUPROPION,CARBAMAZEPINE
BUPROPION,CLOPIDOGREL
BUPROPION,COCAINE
BUPROPION,DOPAMINE
BUPROPION,EFAVIRENZ
BUPROPION,FLUOXETINE
BUPROPION,HALOPERIDOL
BUPROPION,IMIPRAMINE
BUPROPION,LEVODOPA
BUPROPION,LINEZOLID
BUPROPION,LOPINAVIR
BUPROPION,METHYLENE BLUE
BUPROPION,METOPROLOL
BUPROPION,NICOTINE
BUPROPION,NOREPINEPHRINE
BUPROPION,NORTRIPTYLINE
BUPROPION,PAROXETINE
BUPROPION,PHENOBARBITAL
BUPROPION,PHENYTOIN
BUPROPION,PROPAFENONE
BUPROPION,RISPERIDONE
BUPROPION,RITONAVIR
BUPROPION,SERTRALINE
BUPROPION,TAMOXIFEN
BUPROPION,THEOPHYLLINE
BUPROPION,VENLAFAXINE
BUSPIRONE,LINEZOLID
BUSPIRONE,METHYLENE BLUE
ACETAMINOPHEN,BUSULFAN
BUSULFAN,CYCLOPHOSPHAMIDE
BUSULFAN,DEFERASIROX
BUSULFAN,FILGRASTIM
BUSULFAN,FLUCONAZOLE
BUSULFAN,ITRACONAZOLE
BUSULFAN,LEVETIRACETAM
BUSULFAN,METRONIDAZOLE
BUSULFAN,PHENYTOIN
BUSULFAN,VALPROIC ACID
ACETAMINOPHEN,BUTALBITAL
ALCOHOL,BUTALBITAL
BUTALBITAL,CAFFEINE
BUTALBITAL,CHLORDIAZEPOXIDE
ACETAMINOPHEN,CABOTEGRAVIR
ATAZANAVIR,CABOTEGRAVIR
ATORVASTATIN,CABOTEGRAVIR
AZITHROMYCIN,CABOTEGRAVIR
CABOTEGRAVIR,CARBAMAZEPINE
CABOTEGRAVIR,CLARITHROMYCIN
CABOTEGRAVIR,DARUNAVIR
CABOTEGRAVIR,DEXAMETHASONE
CABOTEGRAVIR,DIGOXIN
CABOTEGRAVIR,DOLUTEGRAVIR
CABOTEGRAVIR,ERYTHROMYCIN
CABOTEGRAVIR,ETHINYL ESTRADIOL
CABOTEGRAVIR,ETRAVIRINE
CABOTEGRAVIR,METFORMIN
CABOTEGRAVIR,METHADONE
CABOTEGRAVIR,MIDAZOLAM
CABOTEGRAVIR,OXCARBAZEPINE
CABOTEGRAVIR,PHENOBARBITAL
CABOTEGRAVIR,PHENYTOIN
CABOTEGRAVIR,RALTEGRAVIR
CABOTEGRAVIR,RIFAMPIN
CABOTEGRAVIR,RILPIVIRINE
CABOTEGRAVIR,RITONAVIR
CABOTEGRAVIR,SILDENAFIL
CABOTEGRAVIR,TENOFOVIR
CABOTEGRAVIR,TENOFOVIR ALAFENAMIDE
CABOTEGRAVIR,TENOFOVIR DISOPROXIL
CALCIUM,CIPROFLOXACIN
CALCIUM,CALCIUM CHLORIDE
CALCIUM CHLORIDE,CEFTRIAXONE
CALCIUM CHLORIDE,DIGOXIN
CALCIUM CHLORIDE,LITHIUM
CALCIUM CHLORIDE,POTASSIUM
CALCIUM CHLORIDE,VASOPRESSIN
ALCOHOL,CANAGLIFLOZIN
CANAGLIFLOZIN,DIGOXIN
CANAGLIFLOZIN,LITHIUM
CANAGLIFLOZIN,PHENOBARBITAL
CANAGLIFLOZIN,PHENYTOIN
CANAGLIFLOZIN,RIFAMPIN
CANAGLIFLOZIN,RITONAVIR
ALISKIREN,CANDESARTAN
CANDESARTAN,CANDESARTAN CILEXETIL
CANDESARTAN,LITHIUM
CANDESARTAN,POTASSIUM
ALISKIREN,CANDESARTAN CILEXETIL
CANDESARTAN CILEXETIL,LITHIUM
CANDESARTAN CILEXETIL,POTASSIUM
CAPECITABINE,DOCETAXEL
CAPECITABINE,FLUOROURACIL
CAPECITABINE,FOLIC ACID
CAPECITABINE,IRINOTECAN
CAPECITABINE,LEUCOVORIN
CAPECITABINE,METHOTREXATE
CAPECITABINE,PHENYTOIN
CAPECITABINE,WARFARIN
ACETAMINOPHEN,CARBAMAZEPINE
ACETAZOLAMIDE,CARBAMAZEPINE
ALCOHOL,CARBAMAZEPINE
AMITRIPTYLINE,CARBAMAZEPINE
CALCIUM,CARBAMAZEPINE
CARBAMAZEPINE,CHLORPROMAZINE
CARBAMAZEPINE,CIPROFLOXACIN
CARBAMAZEPINE,CISATRACURIUM
CARBAMAZEPINE,CISPLATIN
CARBAMAZEPINE,CITALOPRAM
CARBAMAZEPINE,CLARITHROMYCIN
CARBAMAZEPINE,CLONAZEPAM
CARBAMAZEPINE,CLOZAPINE
CARBAMAZEPINE,CYCLOPHOSPHAMIDE
CARBAMAZEPINE,CYCLOSPORINE
CARBAMAZEPINE,DANAZOL
CARBAMAZEPINE,DANTROLENE
CARBAMAZEPINE,DEXAMETHASONE
CARBAMAZEPINE,DILTIAZEM
CARBAMAZEPINE,DOXORUBICIN
CARBAMAZEPINE,DOXYCYCLINE
CARBAMAZEPINE,EDOXABAN
CARBAMAZEPINE,ERYTHROMYCIN
CARBAMAZEPINE,EVEROLIMUS
CARBAMAZEPINE,FELODIPINE
CARBAMAZEPINE,FLUCONAZOLE
CARBAMAZEPINE,FLUOXETINE
CARBAMAZEPINE,FLUVOXAMINE
CARBAMAZEPINE,FOSPHENYTOIN
CARBAMAZEPINE,HALOPERIDOL
CARBAMAZEPINE,IBUPROFEN
CARBAMAZEPINE,IMATINIB
CARBAMAZEPINE,IMIPRAMINE
CARBAMAZEPINE,ISONIAZID
CARBAMAZEPINE,ITRACONAZOLE
CARBAMAZEPINE,LAMOTRIGINE
CARBAMAZEPINE,LEVOTHYROXINE
CARBAMAZEPINE,LITHIUM
CARBAMAZEPINE,LOXAPINE
CARBAMAZEPINE,METHADONE
CARBAMAZEPINE,MIANSERIN
CARBAMAZEPINE,MIDAZOLAM
CARBAMAZEPINE,NEFAZODONE
CARBAMAZEPINE,NORTRIPTYLINE
CARBAMAZEPINE,OLANZAPINE
CARBAMAZEPINE,OMEPRAZOLE
CARBAMAZEPINE,OXCARBAZEPINE
CARBAMAZEPINE,OXYBUTYNIN
CARBAMAZEPINE,PALIPERIDONE
CARBAMAZEPINE,PANCURONIUM
CARBAMAZEPINE,PHENOBARBITAL
CARBAMAZEPINE,PHENYTOIN
CARBAMAZEPINE,PREDNISOLONE
CARBAMAZEPINE,QUETIAPINE
CARBAMAZEPINE,RIFAMPIN
CARBAMAZEPINE,RISPERIDONE
CARBAMAZEPINE,RIVAROXABAN
CARBAMAZEPINE,ROCURONIUM
CARBAMAZEPINE,SERTRALINE
CARBAMAZEPINE,SIROLIMUS
CARBAMAZEPINE,TACROLIMUS
CARBAMAZEPINE,TADALAFIL
CARBAMAZEPINE,THEOPHYLLINE
CARBAMAZEPINE,TOPIRAMATE
CARBAMAZEPINE,TRAMADOL
CARBAMAZEPINE,TRAZODONE
CARBAMAZEPINE,VALPROATE
CARBAMAZEPINE,VALPROIC ACID
CARBAMAZEPINE,VECURONIUM
CARBAMAZEPINE,VERAPAMIL
CARBAMAZEPINE,VORICONAZOLE
CARBAMAZEPINE,WARFARIN
CARBAMAZEPINE,ZIPRASIDONE
CARBAMAZEPINE,ZONISAMIDE
CARBIDOPA,DOPAMINE
CARBIDOPA,ISONIAZID
CARBIDOPA,LEVODOPA
CARBIDOPA,METOCLOPRAMIDE
CARBIDOPA,PHENYTOIN
CARBIDOPA,RISPERIDONE
CARBIDOPA,SELEGILINE
CARBIDOPA,TETRABENAZINE
CARBOPLATIN,CISPLATIN
CARBOPLATIN,CYCLOPHOSPHAMIDE
ARIPIPRAZOLE,CARIPRAZINE
CARIPRAZINE,OLANZAPINE
CARIPRAZINE,RISPERIDONE
AMIODARONE,CARVEDILOL
CALCIUM,CARVEDILOL
CARVEDILOL,CLONIDINE
CARVEDILOL,CYCLOSPORINE
CARVEDILOL,DIGOXIN
CARVEDILOL,DILTIAZEM
CARVEDILOL,EPINEPHRINE
CARVEDILOL,FLUCONAZOLE
CARVEDILOL,FLUOXETINE
CARVEDILOL,PAROXETINE
CARVEDILOL,PROPAFENONE
CARVEDILOL,RIFAMPIN
CARVEDILOL,VERAPAMIL
CARBAMAZEPINE,CASPOFUNGIN
CASPOFUNGIN,CYCLOSPORINE
CASPOFUNGIN,DEXAMETHASONE
CASPOFUNGIN,EFAVIRENZ
CASPOFUNGIN,NEVIRAPINE
CASPOFUNGIN,PHENYTOIN
CASPOFUNGIN,RIFAMPIN
CASPOFUNGIN,TACROLIMUS
CEFAZOLIN,PROBENECID
CEFEPIME,FUROSEMIDE
CALCIUM,CEFTRIAXONE
CEFTRIAXONE,LIDOCAINE
CEFUROXIME,DEXTROSE
ALCOHOL,CELECOXIB
ASPIRIN,CELECOXIB
ATOMOXETINE,CELECOXIB
CELECOXIB,CYCLOSPORINE
CELECOXIB,DICLOFENAC
CELECOXIB,DIGOXIN
CELECOXIB,FLUCONAZOLE
CELECOXIB,FUROSEMIDE
CELECOXIB,IBUPROFEN
CELECOXIB,INDOMETHACIN
CELECOXIB,LITHIUM
CELECOXIB,MELOXICAM
CELECOXIB,METHOTREXATE
CELECOXIB,NAPROXEN
CELECOXIB,NOREPINEPHRINE
CELECOXIB,PEMETREXED
CELECOXIB,POTASSIUM
CELECOXIB,PROPRANOLOL
CELECOXIB,RIFAMPIN
CELECOXIB,WARFARIN
ABATACEPT,CERTOLIZUMAB PEGOL
AZATHIOPRINE,CERTOLIZUMAB PEGOL
CERTOLIZUMAB PEGOL,ETANERCEPT
CERTOLIZUMAB PEGOL,MERCAPTOPURINE
CERTOLIZUMAB PEGOL,METHOTREXATE
CERTOLIZUMAB PEGOL,NATALIZUMAB
CERTOLIZUMAB PEGOL,RITUXIMAB
CALCIUM,CETUXIMAB
CARBOPLATIN,CETUXIMAB
CETUXIMAB,CISPLATIN
CETUXIMAB,FLUOROURACIL
CETUXIMAB,MAGNESIUM
CETUXIMAB,POTASSIUM
ALCOHOL,CHLORPROMAZINE
CHLORTHALIDONE,NOREPINEPHRINE
CHOLESTYRAMINE,PHENOBARBITAL
CHOLESTYRAMINE,PROPRANOLOL
CHOLESTYRAMINE,VITAMINS
CHOLESTYRAMINE,WARFARIN
CILASTATIN,DIVALPROEX
CILASTATIN,GANCICLOVIR
CILASTATIN,IMIPENEM
CILASTATIN,PROBENECID
CILASTATIN,VALPROIC ACID
CILOSTAZOL,DILTIAZEM
CILOSTAZOL,ERYTHROMYCIN
CILOSTAZOL,KETOCONAZOLE
CILOSTAZOL,OMEPRAZOLE
CALCIUM,CINACALCET
CARVEDILOL,CINACALCET
CINACALCET,ITRACONAZOLE
CINACALCET,KETOCONAZOLE
CINACALCET,METOPROLOL
CAFFEINE,CIPROFLOXACIN
CIPROFLOXACIN,CYCLOSPORINE
CIPROFLOXACIN,EPINEPHRINE
CIPROFLOXACIN,OXYGEN
CIPROFLOXACIN,THEOPHYLLINE
CIPROFLOXACIN,WARFARIN
ALCOHOL,CISATRACURIUM
CISATRACURIUM,CLINDAMYCIN
CISATRACURIUM,LITHIUM
CISATRACURIUM,MAGNESIUM
CISATRACURIUM,OXYGEN
CISATRACURIUM,PHENYTOIN
CISATRACURIUM,PROPOFOL
CISATRACURIUM,SUCCINYLCHOLINE
CISPLATIN,PYRIDOXINE
AMIODARONE,CITALOPRAM
ASPIRIN,CITALOPRAM
BUSPIRONE,CITALOPRAM
CHLORPROMAZINE,CITALOPRAM
CITALOPRAM,FENTANYL
CITALOPRAM,GATIFLOXACIN
CITALOPRAM,LINEZOLID
CITALOPRAM,LITHIUM
CITALOPRAM,MAGNESIUM
CITALOPRAM,MEPERIDINE
CITALOPRAM,METHADONE
CITALOPRAM,METHYLENE BLUE
CITALOPRAM,MOXIFLOXACIN
CITALOPRAM,POTASSIUM
CITALOPRAM,SOTALOL
CITALOPRAM,TRAMADOL
CITALOPRAM,WARFARIN
AMIODARONE,CLARITHROMYCIN
AMLODIPINE,CLARITHROMYCIN
CALCIUM,CLARITHROMYCIN
CILOSTAZOL,CLARITHROMYCIN
CLARITHROMYCIN,COLCHICINE
CLARITHROMYCIN,CYCLOSPORINE
CLARITHROMYCIN,DIDANOSINE
CLARITHROMYCIN,DIGOXIN
CLARITHROMYCIN,DILTIAZEM
CLARITHROMYCIN,EFAVIRENZ
CLARITHROMYCIN,ERYTHROMYCIN
CLARITHROMYCIN,ETRAVIRINE
CLARITHROMYCIN,FLUCONAZOLE
CLARITHROMYCIN,FLUVASTATIN
CLARITHROMYCIN,ITRACONAZOLE
CLARITHROMYCIN,LORAZEPAM
CLARITHROMYCIN,LOVASTATIN
CLARITHROMYCIN,LURASIDONE
CLARITHROMYCIN,MARAVIROC
CLARITHROMYCIN,METHYLPREDNISOLONE
CLARITHROMYCIN,MIDAZOLAM
CLARITHROMYCIN,NEVIRAPINE
CLARITHROMYCIN,NIFEDIPINE
CLARITHROMYCIN,NITRAZEPAM
CLARITHROMYCIN,OMEPRAZOLE
CLARITHROMYCIN,PHENOBARBITAL
CLARITHROMYCIN,PHENYTOIN
CLARITHROMYCIN,PIOGLITAZONE
CLARITHROMYCIN,PRAVASTATIN
CLARITHROMYCIN,QUETIAPINE
CLARITHROMYCIN,REPAGLINIDE
CLARITHROMYCIN,RITONAVIR
CLARITHROMYCIN,ROSIGLITAZONE
CLARITHROMYCIN,SILDENAFIL
CLARITHROMYCIN,SIMVASTATIN
CLARITHROMYCIN,SOTALOL
CLARITHROMYCIN,TACROLIMUS
CLARITHROMYCIN,TADALAFIL
CLARITHROMYCIN,TEMAZEPAM
CLARITHROMYCIN,THEOPHYLLINE
CLARITHROMYCIN,TRIAZOLAM
CLARITHROMYCIN,VALPROATE
CLARITHROMYCIN,VERAPAMIL
CLARITHROMYCIN,WARFARIN
CLARITHROMYCIN,ZIDOVUDINE
ALLOPURINOL,CLAVULANATE
CLAVULANATE,POTASSIUM
CLAVULANATE,PROBENECID
ALCOHOL,CLOBAZAM
BENZODIAZEPINE,CLOBAZAM
CLOBAZAM,FLUCONAZOLE
CLOBAZAM,FLUVOXAMINE
CLOBAZAM,OMEPRAZOLE
CLOMIPRAMINE,CLONIDINE
CLOMIPRAMINE,DIGOXIN
CLOMIPRAMINE,FLUOXETINE
CLOMIPRAMINE,FLUVOXAMINE
CLOMIPRAMINE,HALOPERIDOL
CLOMIPRAMINE,LINEZOLID
CLOMIPRAMINE,METHYLENE BLUE
CLOMIPRAMINE,METHYLPHENIDATE
CLOMIPRAMINE,PAROXETINE
CLOMIPRAMINE,PHENOBARBITAL
CLOMIPRAMINE,PHENYTOIN
CLOMIPRAMINE,PROPAFENONE
CLOMIPRAMINE,SERTRALINE
CLOMIPRAMINE,WARFARIN
ALCOHOL,CLONAZEPAM
BENZODIAZEPINE,CLONAZEPAM
CLONAZEPAM,FLUCONAZOLE
CLONAZEPAM,FLUOXETINE
CLONAZEPAM,LAMOTRIGINE
CLONAZEPAM,PHENOBARBITAL
CLONAZEPAM,PHENYTOIN
CLONAZEPAM,RANITIDINE
CLONAZEPAM,SERTRALINE
ALCOHOL,CLONIDINE
AMITRIPTYLINE,CLONIDINE
CALCIUM,CLONIDINE
CLONIDINE,DILTIAZEM
CLONIDINE,HALOPERIDOL
CLONIDINE,VERAPAMIL
CLOPIDOGREL,DEXLANSOPRAZOLE
CLOPIDOGREL,ESOMEPRAZOLE
CLOPIDOGREL,LANSOPRAZOLE
CLOPIDOGREL,MORPHINE
CLOPIDOGREL,NOREPINEPHRINE
CLOPIDOGREL,OMEPRAZOLE
CLOPIDOGREL,PANTOPRAZOLE
CLOPIDOGREL,REPAGLINIDE
CLOPIDOGREL,RIFAMPIN
CLOPIDOGREL,WARFARIN
CLOPIDOGREL,CLOPIDOGREL BISULFATE
CLOPIDOGREL BISULFATE,DEXLANSOPRAZOLE
CLOPIDOGREL BISULFATE,ESOMEPRAZOLE
CLOPIDOGREL BISULFATE,LANSOPRAZOLE
CLOPIDOGREL BISULFATE,MORPHINE
CLOPIDOGREL BISULFATE,NOREPINEPHRINE
CLOPIDOGREL BISULFATE,OMEPRAZOLE
CLOPIDOGREL BISULFATE,PANTOPRAZOLE
CLOPIDOGREL BISULFATE,REPAGLINIDE
CLOPIDOGREL BISULFATE,RIFAMPIN
CLOPIDOGREL BISULFATE,WARFARIN
ALCOHOL,CLORAZEPATE
BENZODIAZEPINE,CLORAZEPATE
CHLORDIAZEPOXIDE,CLORAZEPATE
CHLORPROMAZINE,CLORAZEPATE
CLORAZEPATE,DIAZEPAM
ALCOHOL,CLOZAPINE
AMIODARONE,CLOZAPINE
BENZTROPINE,CLOZAPINE
BUPROPION,CLOZAPINE
CAFFEINE,CLOZAPINE
CHLORPROMAZINE,CLOZAPINE
CIPROFLOXACIN,CLOZAPINE
CLOZAPINE,CYCLOBENZAPRINE
CLOZAPINE,DIPHENHYDRAMINE
CLOZAPINE,DULOXETINE
CLOZAPINE,ERYTHROMYCIN
CLOZAPINE,ESCITALOPRAM
CLOZAPINE,FLUOXETINE
CLOZAPINE,FLUVOXAMINE
CLOZAPINE,GATIFLOXACIN
CLOZAPINE,LITHIUM
CLOZAPINE,MAGNESIUM
CLOZAPINE,METHADONE
CLOZAPINE,MOXIFLOXACIN
CLOZAPINE,OLANZAPINE
CLOZAPINE,PAROXETINE
CLOZAPINE,PHENYTOIN
CLOZAPINE,POTASSIUM
CLOZAPINE,PROPAFENONE
CLOZAPINE,RIFAMPIN
CLOZAPINE,SERTRALINE
CLOZAPINE,SOTALOL
CLOZAPINE,TACROLIMUS
CLOZAPINE,TERBINAFINE
CLOZAPINE,ZIPRASIDONE
ABACAVIR,COBICISTAT
ALFUZOSIN,COBICISTAT
AMIODARONE,COBICISTAT
AMITRIPTYLINE,COBICISTAT
AMLODIPINE,COBICISTAT
APIXABAN,COBICISTAT
ATORVASTATIN,COBICISTAT
BETAMETHASONE,COBICISTAT
BOSENTAN,COBICISTAT
BUDESONIDE,COBICISTAT
BUPRENORPHINE,COBICISTAT
BUSPIRONE,COBICISTAT
CALCIUM,COBICISTAT
CARBAMAZEPINE,COBICISTAT
CARVEDILOL,COBICISTAT
CLARITHROMYCIN,COBICISTAT
CLONAZEPAM,COBICISTAT
CLOPIDOGREL,COBICISTAT
COBICISTAT,COLCHICINE
COBICISTAT,CYCLOSPORINE
COBICISTAT,DABIGATRAN ETEXILATE
COBICISTAT,DARUNAVIR
COBICISTAT,DASATINIB
COBICISTAT,DEXAMETHASONE
COBICISTAT,DIAZEPAM
COBICISTAT,DIDANOSINE
COBICISTAT,DIGOXIN
COBICISTAT,DILTIAZEM
COBICISTAT,DOLUTEGRAVIR
COBICISTAT,DRONEDARONE
COBICISTAT,EDOXABAN
COBICISTAT,EFAVIRENZ
COBICISTAT,ELVITEGRAVIR
COBICISTAT,EMTRICITABINE
COBICISTAT,ERYTHROMYCIN
COBICISTAT,ESTAZOLAM
COBICISTAT,ETRAVIRINE
COBICISTAT,EVEROLIMUS
COBICISTAT,FELODIPINE
COBICISTAT,FENTANYL
COBICISTAT,FLUTICASONE
COBICISTAT,FLUVASTATIN
COBICISTAT,GLECAPREVIR
COBICISTAT,IMIPRAMINE
COBICISTAT,IRINOTECAN
COBICISTAT,ITRACONAZOLE
COBICISTAT,IVABRADINE
COBICISTAT,KETOCONAZOLE
COBICISTAT,LAMIVUDINE
COBICISTAT,LIDOCAINE
COBICISTAT,LOVASTATIN
COBICISTAT,LURASIDONE
COBICISTAT,MARAVIROC
COBICISTAT,METHADONE
COBICISTAT,METHYLPREDNISOLONE
COBICISTAT,METOPROLOL
COBICISTAT,MIDAZOLAM
COBICISTAT,NALOXONE
COBICISTAT,NEVIRAPINE
COBICISTAT,NIFEDIPINE
COBICISTAT,NILOTINIB
COBICISTAT,NORTRIPTYLINE
COBICISTAT,OXCARBAZEPINE
COBICISTAT,OXYCODONE
COBICISTAT,PAROXETINE
COBICISTAT,PHENOBARBITAL
COBICISTAT,PHENYTOIN
COBICISTAT,PIBRENTASVIR
COBICISTAT,PITAVASTATIN
COBICISTAT,POSACONAZOLE
COBICISTAT,PRASUGREL
COBICISTAT,PRAVASTATIN
COBICISTAT,PREDNISOLONE
COBICISTAT,PREDNISONE
COBICISTAT,PROPAFENONE
COBICISTAT,QUETIAPINE
COBICISTAT,RALTEGRAVIR
COBICISTAT,RANOLAZINE
COBICISTAT,RIFAMPIN
COBICISTAT,RILPIVIRINE
COBICISTAT,RISPERIDONE
COBICISTAT,RITONAVIR
COBICISTAT,RIVAROXABAN
COBICISTAT,ROSUVASTATIN
COBICISTAT,SALMETEROL
COBICISTAT,SERTRALINE
COBICISTAT,SILDENAFIL
COBICISTAT,SIMVASTATIN
COBICISTAT,SIROLIMUS
COBICISTAT,SOLIFENACIN
COBICISTAT,TACROLIMUS
COBICISTAT,TADALAFIL
COBICISTAT,TELITHROMYCIN
COBICISTAT,TENOFOVIR
COBICISTAT,TENOFOVIR ALAFENAMIDE
COBICISTAT,TENOFOVIR DISOPROXIL
COBICISTAT,TICAGRELOR
COBICISTAT,TRAMADOL
COBICISTAT,TRAZODONE
COBICISTAT,TRIAZOLAM
COBICISTAT,VERAPAMIL
COBICISTAT,VINCRISTINE
COBICISTAT,VORICONAZOLE
COBICISTAT,WARFARIN
COBICISTAT,ZIDOVUDINE
COBICISTAT,ZOLPIDEM
CARBAMAZEPINE,COBIMETINIB
CIPROFLOXACIN,COBIMETINIB
COBIMETINIB,EFAVIRENZ
COBIMETINIB,ERYTHROMYCIN
COBIMETINIB,ITRACONAZOLE
COBIMETINIB,PHENYTOIN
COBIMETINIB,RIFAMPIN
COBIMETINIB,VEMURAFENIB
COCAINE,DISULFIRAM
COCAINE,EPINEPHRINE
COCAINE,PHENYLEPHRINE
ALCOHOL,CODEINE
AMIODARONE,CODEINE
BENZODIAZEPINE,CODEINE
BUPRENORPHINE,CODEINE
BUPROPION,CODEINE
CARBAMAZEPINE,CODEINE
CODEINE,CYCLOBENZAPRINE
CODEINE,ERYTHROMYCIN
CODEINE,FLUOXETINE
CODEINE,GABAPENTIN
CODEINE,HYDROCODONE
CODEINE,KETOCONAZOLE
CODEINE,LINEZOLID
CODEINE,METHYLENE BLUE
CODEINE,MIRTAZAPINE
CODEINE,MORPHINE
CODEINE,NALMEFENE
CODEINE,NALOXONE
CODEINE,NOREPINEPHRINE
CODEINE,OXYCODONE
CODEINE,OXYMORPHONE
CODEINE,PAROXETINE
CODEINE,PHENYTOIN
CODEINE,PREGABALIN
CODEINE,RIFAMPIN
CODEINE,RITONAVIR
CODEINE,TRAMADOL
CODEINE,TRAZODONE
COLCHICINE,CYCLOSPORINE
COLCHICINE,DIGOXIN
COLCHICINE,DILTIAZEM
COLCHICINE,ETHINYL ESTRADIOL
COLCHICINE,FENOFIBRATE
COLCHICINE,FENOFIBRIC ACID
COLCHICINE,FLUVASTATIN
COLCHICINE,FOSAMPRENAVIR
COLCHICINE,GEMFIBROZIL
COLCHICINE,KETOCONAZOLE
COLCHICINE,LOVASTATIN
COLCHICINE,PRAVASTATIN
COLCHICINE,RITONAVIR
COLCHICINE,SIMVASTATIN
COLCHICINE,THEOPHYLLINE
COLCHICINE,VERAPAMIL
CALCIUM,CRIZOTINIB
CLONIDINE,CRIZOTINIB
CRIZOTINIB,DIGOXIN
CYCLOPHOSPHAMIDE,CYCLOSPORINE
CYCLOPHOSPHAMIDE,METRONIDAZOLE
CYCLOPHOSPHAMIDE,SUCCINYLCHOLINE
CYCLOPHOSPHAMIDE,TAMOXIFEN
CYCLOPHOSPHAMIDE,WARFARIN
CYCLOPHOSPHAMIDE,CYTARABINE
CYTARABINE,DIGOXIN
CYTARABINE,GENTAMICIN
CYTARABINE,PREDNISONE
CYTARABINE,VINCRISTINE
AMIODARONE,DABIGATRAN ETEXILATE
CLARITHROMYCIN,DABIGATRAN ETEXILATE
DABIGATRAN ETEXILATE,DRONEDARONE
DABIGATRAN ETEXILATE,HEPARIN
DABIGATRAN ETEXILATE,KETOCONAZOLE
DABIGATRAN ETEXILATE,RIFAMPIN
DABIGATRAN ETEXILATE,TICAGRELOR
DABIGATRAN ETEXILATE,VERAPAMIL
DABIGATRAN ETEXILATE,WARFARIN
DABRAFENIB,DEXAMETHASONE
DABRAFENIB,MIDAZOLAM
DABRAFENIB,PREDNISONE
DABRAFENIB,TRAMETINIB
DABRAFENIB,WARFARIN
BACLOFEN,DALFAMPRIDINE
CALCIUM,DANTROLENE
DANTROLENE,VECURONIUM
DANTROLENE,VERAPAMIL
ALCOHOL,DAPAGLIFLOZIN
BUMETANIDE,DAPAGLIFLOZIN
DAPAGLIFLOZIN,DIGOXIN
DAPAGLIFLOZIN,GLIMEPIRIDE
DAPAGLIFLOZIN,HYDROCHLOROTHIAZIDE
DAPAGLIFLOZIN,LITHIUM
DAPAGLIFLOZIN,MEFENAMIC ACID
DAPAGLIFLOZIN,METFORMIN
DAPAGLIFLOZIN,PIOGLITAZONE
DAPAGLIFLOZIN,RIFAMPIN
DAPAGLIFLOZIN,SIMVASTATIN
DAPAGLIFLOZIN,SITAGLIPTIN
DAPAGLIFLOZIN,VALSARTAN
DAPAGLIFLOZIN,VOGLIBOSE
DAPAGLIFLOZIN,WARFARIN
DAPTOMYCIN,SIMVASTATIN
ACETAMINOPHEN,DARATUMUMAB
BORTEZOMIB,DARATUMUMAB
CYCLOPHOSPHAMIDE,DARATUMUMAB
DARATUMUMAB,DEXAMETHASONE
DARATUMUMAB,LENALIDOMIDE
DARATUMUMAB,POMALIDOMIDE
DARATUMUMAB,THALIDOMIDE
DARBEPOETIN ALFA,HEPARIN
DAROLUTAMIDE,DOCETAXEL
ABACAVIR,DARUNAVIR
ALFUZOSIN,DARUNAVIR
AMIODARONE,DARUNAVIR
AMITRIPTYLINE,DARUNAVIR
AMLODIPINE,DARUNAVIR
APIXABAN,DARUNAVIR
ATAZANAVIR,DARUNAVIR
BETAMETHASONE,DARUNAVIR
BOSENTAN,DARUNAVIR
BUDESONIDE,DARUNAVIR
BUPRENORPHINE,DARUNAVIR
BUSPIRONE,DARUNAVIR
CALCIUM,DARUNAVIR
CARBAMAZEPINE,DARUNAVIR
CARVEDILOL,DARUNAVIR
CLARITHROMYCIN,DARUNAVIR
CLONAZEPAM,DARUNAVIR
CLOPIDOGREL,DARUNAVIR
COLCHICINE,DARUNAVIR
CYCLOSPORINE,DARUNAVIR
DABIGATRAN ETEXILATE,DARUNAVIR
DARUNAVIR,DASATINIB
DARUNAVIR,DEXAMETHASONE
DARUNAVIR,DIAZEPAM
DARUNAVIR,DIDANOSINE
DARUNAVIR,DIGOXIN
DARUNAVIR,DILTIAZEM
DARUNAVIR,DOLUTEGRAVIR
DARUNAVIR,DRONEDARONE
DARUNAVIR,EDOXABAN
DARUNAVIR,EFAVIRENZ
DARUNAVIR,EMTRICITABINE
DARUNAVIR,ESTAZOLAM
DARUNAVIR,ETHINYL ESTRADIOL
DARUNAVIR,ETRAVIRINE
DARUNAVIR,EVEROLIMUS
DARUNAVIR,FELODIPINE
DARUNAVIR,FENTANYL
DARUNAVIR,FLUTICASONE
DARUNAVIR,GLECAPREVIR
DARUNAVIR,IMIPRAMINE
DARUNAVIR,IRINOTECAN
DARUNAVIR,ITRACONAZOLE
DARUNAVIR,IVABRADINE
DARUNAVIR,KETOCONAZOLE
DARUNAVIR,LAMIVUDINE
DARUNAVIR,LIDOCAINE
DARUNAVIR,LOPINAVIR
DARUNAVIR,LOVASTATIN
DARUNAVIR,LURASIDONE
DARUNAVIR,MARAVIROC
DARUNAVIR,METHADONE
DARUNAVIR,METHYLPREDNISOLONE
DARUNAVIR,METOPROLOL
DARUNAVIR,MIDAZOLAM
DARUNAVIR,NALOXONE
DARUNAVIR,NEVIRAPINE
DARUNAVIR,NICARDIPINE
DARUNAVIR,NIFEDIPINE
DARUNAVIR,NILOTINIB
DARUNAVIR,NORTRIPTYLINE
DARUNAVIR,OMEPRAZOLE
DARUNAVIR,OXYCODONE
DARUNAVIR,PAROXETINE
DARUNAVIR,PHENOBARBITAL
DARUNAVIR,PHENYTOIN
DARUNAVIR,PIBRENTASVIR
DARUNAVIR,PITAVASTATIN
DARUNAVIR,POSACONAZOLE
DARUNAVIR,PRASUGREL
DARUNAVIR,PRAVASTATIN
DARUNAVIR,PREDNISOLONE
DARUNAVIR,PREDNISONE
DARUNAVIR,PROPAFENONE
DARUNAVIR,QUETIAPINE
DARUNAVIR,RALTEGRAVIR
DARUNAVIR,RANITIDINE
DARUNAVIR,RANOLAZINE
DARUNAVIR,RIFAMPIN
DARUNAVIR,RILPIVIRINE
DARUNAVIR,RISPERIDONE
DARUNAVIR,RITONAVIR
DARUNAVIR,RIVAROXABAN
DARUNAVIR,ROSUVASTATIN
DARUNAVIR,SALMETEROL
DARUNAVIR,SERTRALINE
DARUNAVIR,SILDENAFIL
DARUNAVIR,SIMVASTATIN
DARUNAVIR,SIROLIMUS
DARUNAVIR,SOLIFENACIN
DARUNAVIR,TACROLIMUS
DARUNAVIR,TADALAFIL
DARUNAVIR,TENOFOVIR
DARUNAVIR,TENOFOVIR ALAFENAMIDE
DARUNAVIR,TENOFOVIR DISOPROXIL
DARUNAVIR,TICAGRELOR
DARUNAVIR,TRAMADOL
DARUNAVIR,TRAZODONE
DARUNAVIR,TRIAZOLAM
DARUNAVIR,VERAPAMIL
DARUNAVIR,VINCRISTINE
DARUNAVIR,VORICONAZOLE
DARUNAVIR,WARFARIN
DARUNAVIR,ZIDOVUDINE
DARUNAVIR,ZOLPIDEM
ABACAVIR,DARUNAVIR ETHANOLATE
ALFUZOSIN,DARUNAVIR ETHANOLATE
AMIODARONE,DARUNAVIR ETHANOLATE
AMITRIPTYLINE,DARUNAVIR ETHANOLATE
AMLODIPINE,DARUNAVIR ETHANOLATE
APIXABAN,DARUNAVIR ETHANOLATE
ATORVASTATIN,DARUNAVIR ETHANOLATE
BETAMETHASONE,DARUNAVIR ETHANOLATE
BOSENTAN,DARUNAVIR ETHANOLATE
BUDESONIDE,DARUNAVIR ETHANOLATE
BUPRENORPHINE,DARUNAVIR ETHANOLATE
BUSPIRONE,DARUNAVIR ETHANOLATE
CALCIUM,DARUNAVIR ETHANOLATE
CARBAMAZEPINE,DARUNAVIR ETHANOLATE
CARVEDILOL,DARUNAVIR ETHANOLATE
CLARITHROMYCIN,DARUNAVIR ETHANOLATE
CLONAZEPAM,DARUNAVIR ETHANOLATE
CLOPIDOGREL,DARUNAVIR ETHANOLATE
COBICISTAT,DARUNAVIR ETHANOLATE
COLCHICINE,DARUNAVIR ETHANOLATE
CYCLOSPORINE,DARUNAVIR ETHANOLATE
DABIGATRAN ETEXILATE,DARUNAVIR ETHANOLATE
DARUNAVIR,DARUNAVIR ETHANOLATE
DARUNAVIR ETHANOLATE,DASATINIB
DARUNAVIR ETHANOLATE,DEXAMETHASONE
DARUNAVIR ETHANOLATE,DIAZEPAM
DARUNAVIR ETHANOLATE,DIDANOSINE
DARUNAVIR ETHANOLATE,DIGOXIN
DARUNAVIR ETHANOLATE,DILTIAZEM
DARUNAVIR ETHANOLATE,DOLUTEGRAVIR
DARUNAVIR ETHANOLATE,DRONEDARONE
DARUNAVIR ETHANOLATE,EDOXABAN
DARUNAVIR ETHANOLATE,EFAVIRENZ
DARUNAVIR ETHANOLATE,ELVITEGRAVIR
DARUNAVIR ETHANOLATE,EMTRICITABINE
DARUNAVIR ETHANOLATE,ERYTHROMYCIN
DARUNAVIR ETHANOLATE,ESTAZOLAM
DARUNAVIR ETHANOLATE,ETRAVIRINE
DARUNAVIR ETHANOLATE,EVEROLIMUS
DARUNAVIR ETHANOLATE,FELODIPINE
DARUNAVIR ETHANOLATE,FENTANYL
DARUNAVIR ETHANOLATE,FLUTICASONE
DARUNAVIR ETHANOLATE,FLUVASTATIN
DARUNAVIR ETHANOLATE,GLECAPREVIR
DARUNAVIR ETHANOLATE,IMIPRAMINE
DARUNAVIR ETHANOLATE,IRINOTECAN
DARUNAVIR ETHANOLATE,ITRACONAZOLE
DARUNAVIR ETHANOLATE,IVABRADINE
DARUNAVIR ETHANOLATE,KETOCONAZOLE
DARUNAVIR ETHANOLATE,LAMIVUDINE
DARUNAVIR ETHANOLATE,LIDOCAINE
DARUNAVIR ETHANOLATE,LOVASTATIN
DARUNAVIR ETHANOLATE,LURASIDONE
DARUNAVIR ETHANOLATE,MARAVIROC
DARUNAVIR ETHANOLATE,METHADONE
DARUNAVIR ETHANOLATE,METHYLPREDNISOLONE
DARUNAVIR ETHANOLATE,METOPROLOL
DARUNAVIR ETHANOLATE,MIDAZOLAM
DARUNAVIR ETHANOLATE,NALOXONE
DARUNAVIR ETHANOLATE,NEVIRAPINE
DARUNAVIR ETHANOLATE,NIFEDIPINE
DARUNAVIR ETHANOLATE,NILOTINIB
DARUNAVIR ETHANOLATE,NORTRIPTYLINE
DARUNAVIR ETHANOLATE,OXCARBAZEPINE
DARUNAVIR ETHANOLATE,OXYCODONE
DARUNAVIR ETHANOLATE,PAROXETINE
DARUNAVIR ETHANOLATE,PHENOBARBITAL
DARUNAVIR ETHANOLATE,PHENYTOIN
DARUNAVIR ETHANOLATE,PIBRENTASVIR
DARUNAVIR ETHANOLATE,PITAVASTATIN
DARUNAVIR ETHANOLATE,POSACONAZOLE
DARUNAVIR ETHANOLATE,PRASUGREL
DARUNAVIR ETHANOLATE,PRAVASTATIN
DARUNAVIR ETHANOLATE,PREDNISOLONE
DARUNAVIR ETHANOLATE,PREDNISONE
DARUNAVIR ETHANOLATE,PROPAFENONE
DARUNAVIR ETHANOLATE,QUETIAPINE
DARUNAVIR ETHANOLATE,RALTEGRAVIR
DARUNAVIR ETHANOLATE,RANOLAZINE
DARUNAVIR ETHANOLATE,RIFAMPIN
DARUNAVIR ETHANOLATE,RILPIVIRINE
DARUNAVIR ETHANOLATE,RISPERIDONE
DARUNAVIR ETHANOLATE,RITONAVIR
DARUNAVIR ETHANOLATE,RIVAROXABAN
DARUNAVIR ETHANOLATE,ROSUVASTATIN
DARUNAVIR ETHANOLATE,SALMETEROL
DARUNAVIR ETHANOLATE,SERTRALINE
DARUNAVIR ETHANOLATE,SILDENAFIL
DARUNAVIR ETHANOLATE,SIMVASTATIN
DARUNAVIR ETHANOLATE,SIROLIMUS
DARUNAVIR ETHANOLATE,SOLIFENACIN
DARUNAVIR ETHANOLATE,TACROLIMUS
DARUNAVIR ETHANOLATE,TADALAFIL
DARUNAVIR ETHANOLATE,TELITHROMYCIN
DARUNAVIR ETHANOLATE,TENOFOVIR
DARUNAVIR ETHANOLATE,TENOFOVIR ALAFENAMIDE
DARUNAVIR ETHANOLATE,TENOFOVIR DISOPROXIL
DARUNAVIR ETHANOLATE,TICAGRELOR
DARUNAVIR ETHANOLATE,TRAMADOL
DARUNAVIR ETHANOLATE,TRAZODONE
DARUNAVIR ETHANOLATE,TRIAZOLAM
DARUNAVIR ETHANOLATE,VERAPAMIL
DARUNAVIR ETHANOLATE,VINCRISTINE
DARUNAVIR ETHANOLATE,VORICONAZOLE
DARUNAVIR ETHANOLATE,WARFARIN
DARUNAVIR ETHANOLATE,ZIDOVUDINE
DARUNAVIR ETHANOLATE,ZOLPIDEM
DASATINIB,IMATINIB
DASATINIB,OXYGEN
CYCLOPHOSPHAMIDE,DAUNORUBICIN
DAUNORUBICIN,DOXORUBICIN
DAUNORUBICIN,METHOTREXATE
APREPITANT,DEFERASIROX
BUDESONIDE,DEFERASIROX
BUSPIRONE,DEFERASIROX
CAFFEINE,DEFERASIROX
CHOLESTYRAMINE,DEFERASIROX
CYCLOSPORINE,DEFERASIROX
DARUNAVIR,DEFERASIROX
DASATINIB,DEFERASIROX
DEFERASIROX,DRONEDARONE
DEFERASIROX,DULOXETINE
DEFERASIROX,EPLERENONE
DEFERASIROX,EVEROLIMUS
DEFERASIROX,FELODIPINE
DEFERASIROX,FENTANYL
DEFERASIROX,FLUTICASONE
DEFERASIROX,LOPINAVIR
DEFERASIROX,LOVASTATIN
DEFERASIROX,LURASIDONE
DEFERASIROX,MARAVIROC
DEFERASIROX,MELATONIN
DEFERASIROX,MIDAZOLAM
DEFERASIROX,PACLITAXEL
DEFERASIROX,PHENOBARBITAL
DEFERASIROX,PHENYTOIN
DEFERASIROX,QUETIAPINE
DEFERASIROX,REPAGLINIDE
DEFERASIROX,RITONAVIR
DEFERASIROX,SILDENAFIL
DEFERASIROX,SIMVASTATIN
DEFERASIROX,SIROLIMUS
DEFERASIROX,TACROLIMUS
DEFERASIROX,THEOPHYLLINE
DEFERASIROX,TICAGRELOR
DEFERASIROX,TIZANIDINE
DEFERASIROX,TOLVAPTAN
DEFERASIROX,TRIAZOLAM
ALCOHOL,DEFLAZACORT
CALCIUM,DEFLAZACORT
CARBAMAZEPINE,DEFLAZACORT
CLARITHROMYCIN,DEFLAZACORT
DEFLAZACORT,DILTIAZEM
DEFLAZACORT,EFAVIRENZ
DEFLAZACORT,FLUCONAZOLE
DEFLAZACORT,LEVOTHYROXINE
DEFLAZACORT,PANCURONIUM
DEFLAZACORT,PHENYTOIN
DEFLAZACORT,POTASSIUM
DEFLAZACORT,RIFAMPIN
DEFLAZACORT,VERAPAMIL
DEGARELIX,LEUPROLIDE
DEGARELIX,TESTOSTERONE
CALCIUM,DENOSUMAB
DENOSUMAB,MAGNESIUM
DENOSUMAB,PREDNISONE
ATRACURIUM,DESFLURANE
DANTROLENE,DESFLURANE
DESFLURANE,EPINEPHRINE
DESFLURANE,FENTANYL
DESFLURANE,ISOFLURANE
DESFLURANE,MIDAZOLAM
DESFLURANE,OXYGEN
DESFLURANE,PANCURONIUM
DESFLURANE,POTASSIUM
DESFLURANE,SUCCINYLCHOLINE
DESFLURANE,VECURONIUM
AZITHROMYCIN,DESLORATADINE
DESLORATADINE,ERYTHROMYCIN
DESLORATADINE,FLUOXETINE
DESLORATADINE,KETOCONAZOLE
CARBAMAZEPINE,DESMOPRESSIN
CHLORPROMAZINE,DESMOPRESSIN
DESMOPRESSIN,LAMOTRIGINE
ALCOHOL,DESVENLAFAXINE
AMPHETAMINE,DESVENLAFAXINE
ARIPIPRAZOLE,DESVENLAFAXINE
ASPIRIN,DESVENLAFAXINE
ATOMOXETINE,DESVENLAFAXINE
BUSPIRONE,DESVENLAFAXINE
DESVENLAFAXINE,DEXTROMETHORPHAN
DESVENLAFAXINE,FENTANYL
DESVENLAFAXINE,LINEZOLID
DESVENLAFAXINE,LITHIUM
DESVENLAFAXINE,MEPERIDINE
DESVENLAFAXINE,METHADONE
DESVENLAFAXINE,METHYLENE BLUE
DESVENLAFAXINE,METOPROLOL
DESVENLAFAXINE,MIDAZOLAM
DESVENLAFAXINE,NEBIVOLOL
DESVENLAFAXINE,NOREPINEPHRINE
DESVENLAFAXINE,SELEGILINE
DESVENLAFAXINE,TAMOXIFEN
DESVENLAFAXINE,TRAMADOL
DESVENLAFAXINE,VENLAFAXINE
DESVENLAFAXINE,WARFARIN
AMPHOTERICIN B,DEXAMETHASONE
ASPIRIN,DEXAMETHASONE
CHOLESTYRAMINE,DEXAMETHASONE
CYCLOSPORINE,DEXAMETHASONE
DEXAMETHASONE,EPHEDRINE
DEXAMETHASONE,ERYTHROMYCIN
DEXAMETHASONE,HYDROCORTISONE
DEXAMETHASONE,INDOMETHACIN
DEXAMETHASONE,ISONIAZID
DEXAMETHASONE,KETOCONAZOLE
DEXAMETHASONE,PHENYTOIN
DEXAMETHASONE,POTASSIUM
DEXAMETHASONE,RIFAMPIN
DEXAMETHASONE,THALIDOMIDE
DEXAMETHASONE,WARFARIN
ATAZANAVIR,DEXLANSOPRAZOLE
CALCIUM,DEXLANSOPRAZOLE
CYANOCOBALAMIN,DEXLANSOPRAZOLE
DASATINIB,DEXLANSOPRAZOLE
DEXLANSOPRAZOLE,DIGOXIN
DEXLANSOPRAZOLE,ERLOTINIB
DEXLANSOPRAZOLE,ITRACONAZOLE
DEXLANSOPRAZOLE,KETOCONAZOLE
DEXLANSOPRAZOLE,LANSOPRAZOLE
DEXLANSOPRAZOLE,MAGNESIUM
DEXLANSOPRAZOLE,METHOTREXATE
DEXLANSOPRAZOLE,MYCOPHENOLATE
DEXLANSOPRAZOLE,MYCOPHENOLATE MOFETIL
DEXLANSOPRAZOLE,MYCOPHENOLIC ACID
DEXLANSOPRAZOLE,NILOTINIB
DEXLANSOPRAZOLE,RIFAMPIN
DEXLANSOPRAZOLE,RILPIVIRINE
DEXLANSOPRAZOLE,RITONAVIR
DEXLANSOPRAZOLE,TACROLIMUS
DEXLANSOPRAZOLE,VORICONAZOLE
DEXLANSOPRAZOLE,WARFARIN
ATROPINE,DEXMEDETOMIDINE
DEXMEDETOMIDINE,GLYCOPYRROLATE
DEXMEDETOMIDINE,ISOFLURANE
DEXMEDETOMIDINE,MIDAZOLAM
DEXMEDETOMIDINE,PROPOFOL
DEXMEDETOMIDINE,ROCURONIUM
DEXMEDETOMIDINE,SEVOFLURANE
ACETAZOLAMIDE,DEXTROAMPHETAMINE
AMPHETAMINE,DEXTROAMPHETAMINE
ASCORBIC ACID,DEXTROAMPHETAMINE
BUSPIRONE,DEXTROAMPHETAMINE
CHLORPROMAZINE,DEXTROAMPHETAMINE
DEXTROAMPHETAMINE,DEXTROAMPHETAMINE SACCHARATE
DEXTROAMPHETAMINE,DOPAMINE
DEXTROAMPHETAMINE,FENTANYL
DEXTROAMPHETAMINE,FLUOXETINE
DEXTROAMPHETAMINE,HALOPERIDOL
DEXTROAMPHETAMINE,LINEZOLID
DEXTROAMPHETAMINE,LITHIUM
DEXTROAMPHETAMINE,LOVASTATIN
DEXTROAMPHETAMINE,MEPERIDINE
DEXTROAMPHETAMINE,METHYLENE BLUE
DEXTROAMPHETAMINE,NOREPINEPHRINE
DEXTROAMPHETAMINE,OMEPRAZOLE
DEXTROAMPHETAMINE,PAROXETINE
DEXTROAMPHETAMINE,PHENOBARBITAL
DEXTROAMPHETAMINE,PHENYTOIN
DEXTROAMPHETAMINE,PROPOXYPHENE
DEXTROAMPHETAMINE,RITONAVIR
DEXTROAMPHETAMINE,SELEGILINE
DEXTROAMPHETAMINE,SODIUM BICARBONATE
DEXTROAMPHETAMINE,TRAMADOL
ACETAZOLAMIDE,DEXTROAMPHETAMINE SACCHARATE
AMPHETAMINE,DEXTROAMPHETAMINE SACCHARATE
ASCORBIC ACID,DEXTROAMPHETAMINE SACCHARATE
BUSPIRONE,DEXTROAMPHETAMINE SACCHARATE
CHLORPROMAZINE,DEXTROAMPHETAMINE SACCHARATE
DEXTROAMPHETAMINE SACCHARATE,DOPAMINE
DEXTROAMPHETAMINE SACCHARATE,FENTANYL
DEXTROAMPHETAMINE SACCHARATE,FLUOXETINE
DEXTROAMPHETAMINE SACCHARATE,HALOPERIDOL
DEXTROAMPHETAMINE SACCHARATE,LINEZOLID
DEXTROAMPHETAMINE SACCHARATE,LITHIUM
DEXTROAMPHETAMINE SACCHARATE,LOVASTATIN
DEXTROAMPHETAMINE SACCHARATE,MEPERIDINE
DEXTROAMPHETAMINE SACCHARATE,METHYLENE BLUE
DEXTROAMPHETAMINE SACCHARATE,NOREPINEPHRINE
DEXTROAMPHETAMINE SACCHARATE,OMEPRAZOLE
DEXTROAMPHETAMINE SACCHARATE,PAROXETINE
DEXTROAMPHETAMINE SACCHARATE,PHENOBARBITAL
DEXTROAMPHETAMINE SACCHARATE,PHENYTOIN
DEXTROAMPHETAMINE SACCHARATE,PROPOXYPHENE
DEXTROAMPHETAMINE SACCHARATE,RITONAVIR
DEXTROAMPHETAMINE SACCHARATE,SELEGILINE
DEXTROAMPHETAMINE SACCHARATE,SODIUM BICARBONATE
DEXTROAMPHETAMINE SACCHARATE,TRAMADOL
ALCOHOL,DIAZEPAM
DIAZEPAM,FLUOXETINE
DIAZEPAM,FLUVOXAMINE
DIAZEPAM,KETOCONAZOLE
DIAZEPAM,OMEPRAZOLE
DIAZEPAM,PHENYTOIN
AMANTADINE,DICYCLOMINE
DICYCLOMINE,DIGOXIN
DICYCLOMINE,MEPERIDINE
DICYCLOMINE,METOCLOPRAMIDE
ACTIVATED CHARCOAL,DIGOXIN
CALCIUM,DIGOXIN
CHOLESTYRAMINE,DIGOXIN
CYCLOSPORINE,DIGOXIN
DICLOFENAC,DIGOXIN
DIGOXIN,DILTIAZEM
DIGOXIN,DOPAMINE
DIGOXIN,DRONEDARONE
DIGOXIN,EPINEPHRINE
DIGOXIN,ERYTHROMYCIN
DIGOXIN,ESOMEPRAZOLE
DIGOXIN,GENTAMICIN
DIGOXIN,IBUPROFEN
DIGOXIN,INDOMETHACIN
DIGOXIN,ITRACONAZOLE
DIGOXIN,IVABRADINE
DIGOXIN,KETOCONAZOLE
DIGOXIN,LANSOPRAZOLE
DIGOXIN,METFORMIN
DIGOXIN,METOCLOPRAMIDE
DIGOXIN,MIRABEGRON
DIGOXIN,NEFAZODONE
DIGOXIN,NIFEDIPINE
DIGOXIN,NOREPINEPHRINE
DIGOXIN,OMEPRAZOLE
DIGOXIN,OXYGEN
DIGOXIN,PHENYTOIN
DIGOXIN,POTASSIUM
DIGOXIN,PROPAFENONE
DIGOXIN,QUININE
DIGOXIN,RABEPRAZOLE
DIGOXIN,RANOLAZINE
DIGOXIN,RIFAMPIN
DIGOXIN,RITONAVIR
DIGOXIN,SOTALOL
DIGOXIN,SPIRONOLACTONE
DIGOXIN,SUCCINYLCHOLINE
DIGOXIN,SULFASALAZINE
DIGOXIN,TELAPREVIR
DIGOXIN,TELMISARTAN
DIGOXIN,TERIPARATIDE
DIGOXIN,THIAMINE
DIGOXIN,TOLVAPTAN
DIGOXIN,TRIMETHOPRIM
DIGOXIN,VERAPAMIL
ACETAMINOPHEN,DIHYDROCODEINE
ALCOHOL,DIHYDROCODEINE
ASPIRIN,DIHYDROCODEINE
BUPRENORPHINE,DIHYDROCODEINE
CAFFEINE,DIHYDROCODEINE
CARBAMAZEPINE,DIHYDROCODEINE
CIPROFLOXACIN,DIHYDROCODEINE
CODEINE,DIHYDROCODEINE
DIHYDROCODEINE,DISULFIRAM
DIHYDROCODEINE,PHENOBARBITAL
DIHYDROCODEINE,PHENYTOIN
DIHYDROCODEINE,WARFARIN
ALCOHOL,DILTIAZEM
BUSPIRONE,DILTIAZEM
CALCIUM,DILTIAZEM
CYCLOSPORINE,DILTIAZEM
DILTIAZEM,IVABRADINE
DILTIAZEM,LOVASTATIN
DILTIAZEM,MIDAZOLAM
DILTIAZEM,PRAVASTATIN
DILTIAZEM,PROPRANOLOL
DILTIAZEM,RANITIDINE
DILTIAZEM,RIFAMPIN
DILTIAZEM,SIMVASTATIN
DILTIAZEM,TRIAZOLAM
ASPIRIN,DIMETHYL
DIMETHYL,NATALIZUMAB
ASPIRIN,DIOSMIN
DIOSMIN,WARFARIN
ALCOHOL,DISULFIRAM
DISULFIRAM,ISONIAZID
DISULFIRAM,METRONIDAZOLE
DISULFIRAM,PHENYTOIN
AMITRIPTYLINE,DIVALPROEX
ASPIRIN,DIVALPROEX
CARBAMAZEPINE,DIVALPROEX
CLONAZEPAM,DIVALPROEX
DIAZEPAM,DIVALPROEX
DIVALPROEX,FOLIC ACID
DIVALPROEX,IMIPENEM
DIVALPROEX,LAMOTRIGINE
DIVALPROEX,MEROPENEM
DIVALPROEX,METHOTREXATE
DIVALPROEX,NORTRIPTYLINE
DIVALPROEX,PHENOBARBITAL
DIVALPROEX,PHENYTOIN
DIVALPROEX,PROPOFOL
DIVALPROEX,RIFAMPIN
DIVALPROEX,RITONAVIR
DIVALPROEX,TOPIRAMATE
DIVALPROEX,VALPROATE
DIVALPROEX,VALPROIC ACID
DIVALPROEX,WARFARIN
DIVALPROEX,ZIDOVUDINE
DEXTROSE,DOBUTAMINE
ALCOHOL,DOCETAXEL
CISPLATIN,DOCETAXEL
CYCLOPHOSPHAMIDE,DOCETAXEL
DOCETAXEL,DOXORUBICIN
DOCETAXEL,FLUOROURACIL
DOCETAXEL,KETOCONAZOLE
DOCETAXEL,PACLITAXEL
DOCETAXEL,RITONAVIR
ATAZANAVIR,DOLUTEGRAVIR
CALCIUM,DOLUTEGRAVIR
CARBAMAZEPINE,DOLUTEGRAVIR
DALFAMPRIDINE,DOLUTEGRAVIR
DOLUTEGRAVIR,EFAVIRENZ
DOLUTEGRAVIR,ETHINYL ESTRADIOL
DOLUTEGRAVIR,ETRAVIRINE
DOLUTEGRAVIR,FOSAMPRENAVIR
DOLUTEGRAVIR,LAMIVUDINE
DOLUTEGRAVIR,LOPINAVIR
DOLUTEGRAVIR,METFORMIN
DOLUTEGRAVIR,METHADONE
DOLUTEGRAVIR,MIDAZOLAM
DOLUTEGRAVIR,NEVIRAPINE
DOLUTEGRAVIR,OMEPRAZOLE
DOLUTEGRAVIR,OXCARBAZEPINE
DOLUTEGRAVIR,PHENOBARBITAL
DOLUTEGRAVIR,PHENYTOIN
DOLUTEGRAVIR,POTASSIUM
DOLUTEGRAVIR,PREDNISONE
DOLUTEGRAVIR,RIFAMPIN
DOLUTEGRAVIR,RILPIVIRINE
DOLUTEGRAVIR,RITONAVIR
DOLUTEGRAVIR,TENOFOVIR
DONEPEZIL,SUCCINYLCHOLINE
AMITRIPTYLINE,DOPAMINE
DESFLURANE,DOPAMINE
DEXTROSE,DOPAMINE
DOPAMINE,DOXEPIN
DOPAMINE,EPINEPHRINE
DOPAMINE,IMIPRAMINE
DOPAMINE,ISOFLURANE
DOPAMINE,LINEZOLID
DOPAMINE,NOREPINEPHRINE
DOPAMINE,NORTRIPTYLINE
DOPAMINE,RASAGILINE
DOPAMINE,SELEGILINE
DOPAMINE,SEVOFLURANE
DOPAMINE,SODIUM CHLORIDE
DOXAZOSIN,PRAZOSIN
DOXAZOSIN,TERAZOSIN
ALCOHOL,DOXEPIN
CALCIUM,DOXORUBICIN
CYCLOPHOSPHAMIDE,DOXORUBICIN
DOXORUBICIN,MERCAPTOPURINE
DOXORUBICIN,PACLITAXEL
DOXORUBICIN,POTASSIUM
DOXORUBICIN,PREDNISONE
DOXORUBICIN,TRASTUZUMAB
DOXORUBICIN,VINCRISTINE
CALCIUM,DOXYCYCLINE
DOXYCYCLINE,MAGNESIUM
DOXYCYCLINE,PHENYTOIN
ALCOHOL,DRONABINOL
AMIODARONE,DRONABINOL
AMITRIPTYLINE,DRONABINOL
AMOXAPINE,DRONABINOL
AMPHOTERICIN B,DRONABINOL
ATROPINE,DRONABINOL
BUSPIRONE,DRONABINOL
CLARITHROMYCIN,DRONABINOL
CYCLOSPORINE,DRONABINOL
DISULFIRAM,DRONABINOL
DRONABINOL,ERYTHROMYCIN
DRONABINOL,FLUCONAZOLE
DRONABINOL,ITRACONAZOLE
DRONABINOL,KETOCONAZOLE
DRONABINOL,LITHIUM
DRONABINOL,METRONIDAZOLE
DRONABINOL,RITONAVIR
DRONABINOL,WARFARIN
AMIODARONE,DRONEDARONE
CALCIUM,DRONEDARONE
CARBAMAZEPINE,DRONEDARONE
CLARITHROMYCIN,DRONEDARONE
CYCLOSPORINE,DRONEDARONE
DILTIAZEM,DRONEDARONE
DRONEDARONE,ERYTHROMYCIN
DRONEDARONE,ITRACONAZOLE
DRONEDARONE,KETOCONAZOLE
DRONEDARONE,MAGNESIUM
DRONEDARONE,METOPROLOL
DRONEDARONE,NEFAZODONE
DRONEDARONE,NIFEDIPINE
DRONEDARONE,PHENOBARBITAL
DRONEDARONE,PHENYTOIN
DRONEDARONE,POTASSIUM
DRONEDARONE,PROPRANOLOL
DRONEDARONE,RIFAMPIN
DRONEDARONE,RITONAVIR
DRONEDARONE,SIMVASTATIN
DRONEDARONE,SIROLIMUS
DRONEDARONE,TACROLIMUS
DRONEDARONE,TELITHROMYCIN
DRONEDARONE,VERAPAMIL
DRONEDARONE,VORICONAZOLE
DRONEDARONE,WARFARIN
DULAGLUTIDE,GLUCAGON
DULAGLUTIDE,LIRAGLUTIDE
DULAGLUTIDE,WARFARIN
ALCOHOL,DULOXETINE
AMITRIPTYLINE,DULOXETINE
ASPIRIN,DULOXETINE
BUSPIRONE,DULOXETINE
CAFFEINE,DULOXETINE
CIPROFLOXACIN,DULOXETINE
DULOXETINE,FAMOTIDINE
DULOXETINE,FENTANYL
DULOXETINE,FLUOXETINE
DULOXETINE,FLUVOXAMINE
DULOXETINE,IMIPRAMINE
DULOXETINE,LINEZOLID
DULOXETINE,LITHIUM
DULOXETINE,LORAZEPAM
DULOXETINE,MAGNESIUM
DULOXETINE,MEPERIDINE
DULOXETINE,METHADONE
DULOXETINE,METHYLENE BLUE
DULOXETINE,NOREPINEPHRINE
DULOXETINE,NORTRIPTYLINE
DULOXETINE,PAROXETINE
DULOXETINE,PROPAFENONE
DULOXETINE,TEMAZEPAM
DULOXETINE,THEOPHYLLINE
DULOXETINE,TRAMADOL
DULOXETINE,WARFARIN
CALCIUM,DURVALUMAB
CARBIMAZOLE,DURVALUMAB
CARBOPLATIN,DURVALUMAB
DURVALUMAB,INFLIXIMAB
DURVALUMAB,MYCOPHENOLATE
DURVALUMAB,PACLITAXEL
DURVALUMAB,PREDNISONE
DURVALUMAB,PROPYLTHIOURACIL
DURVALUMAB,TREMELIMUMAB
CALCIUM,DUTASTERIDE
CHOLESTYRAMINE,DUTASTERIDE
DIGOXIN,DUTASTERIDE
DILTIAZEM,DUTASTERIDE
DUTASTERIDE,FINASTERIDE
DUTASTERIDE,RITONAVIR
DUTASTERIDE,TAMSULOSIN
DUTASTERIDE,TERAZOSIN
DUTASTERIDE,VERAPAMIL
DUTASTERIDE,WARFARIN
ECONAZOLE,WARFARIN
ASPIRIN,EDOXABAN
EDOXABAN,NOREPINEPHRINE
EDOXABAN,RIFAMPIN
EDOXABAN,TRANEXAMIC ACID
EDOXABAN,WARFARIN
ABACAVIR,EFAVIRENZ
ALCOHOL,EFAVIRENZ
ATORVASTATIN,EFAVIRENZ
ATOVAQUONE,EFAVIRENZ
AZITHROMYCIN,EFAVIRENZ
CALCIUM,EFAVIRENZ
CARBAMAZEPINE,EFAVIRENZ
CETIRIZINE,EFAVIRENZ
CYCLOSPORINE,EFAVIRENZ
DILTIAZEM,EFAVIRENZ
EFAVIRENZ,EMTRICITABINE
EFAVIRENZ,ETHINYL ESTRADIOL
EFAVIRENZ,FAMOTIDINE
EFAVIRENZ,FELODIPINE
EFAVIRENZ,FLUCONAZOLE
EFAVIRENZ,FOSAMPRENAVIR
EFAVIRENZ,GLECAPREVIR
EFAVIRENZ,ITRACONAZOLE
EFAVIRENZ,KETOCONAZOLE
EFAVIRENZ,LAMIVUDINE
EFAVIRENZ,LOPINAVIR
EFAVIRENZ,LORAZEPAM
EFAVIRENZ,MAGNESIUM
EFAVIRENZ,MARAVIROC
EFAVIRENZ,METHADONE
EFAVIRENZ,NICARDIPINE
EFAVIRENZ,NIFEDIPINE
EFAVIRENZ,PAROXETINE
EFAVIRENZ,PHENOBARBITAL
EFAVIRENZ,PHENYTOIN
EFAVIRENZ,PIBRENTASVIR
EFAVIRENZ,POSACONAZOLE
EFAVIRENZ,PRAVASTATIN
EFAVIRENZ,RALTEGRAVIR
EFAVIRENZ,RIFAMPIN
EFAVIRENZ,RITONAVIR
EFAVIRENZ,SERTRALINE
EFAVIRENZ,SIMEPREVIR
EFAVIRENZ,SIMVASTATIN
EFAVIRENZ,SIROLIMUS
EFAVIRENZ,SOFOSBUVIR
EFAVIRENZ,TACROLIMUS
EFAVIRENZ,TENOFOVIR
EFAVIRENZ,TENOFOVIR DISOPROXIL
EFAVIRENZ,VELPATASVIR
EFAVIRENZ,VERAPAMIL
EFAVIRENZ,VORICONAZOLE
EFAVIRENZ,WARFARIN
EFAVIRENZ,ZIDOVUDINE
CARBAMAZEPINE,ELEXACAFTOR
CIPROFLOXACIN,ELEXACAFTOR
CLARITHROMYCIN,ELEXACAFTOR
CYCLOSPORINE,ELEXACAFTOR
DIGOXIN,ELEXACAFTOR
ELEXACAFTOR,ERYTHROMYCIN
ELEXACAFTOR,ETHINYL ESTRADIOL
ELEXACAFTOR,EVEROLIMUS
ELEXACAFTOR,FLUCONAZOLE
ELEXACAFTOR,GLIMEPIRIDE
ELEXACAFTOR,GLIPIZIDE
ELEXACAFTOR,GLYBURIDE
ELEXACAFTOR,ITRACONAZOLE
ELEXACAFTOR,IVACAFTOR
ELEXACAFTOR,KETOCONAZOLE
ELEXACAFTOR,PHENOBARBITAL
ELEXACAFTOR,PHENYTOIN
ELEXACAFTOR,POSACONAZOLE
ELEXACAFTOR,REPAGLINIDE
ELEXACAFTOR,RIFAMPIN
ELEXACAFTOR,SIROLIMUS
ELEXACAFTOR,TACROLIMUS
ELEXACAFTOR,TELITHROMYCIN
ELEXACAFTOR,TEZACAFTOR
ELEXACAFTOR,VORICONAZOLE
ELEXACAFTOR,WARFARIN
ATORVASTATIN,ELTROMBOPAG
AZACITIDINE,ELTROMBOPAG
BOSENTAN,ELTROMBOPAG
CALCIUM,ELTROMBOPAG
ELTROMBOPAG,EZETIMIBE
ELTROMBOPAG,FLUVASTATIN
ELTROMBOPAG,GLYBURIDE
ELTROMBOPAG,IMATINIB
ELTROMBOPAG,IRINOTECAN
ELTROMBOPAG,LOPINAVIR
ELTROMBOPAG,MAGNESIUM
ELTROMBOPAG,METHOTREXATE
ELTROMBOPAG,OLMESARTAN
ELTROMBOPAG,PITAVASTATIN
ELTROMBOPAG,PRAVASTATIN
ELTROMBOPAG,REPAGLINIDE
ELTROMBOPAG,RIBAVIRIN
ELTROMBOPAG,RIFAMPIN
ELTROMBOPAG,RITONAVIR
ELTROMBOPAG,ROSUVASTATIN
ELTROMBOPAG,SIMVASTATIN
ELTROMBOPAG,SULFASALAZINE
ELTROMBOPAG,TELAPREVIR
ELTROMBOPAG,VALSARTAN
ACYCLOVIR,ELVITEGRAVIR
ALFUZOSIN,ELVITEGRAVIR
AMIODARONE,ELVITEGRAVIR
AMITRIPTYLINE,ELVITEGRAVIR
AMLODIPINE,ELVITEGRAVIR
APIXABAN,ELVITEGRAVIR
ATORVASTATIN,ELVITEGRAVIR
BETAMETHASONE,ELVITEGRAVIR
BOSENTAN,ELVITEGRAVIR
BUDESONIDE,ELVITEGRAVIR
BUPRENORPHINE,ELVITEGRAVIR
BUPROPION,ELVITEGRAVIR
BUSPIRONE,ELVITEGRAVIR
CALCIUM,ELVITEGRAVIR
CARBAMAZEPINE,ELVITEGRAVIR
CLARITHROMYCIN,ELVITEGRAVIR
CLOPIDOGREL,ELVITEGRAVIR
CLORAZEPATE,ELVITEGRAVIR
COLCHICINE,ELVITEGRAVIR
CYCLOSPORINE,ELVITEGRAVIR
DEXAMETHASONE,ELVITEGRAVIR
DIAZEPAM,ELVITEGRAVIR
DIGOXIN,ELVITEGRAVIR
DILTIAZEM,ELVITEGRAVIR
EDOXABAN,ELVITEGRAVIR
ELVITEGRAVIR,EMTRICITABINE
ELVITEGRAVIR,ESTAZOLAM
ELVITEGRAVIR,ETHINYL ESTRADIOL
ELVITEGRAVIR,FAMCICLOVIR
ELVITEGRAVIR,FAMOTIDINE
ELVITEGRAVIR,FELODIPINE
ELVITEGRAVIR,FENTANYL
ELVITEGRAVIR,FLURAZEPAM
ELVITEGRAVIR,FLUTICASONE
ELVITEGRAVIR,GANCICLOVIR
ELVITEGRAVIR,GENTAMICIN
ELVITEGRAVIR,IMIPRAMINE
ELVITEGRAVIR,ITRACONAZOLE
ELVITEGRAVIR,KETOCONAZOLE
ELVITEGRAVIR,LEDIPASVIR
ELVITEGRAVIR,LIDOCAINE
ELVITEGRAVIR,LOVASTATIN
ELVITEGRAVIR,LURASIDONE
ELVITEGRAVIR,METHADONE
ELVITEGRAVIR,METHYLPREDNISOLONE
ELVITEGRAVIR,METOPROLOL
ELVITEGRAVIR,MIDAZOLAM
ELVITEGRAVIR,NALOXONE
ELVITEGRAVIR,NICARDIPINE
ELVITEGRAVIR,NIFEDIPINE
ELVITEGRAVIR,NORTRIPTYLINE
ELVITEGRAVIR,OMEPRAZOLE
ELVITEGRAVIR,OXCARBAZEPINE
ELVITEGRAVIR,PAROXETINE
ELVITEGRAVIR,PHENOBARBITAL
ELVITEGRAVIR,PHENYTOIN
ELVITEGRAVIR,PRASUGREL
ELVITEGRAVIR,PREDNISOLONE
ELVITEGRAVIR,PREDNISONE
ELVITEGRAVIR,PROPAFENONE
ELVITEGRAVIR,QUETIAPINE
ELVITEGRAVIR,RIFAMPIN
ELVITEGRAVIR,RISPERIDONE
ELVITEGRAVIR,RIVAROXABAN
ELVITEGRAVIR,SALMETEROL
ELVITEGRAVIR,SERTRALINE
ELVITEGRAVIR,SILDENAFIL
ELVITEGRAVIR,SIMVASTATIN
ELVITEGRAVIR,SIROLIMUS
ELVITEGRAVIR,SOFOSBUVIR
ELVITEGRAVIR,TACROLIMUS
ELVITEGRAVIR,TADALAFIL
ELVITEGRAVIR,TELITHROMYCIN
ELVITEGRAVIR,TENOFOVIR
ELVITEGRAVIR,TENOFOVIR ALAFENAMIDE
ELVITEGRAVIR,TENOFOVIR DISOPROXIL
ELVITEGRAVIR,TICAGRELOR
ELVITEGRAVIR,TRAMADOL
ELVITEGRAVIR,TRAZODONE
ELVITEGRAVIR,TRIAZOLAM
ELVITEGRAVIR,VALACYCLOVIR
ELVITEGRAVIR,VALGANCICLOVIR
ELVITEGRAVIR,VELPATASVIR
ELVITEGRAVIR,VERAPAMIL
ELVITEGRAVIR,VORICONAZOLE
ELVITEGRAVIR,WARFARIN
ELVITEGRAVIR,ZOLPIDEM
ACETAZOLAMIDE,EMPAGLIFLOZIN
ALCOHOL,EMPAGLIFLOZIN
CALCIUM,EMPAGLIFLOZIN
DOLUTEGRAVIR,EMPAGLIFLOZIN
EMPAGLIFLOZIN,ISONIAZID
EMPAGLIFLOZIN,LITHIUM
EMPAGLIFLOZIN,METFORMIN
EMPAGLIFLOZIN,PHENYTOIN
EMPAGLIFLOZIN,RANOLAZINE
EMPAGLIFLOZIN,TOPIRAMATE
EMPAGLIFLOZIN,ZONISAMIDE
ACYCLOVIR,EMTRICITABINE
CALCIUM,EMTRICITABINE
CARBAMAZEPINE,EMTRICITABINE
EMTRICITABINE,ETHINYL ESTRADIOL
EMTRICITABINE,GANCICLOVIR
EMTRICITABINE,GENTAMICIN
EMTRICITABINE,LEDIPASVIR
EMTRICITABINE,METFORMIN
EMTRICITABINE,MIDAZOLAM
EMTRICITABINE,OXCARBAZEPINE
EMTRICITABINE,PHENOBARBITAL
EMTRICITABINE,PHENYTOIN
EMTRICITABINE,RIFAMPIN
EMTRICITABINE,SERTRALINE
EMTRICITABINE,SOFOSBUVIR
EMTRICITABINE,TENOFOVIR
EMTRICITABINE,TENOFOVIR DISOPROXIL
EMTRICITABINE,VALACYCLOVIR
EMTRICITABINE,VALGANCICLOVIR
EMTRICITABINE,VELPATASVIR
ALISKIREN,ENALAPRIL
CALCIUM,ENALAPRIL
DIGOXIN,ENALAPRIL
ENALAPRIL,EVEROLIMUS
ENALAPRIL,HYDRALAZINE
ENALAPRIL,INDOMETHACIN
ENALAPRIL,LITHIUM
ENALAPRIL,POTASSIUM
ENALAPRIL,PRAZOSIN
ENALAPRIL,SACUBITRIL
ENALAPRIL,SIROLIMUS
ENALAPRIL,SPIRONOLACTONE
ENALAPRIL,VALSARTAN
CAFFEINE,ENASIDENIB
DEXAMETHASONE,ENASIDENIB
ENASIDENIB,OXYGEN
CETUXIMAB,ENCORAFENIB
DIPYRIDAMOLE,ENOXAPARIN
ENOXAPARIN,HEPARIN
ENOXAPARIN,KETOROLAC
ENOXAPARIN,WARFARIN
ENTACAPONE,WARFARIN
ADEFOVIR DIPIVOXIL,ENTECAVIR
ENTECAVIR,LAMIVUDINE
ENTECAVIR,TENOFOVIR
ENTECAVIR,TENOFOVIR DISOPROXIL
DIGOXIN,ENZALUTAMIDE
ENZALUTAMIDE,GEMFIBROZIL
ENZALUTAMIDE,RIFAMPIN
ATROPINE,EPHEDRINE
CLONIDINE,EPHEDRINE
EPHEDRINE,PHENYLEPHRINE
EPHEDRINE,PROPOFOL
EPHEDRINE,ROCURONIUM
EPHEDRINE,THEOPHYLLINE
CLONIDINE,EPINEPHRINE
EPINEPHRINE,IMIPRAMINE
EPINEPHRINE,LEVOTHYROXINE
EPINEPHRINE,POTASSIUM
EPINEPHRINE,PROPRANOLOL
EPINEPHRINE,THEOPHYLLINE
ALLOPURINOL,EPIRUBICIN
CALCIUM,EPIRUBICIN
DOCETAXEL,EPIRUBICIN
EPIRUBICIN,PACLITAXEL
EPIRUBICIN,POTASSIUM
EPIRUBICIN,TRASTUZUMAB
CLARITHROMYCIN,EPLERENONE
EPLERENONE,ERYTHROMYCIN
EPLERENONE,FLUCONAZOLE
EPLERENONE,ITRACONAZOLE
EPLERENONE,KETOCONAZOLE
EPLERENONE,LITHIUM
EPLERENONE,NEFAZODONE
EPLERENONE,POTASSIUM
EPLERENONE,RITONAVIR
EPLERENONE,SPIRONOLACTONE
EPLERENONE,VERAPAMIL
CARBAMAZEPINE,ERLOTINIB
CIPROFLOXACIN,ERLOTINIB
CLARITHROMYCIN,ERLOTINIB
ERLOTINIB,GEMCITABINE
ERLOTINIB,ITRACONAZOLE
ERLOTINIB,KETOCONAZOLE
ERLOTINIB,LOPINAVIR
ERLOTINIB,NEFAZODONE
ERLOTINIB,OMEPRAZOLE
ERLOTINIB,PHENOBARBITAL
ERLOTINIB,PHENYTOIN
ERLOTINIB,POSACONAZOLE
ERLOTINIB,RANITIDINE
ERLOTINIB,RIFAMPIN
ERLOTINIB,RITONAVIR
ERLOTINIB,TELITHROMYCIN
ERLOTINIB,TERIFLUNOMIDE
ERLOTINIB,VORICONAZOLE
ERLOTINIB,WARFARIN
ASPIRIN,ESCITALOPRAM
BUSPIRONE,ESCITALOPRAM
CARBAMAZEPINE,ESCITALOPRAM
CITALOPRAM,ESCITALOPRAM
ESCITALOPRAM,FENTANYL
ESCITALOPRAM,LINEZOLID
ESCITALOPRAM,LITHIUM
ESCITALOPRAM,MEPERIDINE
ESCITALOPRAM,METHADONE
ESCITALOPRAM,METHYLENE BLUE
ESCITALOPRAM,SUMATRIPTAN
ESCITALOPRAM,TRAMADOL
ESCITALOPRAM,WARFARIN
ALCOHOL,ESTAZOLAM
CARBAMAZEPINE,ESTAZOLAM
DILTIAZEM,ESTAZOLAM
ESTAZOLAM,FLUOXETINE
ESTAZOLAM,FLUVOXAMINE
ESTAZOLAM,ITRACONAZOLE
ESTAZOLAM,KETOCONAZOLE
ESTAZOLAM,NEFAZODONE
ESTAZOLAM,PHENYTOIN
ESTAZOLAM,RIFAMPIN
ALCOHOL,ESZOPICLONE
CLARITHROMYCIN,ESZOPICLONE
ESZOPICLONE,ITRACONAZOLE
ESZOPICLONE,KETOCONAZOLE
ESZOPICLONE,NEFAZODONE
ESZOPICLONE,OLANZAPINE
ESZOPICLONE,RITONAVIR
ESZOPICLONE,ZOPICLONE
ABATACEPT,ETANERCEPT
CYCLOPHOSPHAMIDE,ETANERCEPT
ETANERCEPT,METHOTREXATE
ETANERCEPT,SULFASALAZINE
ACETAMINOPHEN,ETHINYL ESTRADIOL
APREPITANT,ETHINYL ESTRADIOL
ASCORBIC ACID,ETHINYL ESTRADIOL
BOSENTAN,ETHINYL ESTRADIOL
CARBAMAZEPINE,ETHINYL ESTRADIOL
CYCLOSPORINE,ETHINYL ESTRADIOL
DASABUVIR,ETHINYL ESTRADIOL
ETHINYL ESTRADIOL,ETRAVIRINE
ETHINYL ESTRADIOL,FLUCONAZOLE
ETHINYL ESTRADIOL,GLECAPREVIR
ETHINYL ESTRADIOL,ITRACONAZOLE
ETHINYL ESTRADIOL,KETOCONAZOLE
ETHINYL ESTRADIOL,LAMOTRIGINE
ETHINYL ESTRADIOL,LOPINAVIR
ETHINYL ESTRADIOL,MORPHINE
ETHINYL ESTRADIOL,NEVIRAPINE
ETHINYL ESTRADIOL,OMBITASVIR
ETHINYL ESTRADIOL,OXCARBAZEPINE
ETHINYL ESTRADIOL,PARITAPREVIR
ETHINYL ESTRADIOL,PHENYTOIN
ETHINYL ESTRADIOL,PIBRENTASVIR
ETHINYL ESTRADIOL,PREDNISOLONE
ETHINYL ESTRADIOL,RIFAMPIN
ETHINYL ESTRADIOL,RITONAVIR
ETHINYL ESTRADIOL,ROSUVASTATIN
ETHINYL ESTRADIOL,TELAPREVIR
ETHINYL ESTRADIOL,TEMAZEPAM
ETHINYL ESTRADIOL,THEOPHYLLINE
ETHINYL ESTRADIOL,TIZANIDINE
ETHINYL ESTRADIOL,TOPIRAMATE
ETHINYL ESTRADIOL,VORICONAZOLE
AMIODARONE,ETRAVIRINE
ATAZANAVIR,ETRAVIRINE
ATORVASTATIN,ETRAVIRINE
AZITHROMYCIN,ETRAVIRINE
BENZODIAZEPINE,ETRAVIRINE
CARBAMAZEPINE,ETRAVIRINE
CLOPIDOGREL,ETRAVIRINE
CYCLOSPORINE,ETRAVIRINE
DACLATASVIR,ETRAVIRINE
DEXAMETHASONE,ETRAVIRINE
DIAZEPAM,ETRAVIRINE
DIDANOSINE,ETRAVIRINE
DIGOXIN,ETRAVIRINE
EFAVIRENZ,ETRAVIRINE
ENFUVIRTIDE,ETRAVIRINE
ETRAVIRINE,FLUCONAZOLE
ETRAVIRINE,FLUVASTATIN
ETRAVIRINE,FOSAMPRENAVIR
ETRAVIRINE,ITRACONAZOLE
ETRAVIRINE,KETOCONAZOLE
ETRAVIRINE,LIDOCAINE
ETRAVIRINE,LOPINAVIR
ETRAVIRINE,LOVASTATIN
ETRAVIRINE,MARAVIROC
ETRAVIRINE,METHADONE
ETRAVIRINE,NALOXONE
ETRAVIRINE,NEVIRAPINE
ETRAVIRINE,OMEPRAZOLE
ETRAVIRINE,PAROXETINE
ETRAVIRINE,PHENOBARBITAL
ETRAVIRINE,PHENYTOIN
ETRAVIRINE,PITAVASTATIN
ETRAVIRINE,POSACONAZOLE
ETRAVIRINE,PRAVASTATIN
ETRAVIRINE,PROPAFENONE
ETRAVIRINE,RALTEGRAVIR
ETRAVIRINE,RANITIDINE
ETRAVIRINE,RIFAMPIN
ETRAVIRINE,RILPIVIRINE
ETRAVIRINE,RITONAVIR
ETRAVIRINE,ROSUVASTATIN
ETRAVIRINE,SILDENAFIL
ETRAVIRINE,SIMEPREVIR
ETRAVIRINE,SIMVASTATIN
ETRAVIRINE,SIROLIMUS
ETRAVIRINE,TACROLIMUS
ETRAVIRINE,TADALAFIL
ETRAVIRINE,TENOFOVIR
ETRAVIRINE,TENOFOVIR DISOPROXIL
ETRAVIRINE,VORICONAZOLE
ETRAVIRINE,WARFARIN
ALCOHOL,EVEROLIMUS
DEXAMETHASONE,EVEROLIMUS
ACETAMINOPHEN,EXENATIDE
EXENATIDE,GLUCAGON
EXENATIDE,WARFARIN
ALCOHOL,EZETIMIBE
AMIODARONE,EZETIMIBE
AMLODIPINE,EZETIMIBE
CALCIUM,EZETIMIBE
CHOLESTYRAMINE,EZETIMIBE
CLARITHROMYCIN,EZETIMIBE
COBICISTAT,EZETIMIBE
COLCHICINE,EZETIMIBE
CYCLOSPORINE,EZETIMIBE
DANAZOL,EZETIMIBE
DAPTOMYCIN,EZETIMIBE
DIGOXIN,EZETIMIBE
DILTIAZEM,EZETIMIBE
DRONEDARONE,EZETIMIBE
ERYTHROMYCIN,EZETIMIBE
EZETIMIBE,FENOFIBRATE
EZETIMIBE,FENOFIBRIC ACID
EZETIMIBE,GEMFIBROZIL
EZETIMIBE,ITRACONAZOLE
EZETIMIBE,KETOCONAZOLE
EZETIMIBE,NEFAZODONE
EZETIMIBE,NIACIN
EZETIMIBE,POSACONAZOLE
EZETIMIBE,RANOLAZINE
EZETIMIBE,SIMVASTATIN
EZETIMIBE,TELAPREVIR
EZETIMIBE,TELITHROMYCIN
EZETIMIBE,VERAPAMIL
EZETIMIBE,VORICONAZOLE
EZETIMIBE,WARFARIN
ALLOPURINOL,FAMCICLOVIR
DIGOXIN,FAMCICLOVIR
EMTRICITABINE,FAMCICLOVIR
FAMCICLOVIR,MAGNESIUM
FAMCICLOVIR,PROBENECID
FAMCICLOVIR,PROMETHAZINE
FAMCICLOVIR,THEOPHYLLINE
FAMCICLOVIR,ZIDOVUDINE
DASATINIB,FAMOTIDINE
ERLOTINIB,FAMOTIDINE
FAMOTIDINE,FOSAMPRENAVIR
FAMOTIDINE,ITRACONAZOLE
FAMOTIDINE,KETOCONAZOLE
FAMOTIDINE,LEDIPASVIR
FAMOTIDINE,NILOTINIB
FAMOTIDINE,RILPIVIRINE
FAMOTIDINE,SOFOSBUVIR
FAMOTIDINE,TIZANIDINE
ALLOPURINOL,FEBUXOSTAT
ASPIRIN,FEBUXOSTAT
COLCHICINE,FEBUXOSTAT
FEBUXOSTAT,HYDROCHLOROTHIAZIDE
FEBUXOSTAT,INDOMETHACIN
FEBUXOSTAT,MERCAPTOPURINE
FEBUXOSTAT,NAPROXEN
FEBUXOSTAT,THEOPHYLLINE
FEBUXOSTAT,WARFARIN
DIGOXIN,FELODIPINE
ERYTHROMYCIN,FELODIPINE
FELODIPINE,INDOMETHACIN
FELODIPINE,ITRACONAZOLE
FELODIPINE,KETOCONAZOLE
FELODIPINE,METOPROLOL
FELODIPINE,PHENOBARBITAL
FELODIPINE,PHENYTOIN
FELODIPINE,SPIRONOLACTONE
FELODIPINE,TACROLIMUS
CYCLOSPORINE,FENOFIBRATE
FENOFIBRATE,FENOFIBRIC ACID
FENOFIBRATE,GEMFIBROZIL
FENOFIBRATE,TACROLIMUS
CYCLOSPORINE,FENOFIBRIC ACID
FENOFIBRIC ACID,GEMFIBROZIL
FENOFIBRIC ACID,TACROLIMUS
ALCOHOL,FENTANYL
BENZODIAZEPINE,FENTANYL
BUPRENORPHINE,FENTANYL
CARBAMAZEPINE,FENTANYL
CYCLOBENZAPRINE,FENTANYL
DIAZEPAM,FENTANYL
EPINEPHRINE,FENTANYL
ERYTHROMYCIN,FENTANYL
FENTANYL,KETOCONAZOLE
FENTANYL,LINEZOLID
FENTANYL,METHYLENE BLUE
FENTANYL,MIRTAZAPINE
FENTANYL,NOREPINEPHRINE
FENTANYL,PHENYTOIN
FENTANYL,RIFAMPIN
FENTANYL,RITONAVIR
FENTANYL,TRAMADOL
FENTANYL,TRAZODONE
FERRIC CARBOXYMALTOSE,VITAMINS
FERROUS FUMARATE,FOLIC ACID
FILGRASTIM,PEGFILGRASTIM
ACETAMINOPHEN,FINASTERIDE
CALCIUM,FINASTERIDE
DIGOXIN,FINASTERIDE
FINASTERIDE,PROPRANOLOL
FINASTERIDE,TESTOSTERONE
FINASTERIDE,THEOPHYLLINE
FINASTERIDE,WARFARIN
ATROPINE,FINGOLIMOD
CALCIUM,FINGOLIMOD
CHLORPROMAZINE,FINGOLIMOD
CITALOPRAM,FINGOLIMOD
DIGOXIN,FINGOLIMOD
DILTIAZEM,FINGOLIMOD
ERYTHROMYCIN,FINGOLIMOD
FINGOLIMOD,HALOPERIDOL
FINGOLIMOD,KETOCONAZOLE
FINGOLIMOD,METHADONE
FINGOLIMOD,NATALIZUMAB
FINGOLIMOD,TERIFLUNOMIDE
FINGOLIMOD,VERAPAMIL
CALCIUM,FISH OIL
FISH OIL,MAGNESIUM
FISH OIL,OXYGEN
FISH OIL,POTASSIUM
FISH OIL,THIAMINE
AMIODARONE,FLUCONAZOLE
AMITRIPTYLINE,FLUCONAZOLE
AMLODIPINE,FLUCONAZOLE
ATORVASTATIN,FLUCONAZOLE
AZITHROMYCIN,FLUCONAZOLE
BENZODIAZEPINE,FLUCONAZOLE
CALCIUM,FLUCONAZOLE
CYCLOPHOSPHAMIDE,FLUCONAZOLE
CYCLOSPORINE,FLUCONAZOLE
DICLOFENAC,FLUCONAZOLE
ERYTHROMYCIN,FLUCONAZOLE
FELODIPINE,FLUCONAZOLE
FENTANYL,FLUCONAZOLE
FLUCONAZOLE,FLUVASTATIN
FLUCONAZOLE,GLIPIZIDE
FLUCONAZOLE,GLYBURIDE
FLUCONAZOLE,HYDROCHLOROTHIAZIDE
FLUCONAZOLE,IBRUTINIB
FLUCONAZOLE,IBUPROFEN
FLUCONAZOLE,LOSARTAN
FLUCONAZOLE,MELOXICAM
FLUCONAZOLE,METHADONE
FLUCONAZOLE,MIDAZOLAM
FLUCONAZOLE,NAPROXEN
FLUCONAZOLE,NIFEDIPINE
FLUCONAZOLE,NORTRIPTYLINE
FLUCONAZOLE,PHENYTOIN
FLUCONAZOLE,PREDNISONE
FLUCONAZOLE,RIFAMPIN
FLUCONAZOLE,SIMVASTATIN
FLUCONAZOLE,SIROLIMUS
FLUCONAZOLE,TACROLIMUS
FLUCONAZOLE,THEOPHYLLINE
FLUCONAZOLE,TOFACITINIB
FLUCONAZOLE,TOLVAPTAN
FLUCONAZOLE,TRIAZOLAM
FLUCONAZOLE,VERAPAMIL
FLUCONAZOLE,VINCRISTINE
FLUCONAZOLE,VORICONAZOLE
FLUCONAZOLE,WARFARIN
FLUCONAZOLE,ZIDOVUDINE
ALPRAZOLAM,FLUOXETINE
AMIODARONE,FLUOXETINE
ASPIRIN,FLUOXETINE
BUSPIRONE,FLUOXETINE
CHLORPROMAZINE,FLUOXETINE
ERYTHROMYCIN,FLUOXETINE
FENTANYL,FLUOXETINE
FLUOXETINE,GATIFLOXACIN
FLUOXETINE,HALOPERIDOL
FLUOXETINE,IMIPRAMINE
FLUOXETINE,KETOCONAZOLE
FLUOXETINE,LINEZOLID
FLUOXETINE,LITHIUM
FLUOXETINE,METHADONE
FLUOXETINE,METHYLENE BLUE
FLUOXETINE,MIDAZOLAM
FLUOXETINE,MOXIFLOXACIN
FLUOXETINE,OLANZAPINE
FLUOXETINE,PHENYTOIN
FLUOXETINE,PROPAFENONE
FLUOXETINE,SOTALOL
FLUOXETINE,TACROLIMUS
FLUOXETINE,TRAMADOL
FLUOXETINE,WARFARIN
FLUOXETINE,ZIPRASIDONE
ALCOHOL,FLURAZEPAM
BENZODIAZEPINE,FLURAZEPAM
ALCOHOL,FLUVASTATIN
CYCLOSPORINE,FLUVASTATIN
ERYTHROMYCIN,FLUVASTATIN
FLUVASTATIN,GEMFIBROZIL
FLUVASTATIN,GLYBURIDE
FLUVASTATIN,KETOCONAZOLE
FLUVASTATIN,NIACIN
FLUVASTATIN,PHENYTOIN
FLUVASTATIN,SPIRONOLACTONE
FLUVASTATIN,TESTOSTERONE
FLUVASTATIN,WARFARIN
ALCOHOL,FLUVOXAMINE
AMITRIPTYLINE,FLUVOXAMINE
ASPIRIN,FLUVOXAMINE
ATENOLOL,FLUVOXAMINE
BUSPIRONE,FLUVOXAMINE
DEXTROMETHORPHAN,FLUVOXAMINE
DIGOXIN,FLUVOXAMINE
DILTIAZEM,FLUVOXAMINE
FENTANYL,FLUVOXAMINE
FLUOXETINE,FLUVOXAMINE
FLUVOXAMINE,IMIPRAMINE
FLUVOXAMINE,KETOCONAZOLE
FLUVOXAMINE,LINEZOLID
FLUVOXAMINE,LITHIUM
FLUVOXAMINE,LORAZEPAM
FLUVOXAMINE,MEPERIDINE
FLUVOXAMINE,METHADONE
FLUVOXAMINE,METHYLENE BLUE
FLUVOXAMINE,METOPROLOL
FLUVOXAMINE,MIDAZOLAM
FLUVOXAMINE,NOREPINEPHRINE
FLUVOXAMINE,OMEPRAZOLE
FLUVOXAMINE,OXAZEPAM
FLUVOXAMINE,PAROXETINE
FLUVOXAMINE,PHENYTOIN
FLUVOXAMINE,PROPRANOLOL
FLUVOXAMINE,SERTRALINE
FLUVOXAMINE,SUMATRIPTAN
FLUVOXAMINE,TEMAZEPAM
FLUVOXAMINE,THEOPHYLLINE
FLUVOXAMINE,TIZANIDINE
FLUVOXAMINE,TRAMADOL
FLUVOXAMINE,TRIAZOLAM
FLUVOXAMINE,WARFARIN
DIGOXIN,FONDAPARINUX
FONDAPARINUX,HEPARIN
FONDAPARINUX,PIROXICAM
FONDAPARINUX,WARFARIN
ALBUTEROL,FORMOTEROL
FORMOTEROL,POTASSIUM
FORMOTEROL,SALMETEROL
ABACAVIR,FOSAMPRENAVIR
ALFUZOSIN,FOSAMPRENAVIR
ALPRAZOLAM,FOSAMPRENAVIR
AMIODARONE,FOSAMPRENAVIR
AMITRIPTYLINE,FOSAMPRENAVIR
AMLODIPINE,FOSAMPRENAVIR
ATAZANAVIR,FOSAMPRENAVIR
BENZODIAZEPINE,FOSAMPRENAVIR
BOSENTAN,FOSAMPRENAVIR
CALCIUM,FOSAMPRENAVIR
CARBAMAZEPINE,FOSAMPRENAVIR
CLARITHROMYCIN,FOSAMPRENAVIR
CLORAZEPATE,FOSAMPRENAVIR
CYCLOSPORINE,FOSAMPRENAVIR
DASABUVIR,FOSAMPRENAVIR
DASATINIB,FOSAMPRENAVIR
DEXAMETHASONE,FOSAMPRENAVIR
DIAZEPAM,FOSAMPRENAVIR
DILTIAZEM,FOSAMPRENAVIR
ESOMEPRAZOLE,FOSAMPRENAVIR
ETHINYL ESTRADIOL,FOSAMPRENAVIR
EVEROLIMUS,FOSAMPRENAVIR
FELODIPINE,FOSAMPRENAVIR
FENTANYL,FOSAMPRENAVIR
FLURAZEPAM,FOSAMPRENAVIR
FLUTICASONE,FOSAMPRENAVIR
FOSAMPRENAVIR,IBRUTINIB
FOSAMPRENAVIR,IMIPRAMINE
FOSAMPRENAVIR,ITRACONAZOLE
FOSAMPRENAVIR,KETOCONAZOLE
FOSAMPRENAVIR,LAMIVUDINE
FOSAMPRENAVIR,LANSOPRAZOLE
FOSAMPRENAVIR,LIDOCAINE
FOSAMPRENAVIR,LOPINAVIR
FOSAMPRENAVIR,LOVASTATIN
FOSAMPRENAVIR,LURASIDONE
FOSAMPRENAVIR,MARAVIROC
FOSAMPRENAVIR,METHADONE
FOSAMPRENAVIR,MIDAZOLAM
FOSAMPRENAVIR,NEVIRAPINE
FOSAMPRENAVIR,NICARDIPINE
FOSAMPRENAVIR,NIFEDIPINE
FOSAMPRENAVIR,NILOTINIB
FOSAMPRENAVIR,OMBITASVIR
FOSAMPRENAVIR,OMEPRAZOLE
FOSAMPRENAVIR,PANTOPRAZOLE
FOSAMPRENAVIR,PARITAPREVIR
FOSAMPRENAVIR,PAROXETINE
FOSAMPRENAVIR,PHENOBARBITAL
FOSAMPRENAVIR,PHENYTOIN
FOSAMPRENAVIR,PROPAFENONE
FOSAMPRENAVIR,QUETIAPINE
FOSAMPRENAVIR,RABEPRAZOLE
FOSAMPRENAVIR,RALTEGRAVIR
FOSAMPRENAVIR,RANITIDINE
FOSAMPRENAVIR,RIFAMPIN
FOSAMPRENAVIR,RITONAVIR
FOSAMPRENAVIR,ROSUVASTATIN
FOSAMPRENAVIR,SALMETEROL
FOSAMPRENAVIR,SILDENAFIL
FOSAMPRENAVIR,SIMEPREVIR
FOSAMPRENAVIR,SIMVASTATIN
FOSAMPRENAVIR,SIROLIMUS
FOSAMPRENAVIR,TACROLIMUS
FOSAMPRENAVIR,TADALAFIL
FOSAMPRENAVIR,TENOFOVIR
FOSAMPRENAVIR,TRAZODONE
FOSAMPRENAVIR,TRIAZOLAM
FOSAMPRENAVIR,VERAPAMIL
FOSAMPRENAVIR,WARFARIN
FOSAMPRENAVIR,ZIDOVUDINE
ALISKIREN,FOSINOPRIL
ASPIRIN,FOSINOPRIL
CHLORTHALIDONE,FOSINOPRIL
DIGOXIN,FOSINOPRIL
FOSINOPRIL,HYDROCHLOROTHIAZIDE
FOSINOPRIL,LITHIUM
FOSINOPRIL,MAGNESIUM
FOSINOPRIL,METOCLOPRAMIDE
FOSINOPRIL,NIFEDIPINE
FOSINOPRIL,POTASSIUM
FOSINOPRIL,PROPRANOLOL
FOSINOPRIL,QUINAPRIL
FOSINOPRIL,WARFARIN
ALCOHOL,FOSPHENYTOIN
AMIODARONE,FOSPHENYTOIN
APIXABAN,FOSPHENYTOIN
ATORVASTATIN,FOSPHENYTOIN
CALCIUM,FOSPHENYTOIN
CAPECITABINE,FOSPHENYTOIN
CARBOPLATIN,FOSPHENYTOIN
CHLORDIAZEPOXIDE,FOSPHENYTOIN
CISATRACURIUM,FOSPHENYTOIN
CISPLATIN,FOSPHENYTOIN
CLOZAPINE,FOSPHENYTOIN
CYCLOSPORINE,FOSPHENYTOIN
DIAZEPAM,FOSPHENYTOIN
DIGOXIN,FOSPHENYTOIN
DISULFIRAM,FOSPHENYTOIN
DOXORUBICIN,FOSPHENYTOIN
DOXYCYCLINE,FOSPHENYTOIN
EDOXABAN,FOSPHENYTOIN
EFAVIRENZ,FOSPHENYTOIN
FLUCONAZOLE,FOSPHENYTOIN
FLUOROURACIL,FOSPHENYTOIN
FLUOXETINE,FOSPHENYTOIN
FLUVASTATIN,FOSPHENYTOIN
FLUVOXAMINE,FOSPHENYTOIN
FOLIC ACID,FOSPHENYTOIN
FOSAMPRENAVIR,FOSPHENYTOIN
FOSPHENYTOIN,FUROSEMIDE
FOSPHENYTOIN,IRINOTECAN
FOSPHENYTOIN,ISONIAZID
FOSPHENYTOIN,ITRACONAZOLE
FOSPHENYTOIN,KETOCONAZOLE
FOSPHENYTOIN,LACOSAMIDE
FOSPHENYTOIN,LAMOTRIGINE
FOSPHENYTOIN,LOPINAVIR
FOSPHENYTOIN,METHADONE
FOSPHENYTOIN,METHOTREXATE
FOSPHENYTOIN,METHYLPHENIDATE
FOSPHENYTOIN,MICONAZOLE
FOSPHENYTOIN,NIFEDIPINE
FOSPHENYTOIN,OMEPRAZOLE
FOSPHENYTOIN,OXCARBAZEPINE
FOSPHENYTOIN,PACLITAXEL
FOSPHENYTOIN,PANCURONIUM
FOSPHENYTOIN,PAROXETINE
FOSPHENYTOIN,PHENOBARBITAL
FOSPHENYTOIN,PHENYTOIN
FOSPHENYTOIN,POSACONAZOLE
FOSPHENYTOIN,QUETIAPINE
FOSPHENYTOIN,RIFAMPIN
FOSPHENYTOIN,RITONAVIR
FOSPHENYTOIN,RIVAROXABAN
FOSPHENYTOIN,ROCURONIUM
FOSPHENYTOIN,SERTRALINE
FOSPHENYTOIN,SIMVASTATIN
FOSPHENYTOIN,SULFAMETHOXAZOLE
FOSPHENYTOIN,THEOPHYLLINE
FOSPHENYTOIN,TICAGRELOR
FOSPHENYTOIN,TOPIRAMATE
FOSPHENYTOIN,TRAZODONE
FOSPHENYTOIN,TRIMETHOPRIM
FOSPHENYTOIN,VALPROATE
FOSPHENYTOIN,VALPROIC ACID
FOSPHENYTOIN,VECURONIUM
FOSPHENYTOIN,VERAPAMIL
FOSPHENYTOIN,VORICONAZOLE
FOSPHENYTOIN,WARFARIN
FULVESTRANT,KETOCONAZOLE
FULVESTRANT,RIFAMPIN
CHLORAL,FUROSEMIDE
CISPLATIN,FUROSEMIDE
CYCLOSPORINE,FUROSEMIDE
FUROSEMIDE,INDOMETHACIN
FUROSEMIDE,LITHIUM
FUROSEMIDE,METHOTREXATE
FUROSEMIDE,NOREPINEPHRINE
FUROSEMIDE,PHENYTOIN
FUROSEMIDE,POTASSIUM
FUROSEMIDE,SUCCINYLCHOLINE
BUPRENORPHINE,GABAPENTIN
CARBAMAZEPINE,GABAPENTIN
ETHINYL ESTRADIOL,GABAPENTIN
GABAPENTIN,HYDROCODONE
GABAPENTIN,MAGNESIUM
GABAPENTIN,MORPHINE
GABAPENTIN,NAPROXEN
GABAPENTIN,OXYCODONE
GABAPENTIN,PHENOBARBITAL
GABAPENTIN,PHENYTOIN
GABAPENTIN,PROBENECID
GABAPENTIN,VALPROIC ACID
GALANTAMINE,SUCCINYLCHOLINE
AMPHOTERICIN B,GANCICLOVIR
CYCLOSPORINE,GANCICLOVIR
DIDANOSINE,GANCICLOVIR
DOXORUBICIN,GANCICLOVIR
GANCICLOVIR,IMIPENEM
GANCICLOVIR,MYCOPHENOLATE
GANCICLOVIR,MYCOPHENOLATE MOFETIL
GANCICLOVIR,PROBENECID
GANCICLOVIR,SULFAMETHOXAZOLE
GANCICLOVIR,TACROLIMUS
GANCICLOVIR,TRIMETHOPRIM
GANCICLOVIR,VALGANCICLOVIR
GANCICLOVIR,VINCRISTINE
GANCICLOVIR,ZIDOVUDINE
GEFITINIB,ITRACONAZOLE
GEFITINIB,KETOCONAZOLE
GEFITINIB,PHENYTOIN
GEFITINIB,WARFARIN
DASABUVIR,GEMFIBROZIL
GEMFIBROZIL,REPAGLINIDE
GEMFIBROZIL,SIMVASTATIN
ABACAVIR,GLECAPREVIR
AMLODIPINE,GLECAPREVIR
BUPRENORPHINE,GLECAPREVIR
CAFFEINE,GLECAPREVIR
CARBAMAZEPINE,GLECAPREVIR
CYCLOSPORINE,GLECAPREVIR
DABIGATRAN ETEXILATE,GLECAPREVIR
DEXTROMETHORPHAN,GLECAPREVIR
DIGOXIN,GLECAPREVIR
DOLUTEGRAVIR,GLECAPREVIR
ELVITEGRAVIR,GLECAPREVIR
EMTRICITABINE,GLECAPREVIR
FELODIPINE,GLECAPREVIR
FLUVASTATIN,GLECAPREVIR
GLECAPREVIR,LAMIVUDINE
GLECAPREVIR,LAMOTRIGINE
GLECAPREVIR,LOPINAVIR
GLECAPREVIR,LOSARTAN
GLECAPREVIR,LOVASTATIN
GLECAPREVIR,METHADONE
GLECAPREVIR,MIDAZOLAM
GLECAPREVIR,NALOXONE
GLECAPREVIR,NALTREXONE
GLECAPREVIR,OMEPRAZOLE
GLECAPREVIR,PHENYTOIN
GLECAPREVIR,PIBRENTASVIR
GLECAPREVIR,PITAVASTATIN
GLECAPREVIR,PRAVASTATIN
GLECAPREVIR,RALTEGRAVIR
GLECAPREVIR,RIFAMPIN
GLECAPREVIR,RILPIVIRINE
GLECAPREVIR,RITONAVIR
GLECAPREVIR,ROSUVASTATIN
GLECAPREVIR,SIMVASTATIN
GLECAPREVIR,SOFOSBUVIR
GLECAPREVIR,TACROLIMUS
GLECAPREVIR,TENOFOVIR
GLECAPREVIR,TENOFOVIR ALAFENAMIDE
GLECAPREVIR,TENOFOVIR DISOPROXIL
GLECAPREVIR,VALSARTAN
GLECAPREVIR,WARFARIN
ALBUTEROL,GLIMEPIRIDE
ALCOHOL,GLIMEPIRIDE
CLARITHROMYCIN,GLIMEPIRIDE
CLONIDINE,GLIMEPIRIDE
CLOZAPINE,GLIMEPIRIDE
CYCLOPHOSPHAMIDE,GLIMEPIRIDE
DANAZOL,GLIMEPIRIDE
EPINEPHRINE,GLIMEPIRIDE
FLUCONAZOLE,GLIMEPIRIDE
FLUOXETINE,GLIMEPIRIDE
GLIMEPIRIDE,GLUCAGON
GLIMEPIRIDE,ISONIAZID
GLIMEPIRIDE,MICONAZOLE
GLIMEPIRIDE,OLANZAPINE
GLIMEPIRIDE,PHENYTOIN
GLIMEPIRIDE,PROBENECID
GLIMEPIRIDE,PROPOXYPHENE
GLIMEPIRIDE,RIFAMPIN
GLIMEPIRIDE,SOMATROPIN
CALCIUM,GLIPIZIDE
GLIPIZIDE,ISONIAZID
GLIPIZIDE,MICONAZOLE
GLIPIZIDE,PHENYTOIN
GLIPIZIDE,PROBENECID
GLUCAGON,INDOMETHACIN
GLUCAGON,OXYGEN
GLUCAGON,WARFARIN
BOSENTAN,GLYBURIDE
GLYCOPYRROLATE,POTASSIUM
GLYCOPYRROLATE,POTASSIUM CHLORIDE
ABATACEPT,GOLIMUMAB
AZATHIOPRINE,GOLIMUMAB
CYCLOPHOSPHAMIDE,GOLIMUMAB
CYCLOSPORINE,GOLIMUMAB
GOLIMUMAB,MERCAPTOPURINE
GOLIMUMAB,METHOTREXATE
GOLIMUMAB,RITUXIMAB
GOLIMUMAB,THEOPHYLLINE
GOLIMUMAB,WARFARIN
ALCOHOL,HEPARIN
CELECOXIB,HEPARIN
DIPYRIDAMOLE,HEPARIN
HEPARIN,HYDROXYCHLOROQUINE
HEPARIN,IBUPROFEN
HEPARIN,INDOMETHACIN
HEPARIN,NICOTINE
HEPARIN,NITROGLYCERIN
HEPARIN,POTASSIUM
HEPARIN,WARFARIN
EPINEPHRINE,HUMAN IMMUNOGLOBULIN G
HUMAN IMMUNOGLOBULIN G,OXYGEN
ALCOHOL,HYDROCHLOROTHIAZIDE
ALISKIREN,HYDROCHLOROTHIAZIDE
CHOLESTYRAMINE,HYDROCHLOROTHIAZIDE
DIGOXIN,HYDROCHLOROTHIAZIDE
EPLERENONE,HYDROCHLOROTHIAZIDE
EVEROLIMUS,HYDROCHLOROTHIAZIDE
HYDROCHLOROTHIAZIDE,LISINOPRIL
HYDROCHLOROTHIAZIDE,LITHIUM
HYDROCHLOROTHIAZIDE,LOSARTAN
HYDROCHLOROTHIAZIDE,NOREPINEPHRINE
HYDROCHLOROTHIAZIDE,POTASSIUM
HYDROCHLOROTHIAZIDE,PROPRANOLOL
HYDROCHLOROTHIAZIDE,SACUBITRIL
HYDROCHLOROTHIAZIDE,SIROLIMUS
HYDROCHLOROTHIAZIDE,SPIRONOLACTONE
HYDROCHLOROTHIAZIDE,VALSARTAN
ACETAMINOPHEN,HYDROCODONE
ALCOHOL,HYDROCODONE
CARBAMAZEPINE,HYDROCODONE
CYCLOBENZAPRINE,HYDROCODONE
ERYTHROMYCIN,HYDROCODONE
HYDROCODONE,KETOCONAZOLE
HYDROCODONE,LINEZOLID
HYDROCODONE,METHYLENE BLUE
HYDROCODONE,MIRTAZAPINE
HYDROCODONE,NALOXONE
HYDROCODONE,NOREPINEPHRINE
HYDROCODONE,PHENYTOIN
HYDROCODONE,RIFAMPIN
HYDROCODONE,RITONAVIR
HYDROCODONE,TRAMADOL
HYDROCODONE,TRAZODONE
ALCOHOL,HYDROMORPHONE
BENZODIAZEPINE,HYDROMORPHONE
BUPRENORPHINE,HYDROMORPHONE
CYCLOBENZAPRINE,HYDROMORPHONE
HYDROMORPHONE,LINEZOLID
HYDROMORPHONE,METHYLENE BLUE
HYDROMORPHONE,MIRTAZAPINE
HYDROMORPHONE,NALOXONE
HYDROMORPHONE,NOREPINEPHRINE
HYDROMORPHONE,TRAMADOL
HYDROMORPHONE,TRAZODONE
ALCOHOL,HYDROXYCHLOROQUINE
AMPICILLIN,HYDROXYCHLOROQUINE
CHLOROQUINE,HYDROXYCHLOROQUINE
CYCLOSPORINE,HYDROXYCHLOROQUINE
DIGOXIN,HYDROXYCHLOROQUINE
HYDROXYCHLOROQUINE,METHOTREXATE
HYDROXYCHLOROQUINE,TAMOXIFEN
CETIRIZINE,HYDROXYZINE
ASPIRIN,IBANDRONATE
CALCIUM,IBANDRONATE
IBANDRONATE,MAGNESIUM
IBANDRONATE,RANITIDINE
IBANDRONATE,VITAMINS
IBRUTINIB,POSACONAZOLE
IBRUTINIB,VORICONAZOLE
ALLOPURINOL,IDARUBICIN
ALCOHOL,IFOSFAMIDE
BUSULFAN,IFOSFAMIDE
CISPLATIN,IFOSFAMIDE
IFOSFAMIDE,METHYLENE BLUE
IFOSFAMIDE,POTASSIUM
CALCIUM,IMATINIB
HEPARIN,IMATINIB
IMATINIB,LEVOTHYROXINE
IMATINIB,METHOTREXATE
IMATINIB,NILOTINIB
IMATINIB,WARFARIN
IMIPENEM,PROBENECID
IMIPENEM,VALPROIC ACID
ALCOHOL,IMIPRAMINE
ATROPINE,IMIPRAMINE
IMIPRAMINE,NOREPINEPHRINE
IMIPRAMINE,PAROXETINE
IMIPRAMINE,PHENYTOIN
IMIPRAMINE,PROPAFENONE
IMIPRAMINE,SERTRALINE
INDAPAMIDE,LITHIUM
INDAPAMIDE,NOREPINEPHRINE
ALCOHOL,INDOMETHACIN
ASPIRIN,INDOMETHACIN
CYCLOSPORINE,INDOMETHACIN
DICLOFENAC,INDOMETHACIN
INDOMETHACIN,LITHIUM
INDOMETHACIN,MELOXICAM
INDOMETHACIN,METHOTREXATE
INDOMETHACIN,NOREPINEPHRINE
INDOMETHACIN,PEMETREXED
INDOMETHACIN,POTASSIUM
INDOMETHACIN,PROBENECID
INDOMETHACIN,PROPRANOLOL
INDOMETHACIN,WARFARIN
ABATACEPT,INFLIXIMAB
ACETAMINOPHEN,INFLIXIMAB
AZATHIOPRINE,INFLIXIMAB
CIPROFLOXACIN,INFLIXIMAB
CYCLOSPORINE,INFLIXIMAB
EPINEPHRINE,INFLIXIMAB
ETANERCEPT,INFLIXIMAB
FOLIC ACID,INFLIXIMAB
INFLIXIMAB,MERCAPTOPURINE
INFLIXIMAB,METHOTREXATE
INFLIXIMAB,METRONIDAZOLE
INFLIXIMAB,THEOPHYLLINE
INFLIXIMAB,TOCILIZUMAB
INFLIXIMAB,WARFARIN
ABATACEPT,INFLIXIMAB DYYB
ACETAMINOPHEN,INFLIXIMAB DYYB
AZATHIOPRINE,INFLIXIMAB DYYB
CIPROFLOXACIN,INFLIXIMAB DYYB
CYCLOSPORINE,INFLIXIMAB DYYB
EPINEPHRINE,INFLIXIMAB DYYB
ETANERCEPT,INFLIXIMAB DYYB
FOLIC ACID,INFLIXIMAB DYYB
INFLIXIMAB,INFLIXIMAB DYYB
INFLIXIMAB DYYB,MERCAPTOPURINE
INFLIXIMAB DYYB,METHOTREXATE
INFLIXIMAB DYYB,METRONIDAZOLE
INFLIXIMAB DYYB,THEOPHYLLINE
INFLIXIMAB DYYB,TOCILIZUMAB
INFLIXIMAB DYYB,WARFARIN
ALBUTEROL,INSULIN ASPART
ALCOHOL,INSULIN ASPART
CLONIDINE,INSULIN ASPART
CLOZAPINE,INSULIN ASPART
DANAZOL,INSULIN ASPART
EPINEPHRINE,INSULIN ASPART
FLUOXETINE,INSULIN ASPART
GLUCAGON,INSULIN ASPART
INSULIN ASPART,ISONIAZID
INSULIN ASPART,LITHIUM
INSULIN ASPART,NIACIN
INSULIN ASPART,OCTREOTIDE
INSULIN ASPART,OLANZAPINE
INSULIN ASPART,POTASSIUM
INSULIN ASPART,SOMATROPIN
ALBUTEROL,INSULIN GLARGINE
ALCOHOL,INSULIN GLARGINE
CLONIDINE,INSULIN GLARGINE
CLOZAPINE,INSULIN GLARGINE
DANAZOL,INSULIN GLARGINE
EPINEPHRINE,INSULIN GLARGINE
FLUOXETINE,INSULIN GLARGINE
GLUCAGON,INSULIN GLARGINE
INSULIN GLARGINE,ISONIAZID
INSULIN GLARGINE,LITHIUM
INSULIN GLARGINE,NIACIN
INSULIN GLARGINE,OCTREOTIDE
INSULIN GLARGINE,OLANZAPINE
INSULIN GLARGINE,POTASSIUM
INSULIN GLARGINE,SOMATROPIN
ALBUTEROL,INSULIN GLULISINE
ALCOHOL,INSULIN GLULISINE
CLONIDINE,INSULIN GLULISINE
DANAZOL,INSULIN GLULISINE
EPINEPHRINE,INSULIN GLULISINE
FLUOXETINE,INSULIN GLULISINE
GLUCAGON,INSULIN GLULISINE
INSULIN GLULISINE,ISONIAZID
INSULIN GLULISINE,LITHIUM
INSULIN GLULISINE,NIACIN
INSULIN GLULISINE,OCTREOTIDE
INSULIN GLULISINE,POTASSIUM
INSULIN GLULISINE,SOMATROPIN
ALBUTEROL,INSULIN HUMAN
ALCOHOL,INSULIN HUMAN
CLONIDINE,INSULIN HUMAN
CLOZAPINE,INSULIN HUMAN
DANAZOL,INSULIN HUMAN
EPINEPHRINE,INSULIN HUMAN
FLUOXETINE,INSULIN HUMAN
GLUCAGON,INSULIN HUMAN
INSULIN HUMAN,ISONIAZID
INSULIN HUMAN,LITHIUM
INSULIN HUMAN,NIACIN
INSULIN HUMAN,OCTREOTIDE
INSULIN HUMAN,OLANZAPINE
INSULIN HUMAN,POTASSIUM
INSULIN HUMAN,SOMATROPIN
ALBUTEROL,INSULIN LISPRO
ALCOHOL,INSULIN LISPRO
CLONIDINE,INSULIN LISPRO
CLOZAPINE,INSULIN LISPRO
DANAZOL,INSULIN LISPRO
EPINEPHRINE,INSULIN LISPRO
FLUOXETINE,INSULIN LISPRO
GLUCAGON,INSULIN LISPRO
INSULIN LISPRO,ISONIAZID
INSULIN LISPRO,LITHIUM
INSULIN LISPRO,NIACIN
INSULIN LISPRO,OCTREOTIDE
INSULIN LISPRO,OLANZAPINE
INSULIN LISPRO,POTASSIUM
INSULIN LISPRO,SOMATROPIN
ALCOHOL,INTERFERON BETA 1A
ALCOHOL,INTERFERON BETA 1B
EPINEPHRINE,IODIXANOL
IODIXANOL,METFORMIN
CARBIMAZOLE,IPILIMUMAB
INFLIXIMAB,IPILIMUMAB
IPILIMUMAB,LEVOTHYROXINE
IPILIMUMAB,METHIMAZOLE
IPILIMUMAB,MYCOPHENOLIC ACID
IPILIMUMAB,NIVOLUMAB
IPILIMUMAB,PREDNISONE
IPILIMUMAB,VEMURAFENIB
ALISKIREN,IRBESARTAN
IRBESARTAN,LITHIUM
IRBESARTAN,POTASSIUM
ATROPINE,IRINOTECAN
CARBAMAZEPINE,IRINOTECAN
CLARITHROMYCIN,IRINOTECAN
FLUOROURACIL,IRINOTECAN
GEMFIBROZIL,IRINOTECAN
IRINOTECAN,ITRACONAZOLE
IRINOTECAN,KETOCONAZOLE
IRINOTECAN,LEUCOVORIN
IRINOTECAN,LOPERAMIDE
IRINOTECAN,LOPINAVIR
IRINOTECAN,NEFAZODONE
IRINOTECAN,PHENOBARBITAL
IRINOTECAN,PHENYTOIN
IRINOTECAN,RIFAMPIN
IRINOTECAN,RITONAVIR
IRINOTECAN,TELAPREVIR
IRINOTECAN,VORICONAZOLE
FOLIC ACID,IRON
CALCIUM,ISOFLURANE
DANTROLENE,ISOFLURANE
FENTANYL,ISOFLURANE
ISOFLURANE,OXYGEN
ISOFLURANE,PANCURONIUM
ISOFLURANE,POTASSIUM
ISOFLURANE,ROCURONIUM
ISOFLURANE,SEVOFLURANE
ISOFLURANE,SUCCINYLCHOLINE
ISOFLURANE,VECURONIUM
ACETAMINOPHEN,ISONIAZID
ISONIAZID,KETOCONAZOLE
ISONIAZID,PHENYTOIN
ISONIAZID,RIFAMPIN
ISONIAZID,THEOPHYLLINE
ISONIAZID,VALPROATE
ALCOHOL,ISOSORBIDE DINITRATE
ISOSORBIDE DINITRATE,SILDENAFIL
ISOSORBIDE DINITRATE,TADALAFIL
ALCOHOL,ISOSORBIDE MONONITRATE
CALCIUM,ISOSORBIDE MONONITRATE
ISOSORBIDE MONONITRATE,SILDENAFIL
ISOSORBIDE MONONITRATE,TADALAFIL
ETHINYL ESTRADIOL,ISOTRETINOIN
ISOTRETINOIN,PHENYTOIN
AXITINIB,ITRACONAZOLE
BORTEZOMIB,ITRACONAZOLE
BOSENTAN,ITRACONAZOLE
BUDESONIDE,ITRACONAZOLE
BUPRENORPHINE,ITRACONAZOLE
BUSPIRONE,ITRACONAZOLE
CALCIUM,ITRACONAZOLE
CARIPRAZINE,ITRACONAZOLE
CILOSTAZOL,ITRACONAZOLE
CIPROFLOXACIN,ITRACONAZOLE
COLCHICINE,ITRACONAZOLE
CRIZOTINIB,ITRACONAZOLE
CYCLOSPORINE,ITRACONAZOLE
DABRAFENIB,ITRACONAZOLE
DACLATASVIR,ITRACONAZOLE
DASABUVIR,ITRACONAZOLE
DASATINIB,ITRACONAZOLE
DEXAMETHASONE,ITRACONAZOLE
DIAZEPAM,ITRACONAZOLE
DILTIAZEM,ITRACONAZOLE
DOCETAXEL,ITRACONAZOLE
DUTASTERIDE,ITRACONAZOLE
ERYTHROMYCIN,ITRACONAZOLE
EVEROLIMUS,ITRACONAZOLE
FENTANYL,ITRACONAZOLE
FLUTICASONE,ITRACONAZOLE
GALANTAMINE,ITRACONAZOLE
GLECAPREVIR,ITRACONAZOLE
HALOPERIDOL,ITRACONAZOLE
IBRUTINIB,ITRACONAZOLE
ISONIAZID,ITRACONAZOLE
ITRACONAZOLE,IVABRADINE
ITRACONAZOLE,IVACAFTOR
ITRACONAZOLE,KETOCONAZOLE
ITRACONAZOLE,LOPERAMIDE
ITRACONAZOLE,LOVASTATIN
ITRACONAZOLE,LUMACAFTOR
ITRACONAZOLE,LURASIDONE
ITRACONAZOLE,MARAVIROC
ITRACONAZOLE,MELOXICAM
ITRACONAZOLE,METHADONE
ITRACONAZOLE,METHYLPREDNISOLONE
ITRACONAZOLE,MIDAZOLAM
ITRACONAZOLE,NEVIRAPINE
ITRACONAZOLE,NILOTINIB
ITRACONAZOLE,OMBITASVIR
ITRACONAZOLE,OXYBUTYNIN
ITRACONAZOLE,OXYCODONE
ITRACONAZOLE,PARITAPREVIR
ITRACONAZOLE,PAZOPANIB
ITRACONAZOLE,PHENOBARBITAL
ITRACONAZOLE,PHENYTOIN
ITRACONAZOLE,PIBRENTASVIR
ITRACONAZOLE,QUETIAPINE
ITRACONAZOLE,QUININE
ITRACONAZOLE,RANOLAZINE
ITRACONAZOLE,REGORAFENIB
ITRACONAZOLE,REPAGLINIDE
ITRACONAZOLE,RISPERIDONE
ITRACONAZOLE,RITONAVIR
ITRACONAZOLE,RIVAROXABAN
ITRACONAZOLE,RUXOLITINIB
ITRACONAZOLE,SALMETEROL
ITRACONAZOLE,SAXAGLIPTIN
ITRACONAZOLE,SILDENAFIL
ITRACONAZOLE,SILODOSIN
ITRACONAZOLE,SIMVASTATIN
ITRACONAZOLE,SIROLIMUS
ITRACONAZOLE,SOLIFENACIN
ITRACONAZOLE,SONIDEGIB
ITRACONAZOLE,SUFENTANIL
ITRACONAZOLE,SUVOREXANT
ITRACONAZOLE,TACROLIMUS
ITRACONAZOLE,TADALAFIL
ITRACONAZOLE,TAMSULOSIN
ITRACONAZOLE,TENOFOVIR
ITRACONAZOLE,TENOFOVIR DISOPROXIL
ITRACONAZOLE,TICAGRELOR
ITRACONAZOLE,TOLVAPTAN
ITRACONAZOLE,TRABECTEDIN
ITRACONAZOLE,TRASTUZUMAB
ITRACONAZOLE,TRETINOIN
ITRACONAZOLE,TRIAZOLAM
ITRACONAZOLE,VASOPRESSIN
ITRACONAZOLE,VENETOCLAX
ITRACONAZOLE,VENLAFAXINE
ITRACONAZOLE,VERAPAMIL
ITRACONAZOLE,WARFARIN
ITRACONAZOLE,ZOPICLONE
CLARITHROMYCIN,IVABRADINE
IVABRADINE,NEFAZODONE
IVABRADINE,PHENYTOIN
IVABRADINE,TELITHROMYCIN
IVABRADINE,VERAPAMIL
CARBAMAZEPINE,IVACAFTOR
CIPROFLOXACIN,IVACAFTOR
CLARITHROMYCIN,IVACAFTOR
CYCLOSPORINE,IVACAFTOR
DIGOXIN,IVACAFTOR
ERYTHROMYCIN,IVACAFTOR
FLUCONAZOLE,IVACAFTOR
GLIMEPIRIDE,IVACAFTOR
GLIPIZIDE,IVACAFTOR
IVACAFTOR,KETOCONAZOLE
IVACAFTOR,MIDAZOLAM
IVACAFTOR,PHENOBARBITAL
IVACAFTOR,PHENYTOIN
IVACAFTOR,POSACONAZOLE
IVACAFTOR,RIFAMPIN
IVACAFTOR,TACROLIMUS
IVACAFTOR,TELITHROMYCIN
IVACAFTOR,VORICONAZOLE
IVACAFTOR,WARFARIN
CARBAMAZEPINE,IXAZOMIB
DEXAMETHASONE,IXAZOMIB
IXAZOMIB,PHENYTOIN
IXAZOMIB,RIFAMPIN
ALCOHOL,KETAMINE
BENZODIAZEPINE,KETAMINE
KETAMINE,THEOPHYLLINE
KETAMINE,VASOPRESSIN
ASPIRIN,KETOPROFEN
DIGOXIN,KETOPROFEN
FUROSEMIDE,KETOPROFEN
HYDROCHLOROTHIAZIDE,KETOPROFEN
KETOPROFEN,LITHIUM
KETOPROFEN,MAGNESIUM
KETOPROFEN,METHOTREXATE
KETOPROFEN,POTASSIUM
KETOPROFEN,PROBENECID
KETOPROFEN,WARFARIN
ALCOHOL,KETOROLAC
ASPIRIN,KETOROLAC
KETOROLAC,PROBENECID
CALCIUM,LACOSAMIDE
LACOSAMIDE,POTASSIUM
GANCICLOVIR,LAMIVUDINE
LAMIVUDINE,RIBAVIRIN
LAMIVUDINE,ZIDOVUDINE
LAMOTRIGINE,LOPINAVIR
LAMOTRIGINE,PHENOBARBITAL
LAMOTRIGINE,PHENYTOIN
LAMOTRIGINE,RIFAMPIN
LAMOTRIGINE,RITONAVIR
LAMOTRIGINE,VALPROATE
AMOXICILLIN,LANSOPRAZOLE
ATAZANAVIR,LANSOPRAZOLE
CALCIUM,LANSOPRAZOLE
CLARITHROMYCIN,LANSOPRAZOLE
CYANOCOBALAMIN,LANSOPRAZOLE
DASATINIB,LANSOPRAZOLE
ERLOTINIB,LANSOPRAZOLE
ITRACONAZOLE,LANSOPRAZOLE
KETOCONAZOLE,LANSOPRAZOLE
LANSOPRAZOLE,MAGNESIUM
LANSOPRAZOLE,METHOTREXATE
LANSOPRAZOLE,MYCOPHENOLATE
LANSOPRAZOLE,MYCOPHENOLATE MOFETIL
LANSOPRAZOLE,MYCOPHENOLIC ACID
LANSOPRAZOLE,NILOTINIB
LANSOPRAZOLE,RIFAMPIN
LANSOPRAZOLE,RILPIVIRINE
LANSOPRAZOLE,RITONAVIR
LANSOPRAZOLE,TACROLIMUS
LANSOPRAZOLE,THEOPHYLLINE
LANSOPRAZOLE,VORICONAZOLE
LANSOPRAZOLE,WARFARIN
ABACAVIR,LEDIPASVIR
ATAZANAVIR,LEDIPASVIR
CARBAMAZEPINE,LEDIPASVIR
COBICISTAT,LEDIPASVIR
CYCLOSPORINE,LEDIPASVIR
DARUNAVIR,LEDIPASVIR
DIGOXIN,LEDIPASVIR
DOLUTEGRAVIR,LEDIPASVIR
EFAVIRENZ,LEDIPASVIR
LAMIVUDINE,LEDIPASVIR
LEDIPASVIR,LOPINAVIR
LEDIPASVIR,MAGNESIUM
LEDIPASVIR,METHADONE
LEDIPASVIR,MIDAZOLAM
LEDIPASVIR,OMEPRAZOLE
LEDIPASVIR,PHENOBARBITAL
LEDIPASVIR,PHENYTOIN
LEDIPASVIR,PRAVASTATIN
LEDIPASVIR,RALTEGRAVIR
LEDIPASVIR,RIBAVIRIN
LEDIPASVIR,RIFAMPIN
LEDIPASVIR,RILPIVIRINE
LEDIPASVIR,RITONAVIR
LEDIPASVIR,ROSUVASTATIN
LEDIPASVIR,SIMEPREVIR
LEDIPASVIR,SOFOSBUVIR
LEDIPASVIR,TACROLIMUS
LEDIPASVIR,TENOFOVIR
LEDIPASVIR,TENOFOVIR ALAFENAMIDE
LEDIPASVIR,TENOFOVIR DISOPROXIL
LEDIPASVIR,VERAPAMIL
LEDIPASVIR,WARFARIN
ACTIVATED CHARCOAL,LEFLUNOMIDE
ATORVASTATIN,LEFLUNOMIDE
CHOLESTYRAMINE,LEFLUNOMIDE
CIPROFLOXACIN,LEFLUNOMIDE
DULOXETINE,LEFLUNOMIDE
FUROSEMIDE,LEFLUNOMIDE
KETOPROFEN,LEFLUNOMIDE
LEFLUNOMIDE,METHOTREXATE
LEFLUNOMIDE,PACLITAXEL
LEFLUNOMIDE,PIOGLITAZONE
LEFLUNOMIDE,PRAVASTATIN
LEFLUNOMIDE,REPAGLINIDE
LEFLUNOMIDE,RIFAMPIN
LEFLUNOMIDE,ROSIGLITAZONE
LEFLUNOMIDE,ROSUVASTATIN
LEFLUNOMIDE,SIMVASTATIN
LEFLUNOMIDE,TERIFLUNOMIDE
LEFLUNOMIDE,THEOPHYLLINE
LEFLUNOMIDE,TIZANIDINE
LEFLUNOMIDE,WARFARIN
LEFLUNOMIDE,ZIDOVUDINE
CYCLOPHOSPHAMIDE,LENALIDOMIDE
DEXAMETHASONE,LENALIDOMIDE
DIGOXIN,LENALIDOMIDE
LENALIDOMIDE,MELPHALAN
LENALIDOMIDE,PEMBROLIZUMAB
LENALIDOMIDE,RITUXIMAB
LENALIDOMIDE,THALIDOMIDE
LENALIDOMIDE,WARFARIN
CALCIUM,LENVATINIB
DENOSUMAB,LENVATINIB
EVEROLIMUS,LENVATINIB
LENVATINIB,PEMBROLIZUMAB
LENVATINIB,SORAFENIB
LETROZOLE,TAMOXIFEN
LETROZOLE,WARFARIN
FLUOROURACIL,LEUCOVORIN
FOLIC ACID,LEUCOVORIN
LEUCOVORIN,METHOTREXATE
LEUCOVORIN,PHENOBARBITAL
LEUCOVORIN,PHENYTOIN
BUPROPION,LEUPROLIDE
LEUPROLIDE,TESTOSTERONE
DOPAMINE,LEVODOPA
ISONIAZID,LEVODOPA
LEVODOPA,METOCLOPRAMIDE
LEVODOPA,PHENYTOIN
LEVODOPA,RISPERIDONE
LEVODOPA,SELEGILINE
LEVODOPA,TETRABENAZINE
AMIODARONE,LEVOFLOXACIN
CYCLOSPORINE,LEVOFLOXACIN
DIDANOSINE,LEVOFLOXACIN
DIGOXIN,LEVOFLOXACIN
EPINEPHRINE,LEVOFLOXACIN
GLYBURIDE,LEVOFLOXACIN
LEVOFLOXACIN,MAGNESIUM
LEVOFLOXACIN,OXYGEN
LEVOFLOXACIN,PROBENECID
LEVOFLOXACIN,SOTALOL
LEVOFLOXACIN,THEOPHYLLINE
LEVOFLOXACIN,WARFARIN
AMIODARONE,LEVOTHYROXINE
AMITRIPTYLINE,LEVOTHYROXINE
ASPARAGINASE,LEVOTHYROXINE
ASPIRIN,LEVOTHYROXINE
CALCIUM,LEVOTHYROXINE
CALCIUM CARBONATE,LEVOTHYROXINE
CHOLESTYRAMINE,LEVOTHYROXINE
DEXAMETHASONE,LEVOTHYROXINE
FERROUS SULFATE,LEVOTHYROXINE
FLUOROURACIL,LEVOTHYROXINE
FUROSEMIDE,LEVOTHYROXINE
HEPARIN,LEVOTHYROXINE
KETAMINE,LEVOTHYROXINE
LEVOTHYROXINE,MAGNESIUM
LEVOTHYROXINE,MAPROTILINE
LEVOTHYROXINE,METHADONE
LEVOTHYROXINE,PHENOBARBITAL
LEVOTHYROXINE,PHENYTOIN
LEVOTHYROXINE,PROPRANOLOL
LEVOTHYROXINE,RIFAMPIN
LEVOTHYROXINE,SERTRALINE
LEVOTHYROXINE,TAMOXIFEN
ACETAZOLAMIDE,LINAGLIPTIN
ALCOHOL,LINAGLIPTIN
CALCIUM,LINAGLIPTIN
DOLUTEGRAVIR,LINAGLIPTIN
ISONIAZID,LINAGLIPTIN
LINAGLIPTIN,METFORMIN
LINAGLIPTIN,PHENYTOIN
LINAGLIPTIN,RANOLAZINE
LINAGLIPTIN,RIFAMPIN
LINAGLIPTIN,TOPIRAMATE
LINAGLIPTIN,ZONISAMIDE
DOBUTAMINE,LINEZOLID
EPINEPHRINE,LINEZOLID
LINEZOLID,MEPERIDINE
LINEZOLID,NOREPINEPHRINE
LINEZOLID,PSEUDOEPHEDRINE
LINEZOLID,VANCOMYCIN
LIRAGLUTIDE,METFORMIN
AMPHETAMINE,LISDEXAMFETAMINE DIMESYLATE
BUSPIRONE,LISDEXAMFETAMINE DIMESYLATE
DEXTROAMPHETAMINE,LISDEXAMFETAMINE DIMESYLATE
DOPAMINE,LISDEXAMFETAMINE DIMESYLATE
FENTANYL,LISDEXAMFETAMINE DIMESYLATE
LINEZOLID,LISDEXAMFETAMINE DIMESYLATE
LISDEXAMFETAMINE DIMESYLATE,LITHIUM
LISDEXAMFETAMINE DIMESYLATE,METHYLENE BLUE
LISDEXAMFETAMINE DIMESYLATE,NOREPINEPHRINE
LISDEXAMFETAMINE DIMESYLATE,TRAMADOL
ALCOHOL,LISINOPRIL
ALISKIREN,LISINOPRIL
CHOLESTYRAMINE,LISINOPRIL
DIGOXIN,LISINOPRIL
EPLERENONE,LISINOPRIL
EVEROLIMUS,LISINOPRIL
LISINOPRIL,LITHIUM
LISINOPRIL,LOSARTAN
LISINOPRIL,NOREPINEPHRINE
LISINOPRIL,POTASSIUM
LISINOPRIL,PROPRANOLOL
LISINOPRIL,SACUBITRIL
LISINOPRIL,SIROLIMUS
LISINOPRIL,SPIRONOLACTONE
LISINOPRIL,VALSARTAN
ACETAZOLAMIDE,LITHIUM
BUSPIRONE,LITHIUM
CALCIUM,LITHIUM
FENTANYL,LITHIUM
LITHIUM,METRONIDAZOLE
LITHIUM,NOREPINEPHRINE
LITHIUM,PHENYTOIN
LITHIUM,POTASSIUM
LITHIUM,TRAMADOL
ABACAVIR,LOPINAVIR
ABEMACICLIB,LOPINAVIR
ALCOHOL,LOPINAVIR
ALFUZOSIN,LOPINAVIR
AMIODARONE,LOPINAVIR
ATOVAQUONE,LOPINAVIR
AZITHROMYCIN,LOPINAVIR
BETAMETHASONE,LOPINAVIR
BOSENTAN,LOPINAVIR
BUDESONIDE,LOPINAVIR
CALCIUM,LOPINAVIR
CARBAMAZEPINE,LOPINAVIR
CLARITHROMYCIN,LOPINAVIR
COLCHICINE,LOPINAVIR
CYCLOSPORINE,LOPINAVIR
DASABUVIR,LOPINAVIR
DASATINIB,LOPINAVIR
DEXAMETHASONE,LOPINAVIR
DIDANOSINE,LOPINAVIR
DIGOXIN,LOPINAVIR
DISULFIRAM,LOPINAVIR
DRONEDARONE,LOPINAVIR
ENCORAFENIB,LOPINAVIR
ERYTHROMYCIN,LOPINAVIR
FELODIPINE,LOPINAVIR
FENTANYL,LOPINAVIR
FLUCONAZOLE,LOPINAVIR
FLUTICASONE,LOPINAVIR
IBRUTINIB,LOPINAVIR
ITRACONAZOLE,LOPINAVIR
KETOCONAZOLE,LOPINAVIR
LAMIVUDINE,LOPINAVIR
LIDOCAINE,LOPINAVIR
LOPINAVIR,LOVASTATIN
LOPINAVIR,LURASIDONE
LOPINAVIR,MARAVIROC
LOPINAVIR,METHADONE
LOPINAVIR,METHYLPREDNISOLONE
LOPINAVIR,METRONIDAZOLE
LOPINAVIR,MIDAZOLAM
LOPINAVIR,NEVIRAPINE
LOPINAVIR,NICARDIPINE
LOPINAVIR,NIFEDIPINE
LOPINAVIR,NILOTINIB
LOPINAVIR,OMBITASVIR
LOPINAVIR,OMEPRAZOLE
LOPINAVIR,PARITAPREVIR
LOPINAVIR,PHENOBARBITAL
LOPINAVIR,PHENYTOIN
LOPINAVIR,PIBRENTASVIR
LOPINAVIR,PITAVASTATIN
LOPINAVIR,PRAVASTATIN
LOPINAVIR,PREDNISOLONE
LOPINAVIR,PREDNISONE
LOPINAVIR,QUETIAPINE
LOPINAVIR,RALTEGRAVIR
LOPINAVIR,RANITIDINE
LOPINAVIR,RANOLAZINE
LOPINAVIR,RIFAMPIN
LOPINAVIR,RILPIVIRINE
LOPINAVIR,RITONAVIR
LOPINAVIR,RIVAROXABAN
LOPINAVIR,ROSUVASTATIN
LOPINAVIR,SALMETEROL
LOPINAVIR,SILDENAFIL
LOPINAVIR,SIMEPREVIR
LOPINAVIR,SIMVASTATIN
LOPINAVIR,SIROLIMUS
LOPINAVIR,SOFOSBUVIR
LOPINAVIR,SULFAMETHOXAZOLE
LOPINAVIR,TACROLIMUS
LOPINAVIR,TADALAFIL
LOPINAVIR,TENOFOVIR
LOPINAVIR,TENOFOVIR DISOPROXIL
LOPINAVIR,TRAZODONE
LOPINAVIR,TRIAZOLAM
LOPINAVIR,TRIMETHOPRIM
LOPINAVIR,VALPROATE
LOPINAVIR,VELPATASVIR
LOPINAVIR,VENETOCLAX
LOPINAVIR,VINCRISTINE
LOPINAVIR,VORICONAZOLE
LOPINAVIR,WARFARIN
LOPINAVIR,ZIDOVUDINE
ALCOHOL,LORAZEPAM
CLOZAPINE,LORAZEPAM
LORAZEPAM,PROBENECID
LORAZEPAM,THEOPHYLLINE
LORAZEPAM,VALPROATE
ALISKIREN,LOSARTAN
LITHIUM,LOSARTAN
LOSARTAN,POTASSIUM
CYCLOSPORINE,LOVASTATIN
DANAZOL,LOVASTATIN
DIGOXIN,LOVASTATIN
DRONEDARONE,LOVASTATIN
ERYTHROMYCIN,LOVASTATIN
GEMFIBROZIL,LOVASTATIN
GLIPIZIDE,LOVASTATIN
KETOCONAZOLE,LOVASTATIN
LOVASTATIN,NEFAZODONE
LOVASTATIN,NIACIN
LOVASTATIN,POSACONAZOLE
LOVASTATIN,PROPRANOLOL
LOVASTATIN,RANOLAZINE
LOVASTATIN,SPIRONOLACTONE
LOVASTATIN,TELAPREVIR
LOVASTATIN,TELITHROMYCIN
LOVASTATIN,TESTOSTERONE
LOVASTATIN,VERAPAMIL
LOVASTATIN,VORICONAZOLE
LOVASTATIN,WARFARIN
ALCOHOL,LOXAPINE
LORAZEPAM,LOXAPINE
AZITHROMYCIN,LUMACAFTOR
BUDESONIDE,LUMACAFTOR
CALCIUM,LUMACAFTOR
CALCIUM CARBONATE,LUMACAFTOR
CARBAMAZEPINE,LUMACAFTOR
CETIRIZINE,LUMACAFTOR
CIPROFLOXACIN,LUMACAFTOR
CITALOPRAM,LUMACAFTOR
CLARITHROMYCIN,LUMACAFTOR
CYCLOSPORINE,LUMACAFTOR
DIGOXIN,LUMACAFTOR
ERYTHROMYCIN,LUMACAFTOR
ESCITALOPRAM,LUMACAFTOR
ESOMEPRAZOLE,LUMACAFTOR
EVEROLIMUS,LUMACAFTOR
FLUCONAZOLE,LUMACAFTOR
FLUTICASONE,LUMACAFTOR
IBUPROFEN,LUMACAFTOR
IPRATROPIUM,LUMACAFTOR
IVACAFTOR,LUMACAFTOR
KETOCONAZOLE,LUMACAFTOR
LANSOPRAZOLE,LUMACAFTOR
LEVOFLOXACIN,LUMACAFTOR
LUMACAFTOR,METFORMIN
LUMACAFTOR,METHYLPREDNISOLONE
LUMACAFTOR,MIDAZOLAM
LUMACAFTOR,MONTELUKAST
LUMACAFTOR,OMEPRAZOLE
LUMACAFTOR,PHENOBARBITAL
LUMACAFTOR,PHENYTOIN
LUMACAFTOR,POSACONAZOLE
LUMACAFTOR,PREDNISONE
LUMACAFTOR,RANITIDINE
LUMACAFTOR,REPAGLINIDE
LUMACAFTOR,RIFAMPIN
LUMACAFTOR,SALMETEROL
LUMACAFTOR,SERTRALINE
LUMACAFTOR,SIROLIMUS
LUMACAFTOR,SULFAMETHOXAZOLE
LUMACAFTOR,TACROLIMUS
LUMACAFTOR,TELITHROMYCIN
LUMACAFTOR,TIOTROPIUM
LUMACAFTOR,TOBRAMYCIN
LUMACAFTOR,TRIAZOLAM
LUMACAFTOR,TRIMETHOPRIM
LUMACAFTOR,VORICONAZOLE
LUMACAFTOR,WARFARIN
ARIPIPRAZOLE,LURASIDONE
BOSENTAN,LURASIDONE
CARBAMAZEPINE,LURASIDONE
DILTIAZEM,LURASIDONE
DOPAMINE,LURASIDONE
EFAVIRENZ,LURASIDONE
ERYTHROMYCIN,LURASIDONE
ETRAVIRINE,LURASIDONE
FLUCONAZOLE,LURASIDONE
KETOCONAZOLE,LURASIDONE
LITHIUM,LURASIDONE
LURASIDONE,MODAFINIL
LURASIDONE,OLANZAPINE
LURASIDONE,PHENYTOIN
LURASIDONE,QUETIAPINE
LURASIDONE,RIFAMPIN
LURASIDONE,RISPERIDONE
LURASIDONE,RITONAVIR
LURASIDONE,VALPROATE
LURASIDONE,VERAPAMIL
LURASIDONE,VORICONAZOLE
ALCOHOL,MAGNESIUM SULFATE
AMLODIPINE,MAGNESIUM SULFATE
AMPHOTERICIN B,MAGNESIUM SULFATE
ATRACURIUM,MAGNESIUM SULFATE
CALCIUM,MAGNESIUM SULFATE
CISATRACURIUM,MAGNESIUM SULFATE
CISPLATIN,MAGNESIUM SULFATE
CYCLOSPORINE,MAGNESIUM SULFATE
DEXTROSE,MAGNESIUM SULFATE
DILTIAZEM,MAGNESIUM SULFATE
FELODIPINE,MAGNESIUM SULFATE
MAGNESIUM,MAGNESIUM SULFATE
MAGNESIUM SULFATE,NICARDIPINE
MAGNESIUM SULFATE,NIFEDIPINE
MAGNESIUM SULFATE,PANCURONIUM
MAGNESIUM SULFATE,PROPOFOL
MAGNESIUM SULFATE,ROCURONIUM
MAGNESIUM SULFATE,SUCCINYLCHOLINE
MAGNESIUM SULFATE,VECURONIUM
MAGNESIUM SULFATE,VERAPAMIL
MARAVIROC,RITONAVIR
ASPIRIN,MEFENAMIC ACID
CYCLOSPORINE,MEFENAMIC ACID
DICLOFENAC,MEFENAMIC ACID
DIGOXIN,MEFENAMIC ACID
FUROSEMIDE,MEFENAMIC ACID
INDOMETHACIN,MEFENAMIC ACID
LITHIUM,MEFENAMIC ACID
MAGNESIUM,MEFENAMIC ACID
MEFENAMIC ACID,MELOXICAM
MEFENAMIC ACID,METHOTREXATE
MEFENAMIC ACID,NOREPINEPHRINE
MEFENAMIC ACID,PEMETREXED
MEFENAMIC ACID,PROPRANOLOL
MEFENAMIC ACID,WARFARIN
ALCOHOL,MELOXICAM
ASPIRIN,MELOXICAM
CYCLOSPORINE,MELOXICAM
FUROSEMIDE,MELOXICAM
LITHIUM,MELOXICAM
MELOXICAM,METHOTREXATE
MELOXICAM,NOREPINEPHRINE
MELOXICAM,PEMETREXED
MELOXICAM,POTASSIUM
MELOXICAM,PROPRANOLOL
MELOXICAM,WARFARIN
CISPLATIN,MELPHALAN
CYCLOSPORINE,MELPHALAN
AMANTADINE,MEMANTINE
DEXTROMETHORPHAN,MEMANTINE
KETAMINE,MEMANTINE
MEMANTINE,SODIUM BICARBONATE
ACYCLOVIR,MEPERIDINE
ALCOHOL,MEPERIDINE
BENZODIAZEPINE,MEPERIDINE
BUPRENORPHINE,MEPERIDINE
CARBAMAZEPINE,MEPERIDINE
CHLORPROMAZINE,MEPERIDINE
CYCLOBENZAPRINE,MEPERIDINE
ERYTHROMYCIN,MEPERIDINE
GABAPENTIN,MEPERIDINE
HYDROCORTISONE,MEPERIDINE
KETOCONAZOLE,MEPERIDINE
MEPERIDINE,METHYLENE BLUE
MEPERIDINE,MIRTAZAPINE
MEPERIDINE,NALMEFENE
MEPERIDINE,NALOXONE
MEPERIDINE,NOREPINEPHRINE
MEPERIDINE,PHENYTOIN
MEPERIDINE,PREDNISOLONE
MEPERIDINE,PREGABALIN
MEPERIDINE,RIFAMPIN
MEPERIDINE,RITONAVIR
MEPERIDINE,TRAMADOL
MEPERIDINE,TRAZODONE
MERCAPTOPURINE,MESALAMINE
MERCAPTOPURINE,METHOTREXATE
MERCAPTOPURINE,SULFAMETHOXAZOLE
MERCAPTOPURINE,SULFASALAZINE
MERCAPTOPURINE,TRIMETHOPRIM
MERCAPTOPURINE,WARFARIN
MEROPENEM,PROBENECID
MEROPENEM,VALPROIC ACID
AZATHIOPRINE,MESALAMINE
MESALAMINE,SULFASALAZINE
ACETAZOLAMIDE,METFORMIN
ALCOHOL,METFORMIN
CALCIUM,METFORMIN
ISONIAZID,METFORMIN
METFORMIN,PHENYTOIN
METFORMIN,RANOLAZINE
METFORMIN,SITAGLIPTIN
METFORMIN,TOPIRAMATE
METFORMIN,ZONISAMIDE
ALCOHOL,METHADONE
BUPRENORPHINE,METHADONE
CALCIUM,METHADONE
CYCLOBENZAPRINE,METHADONE
DIDANOSINE,METHADONE
ERYTHROMYCIN,METHADONE
GABAPENTIN,METHADONE
KETOCONAZOLE,METHADONE
LINEZOLID,METHADONE
METHADONE,METHYLENE BLUE
METHADONE,MIRTAZAPINE
METHADONE,NEVIRAPINE
METHADONE,NOREPINEPHRINE
METHADONE,PHENOBARBITAL
METHADONE,PHENYTOIN
METHADONE,PREGABALIN
METHADONE,RIFAMPIN
METHADONE,RITONAVIR
METHADONE,SERTRALINE
METHADONE,TRAMADOL
METHADONE,TRAZODONE
METHADONE,ZIDOVUDINE
AMPHETAMINE,METHAMPHETAMINE
BUSPIRONE,METHAMPHETAMINE
FENTANYL,METHAMPHETAMINE
LINEZOLID,METHAMPHETAMINE
LITHIUM,METHAMPHETAMINE
METHAMPHETAMINE,METHYLENE BLUE
METHAMPHETAMINE,NOREPINEPHRINE
METHAMPHETAMINE,TRAMADOL
METHIMAZOLE,THEOPHYLLINE
METHIMAZOLE,WARFARIN
ALCOHOL,METHOCARBAMOL
ALCOHOL,METHOTREXATE
ASPIRIN,METHOTREXATE
CYCLOSPORINE,METHOTREXATE
FOLIC ACID,METHOTREXATE
METHOTREXATE,PEMETREXED
METHOTREXATE,PHENYTOIN
METHOTREXATE,PROBENECID
CALCIUM,METHYLPHENIDATE
DESFLURANE,METHYLPHENIDATE
ISOFLURANE,METHYLPHENIDATE
LINEZOLID,METHYLPHENIDATE
METHYLENE BLUE,METHYLPHENIDATE
METHYLPHENIDATE,POTASSIUM
METHYLPHENIDATE,SELEGILINE
METHYLPHENIDATE,SEVOFLURANE
ACETAMINOPHEN,METHYLPREDNISOLONE
AMPHOTERICIN B,METHYLPREDNISOLONE
ASPIRIN,METHYLPREDNISOLONE
CARBAMAZEPINE,METHYLPREDNISOLONE
CHLOROQUINE,METHYLPREDNISOLONE
CHOLESTYRAMINE,METHYLPREDNISOLONE
CYCLOPHOSPHAMIDE,METHYLPREDNISOLONE
CYCLOSPORINE,METHYLPREDNISOLONE
EPINEPHRINE,METHYLPREDNISOLONE
ERYTHROMYCIN,METHYLPREDNISOLONE
HYDROCORTISONE,METHYLPREDNISOLONE
ISONIAZID,METHYLPREDNISOLONE
KETOCONAZOLE,METHYLPREDNISOLONE
LIDOCAINE,METHYLPREDNISOLONE
METHYLENE BLUE,METHYLPREDNISOLONE
METHYLPREDNISOLONE,METOCLOPRAMIDE
METHYLPREDNISOLONE,NITROFURANTOIN
METHYLPREDNISOLONE,NITROGLYCERIN
METHYLPREDNISOLONE,NOREPINEPHRINE
METHYLPREDNISOLONE,OXYGEN
METHYLPREDNISOLONE,PHENOBARBITAL
METHYLPREDNISOLONE,PHENYTOIN
METHYLPREDNISOLONE,POTASSIUM
METHYLPREDNISOLONE,QUININE
METHYLPREDNISOLONE,RIFAMPIN
METHYLPREDNISOLONE,SULFASALAZINE
METHYLPREDNISOLONE,VALPROATE
METHYLPREDNISOLONE,WARFARIN
ACETAMINOPHEN,METOCLOPRAMIDE
ALCOHOL,METOCLOPRAMIDE
CYCLOSPORINE,METOCLOPRAMIDE
CLONIDINE,METOPROLOL
DILTIAZEM,METOPROLOL
EPINEPHRINE,METOPROLOL
FLUOXETINE,METOPROLOL
METOPROLOL,PAROXETINE
METOPROLOL,PROPAFENONE
METOPROLOL,VERAPAMIL
ALCOHOL,METRONIDAZOLE
METRONIDAZOLE,PHENOBARBITAL
METRONIDAZOLE,PHENYTOIN
METRONIDAZOLE,WARFARIN
AMPHOTERICIN B,MICAFUNGIN
CYCLOSPORINE,MICAFUNGIN
FLUCONAZOLE,MICAFUNGIN
ITRACONAZOLE,MICAFUNGIN
MICAFUNGIN,MYCOPHENOLATE
MICAFUNGIN,MYCOPHENOLATE MOFETIL
MICAFUNGIN,NIFEDIPINE
MICAFUNGIN,PREDNISOLONE
MICAFUNGIN,RIFAMPIN
MICAFUNGIN,RITONAVIR
MICAFUNGIN,SIROLIMUS
MICAFUNGIN,TACROLIMUS
MICAFUNGIN,VORICONAZOLE
ALCOHOL,MIDAZOLAM
ATROPINE,MIDAZOLAM
DIAZEPAM,MIDAZOLAM
ERYTHROMYCIN,MIDAZOLAM
FENTANYL,MIDAZOLAM
GLYCOPYRROLATE,MIDAZOLAM
HYDROXYZINE,MIDAZOLAM
KETOCONAZOLE,MIDAZOLAM
LIDOCAINE,MIDAZOLAM
MEPERIDINE,MIDAZOLAM
MIDAZOLAM,MORPHINE
MIDAZOLAM,NIFEDIPINE
MIDAZOLAM,PANCURONIUM
MIDAZOLAM,RANITIDINE
MIDAZOLAM,SUCCINYLCHOLINE
MIDAZOLAM,THIOPENTAL
MIDAZOLAM,VERAPAMIL
ALCOHOL,MILNACIPRAN
ASPIRIN,MILNACIPRAN
BUSPIRONE,MILNACIPRAN
CLOMIPRAMINE,MILNACIPRAN
CLONIDINE,MILNACIPRAN
DIGOXIN,MILNACIPRAN
EPINEPHRINE,MILNACIPRAN
FENTANYL,MILNACIPRAN
LINEZOLID,MILNACIPRAN
LITHIUM,MILNACIPRAN
MEPERIDINE,MILNACIPRAN
METHADONE,MILNACIPRAN
METHYLENE BLUE,MILNACIPRAN
MILNACIPRAN,NOREPINEPHRINE
MILNACIPRAN,TRAMADOL
MILNACIPRAN,WARFARIN
CALCIUM,MINOCYCLINE
ISOTRETINOIN,MINOCYCLINE
MAGNESIUM,MINOCYCLINE
KETOCONAZOLE,MIRABEGRON
MIRABEGRON,RIFAMPIN
MIRABEGRON,SOLIFENACIN
MIRABEGRON,TAMSULOSIN
MIRABEGRON,WARFARIN
ALCOHOL,MIRTAZAPINE
ALPRAZOLAM,MIRTAZAPINE
BUSPIRONE,MIRTAZAPINE
CARBAMAZEPINE,MIRTAZAPINE
DIAZEPAM,MIRTAZAPINE
ITRACONAZOLE,MIRTAZAPINE
LINEZOLID,MIRTAZAPINE
LITHIUM,MIRTAZAPINE
METHYLENE BLUE,MIRTAZAPINE
MIRTAZAPINE,MOXIFLOXACIN
MIRTAZAPINE,NEFAZODONE
MIRTAZAPINE,PHENYTOIN
MIRTAZAPINE,RIFAMPIN
MIRTAZAPINE,RITONAVIR
MIRTAZAPINE,SELEGILINE
MIRTAZAPINE,TRAMADOL
MIRTAZAPINE,WARFARIN
ALCOHOL,MISOPROSTOL
ASPIRIN,MISOPROSTOL
CYCLOSPORINE,MISOPROSTOL
DICLOFENAC,MISOPROSTOL
DIGOXIN,MISOPROSTOL
FUROSEMIDE,MISOPROSTOL
LITHIUM,MISOPROSTOL
MAGNESIUM,MISOPROSTOL
METHOTREXATE,MISOPROSTOL
MISOPROSTOL,NOREPINEPHRINE
MISOPROSTOL,PEMETREXED
MISOPROSTOL,POTASSIUM
MISOPROSTOL,PROPRANOLOL
MISOPROSTOL,RIFAMPIN
MISOPROSTOL,WARFARIN
CLOMIPRAMINE,MODAFINIL
CYCLOSPORINE,MODAFINIL
DIAZEPAM,MODAFINIL
ETHINYL ESTRADIOL,MODAFINIL
MIDAZOLAM,MODAFINIL
MODAFINIL,OMEPRAZOLE
MODAFINIL,PHENYTOIN
MODAFINIL,PROPRANOLOL
MODAFINIL,TRIAZOLAM
MODAFINIL,WARFARIN
ASPIRIN,MONTELUKAST
DIGOXIN,MONTELUKAST
GEMFIBROZIL,MONTELUKAST
ITRACONAZOLE,MONTELUKAST
MONTELUKAST,PREDNISOLONE
MONTELUKAST,PREDNISONE
MONTELUKAST,THEOPHYLLINE
MONTELUKAST,WARFARIN
ALCOHOL,MORPHINE
BENZODIAZEPINE,MORPHINE
BUPRENORPHINE,MORPHINE
CYCLOBENZAPRINE,MORPHINE
LINEZOLID,MORPHINE
METHYLENE BLUE,MORPHINE
MIRTAZAPINE,MORPHINE
MORPHINE,NALOXONE
MORPHINE,NOREPINEPHRINE
MORPHINE,TRAMADOL
MORPHINE,TRAZODONE
MORPHINE,VERAPAMIL
AMIODARONE,MOXIFLOXACIN
DIDANOSINE,MOXIFLOXACIN
ERYTHROMYCIN,MOXIFLOXACIN
MAGNESIUM,MOXIFLOXACIN
MOXIFLOXACIN,SOTALOL
MOXIFLOXACIN,WARFARIN
ACYCLOVIR,MYCOPHENOLATE
CALCIUM,MYCOPHENOLATE
CHOLESTYRAMINE,MYCOPHENOLATE
CYCLOSPORINE,MYCOPHENOLATE
MAGNESIUM,MYCOPHENOLATE
MYCOPHENOLATE,MYCOPHENOLATE MOFETIL
MYCOPHENOLATE,MYCOPHENOLIC ACID
MYCOPHENOLATE,PANTOPRAZOLE
MYCOPHENOLATE,PROBENECID
MYCOPHENOLATE,RIFAMPIN
MYCOPHENOLATE,SULFAMETHOXAZOLE
MYCOPHENOLATE,TELMISARTAN
MYCOPHENOLATE,TRIMETHOPRIM
MYCOPHENOLATE,VALACYCLOVIR
MYCOPHENOLATE,VALGANCICLOVIR
ACYCLOVIR,MYCOPHENOLATE MOFETIL
CALCIUM,MYCOPHENOLATE MOFETIL
CHOLESTYRAMINE,MYCOPHENOLATE MOFETIL
CYCLOSPORINE,MYCOPHENOLATE MOFETIL
MAGNESIUM,MYCOPHENOLATE MOFETIL
MYCOPHENOLATE MOFETIL,MYCOPHENOLIC ACID
MYCOPHENOLATE MOFETIL,PANTOPRAZOLE
MYCOPHENOLATE MOFETIL,PROBENECID
MYCOPHENOLATE MOFETIL,RIFAMPIN
MYCOPHENOLATE MOFETIL,SULFAMETHOXAZOLE
MYCOPHENOLATE MOFETIL,TELMISARTAN
MYCOPHENOLATE MOFETIL,TRIMETHOPRIM
MYCOPHENOLATE MOFETIL,VALACYCLOVIR
MYCOPHENOLATE MOFETIL,VALGANCICLOVIR
ACTIVATED CHARCOAL,MYCOPHENOLIC ACID
ACYCLOVIR,MYCOPHENOLIC ACID
AMOXICILLIN,MYCOPHENOLIC ACID
AZATHIOPRINE,MYCOPHENOLIC ACID
CALCIUM,MYCOPHENOLIC ACID
CHOLESTYRAMINE,MYCOPHENOLIC ACID
CIPROFLOXACIN,MYCOPHENOLIC ACID
CLAVULANIC ACID,MYCOPHENOLIC ACID
CYCLOSPORINE,MYCOPHENOLIC ACID
GANCICLOVIR,MYCOPHENOLIC ACID
MAGNESIUM,MYCOPHENOLIC ACID
METRONIDAZOLE,MYCOPHENOLIC ACID
MYCOPHENOLIC ACID,NORFLOXACIN
MYCOPHENOLIC ACID,PANTOPRAZOLE
MYCOPHENOLIC ACID,RIFAMPIN
MYCOPHENOLIC ACID,VALACYCLOVIR
MYCOPHENOLIC ACID,VALGANCICLOVIR
ALCOHOL,NALOXONE
CYCLOBENZAPRINE,NALOXONE
LINEZOLID,NALOXONE
METHYLENE BLUE,NALOXONE
MIRTAZAPINE,NALOXONE
NALOXONE,NOREPINEPHRINE
NALOXONE,TRAMADOL
NALOXONE,TRAZODONE
BUPRENORPHINE,NALTREXONE
DISULFIRAM,NALTREXONE
METHADONE,NALTREXONE
NALOXONE,NALTREXONE
ALCOHOL,NAPROXEN
ASPIRIN,NAPROXEN
CHOLESTYRAMINE,NAPROXEN
CYCLOSPORINE,NAPROXEN
DICLOFENAC,NAPROXEN
DIGOXIN,NAPROXEN
FUROSEMIDE,NAPROXEN
INDOMETHACIN,NAPROXEN
LITHIUM,NAPROXEN
MAGNESIUM,NAPROXEN
MAGNESIUM OXIDE,NAPROXEN
MELOXICAM,NAPROXEN
METHOTREXATE,NAPROXEN
NAPROXEN,NOREPINEPHRINE
NAPROXEN,PEMETREXED
NAPROXEN,POTASSIUM
NAPROXEN,PROBENECID
NAPROXEN,PROPRANOLOL
NAPROXEN,WARFARIN
AZATHIOPRINE,NATALIZUMAB
CYCLOPHOSPHAMIDE,NATALIZUMAB
CYCLOSPORINE,NATALIZUMAB
MERCAPTOPURINE,NATALIZUMAB
METHOTREXATE,NATALIZUMAB
MYCOPHENOLATE,NATALIZUMAB
MYCOPHENOLATE MOFETIL,NATALIZUMAB
CALCIUM,NEBIVOLOL
CLONIDINE,NEBIVOLOL
DILTIAZEM,NEBIVOLOL
DOBUTAMINE,NEBIVOLOL
EPINEPHRINE,NEBIVOLOL
FLUOXETINE,NEBIVOLOL
NEBIVOLOL,PAROXETINE
NEBIVOLOL,PROPAFENONE
NEBIVOLOL,VERAPAMIL
ALCOHOL,NEFAZODONE
ATORVASTATIN,NEFAZODONE
BUSPIRONE,NEFAZODONE
CYCLOSPORINE,NEFAZODONE
DEXTROMETHORPHAN,NEFAZODONE
FLUOXETINE,NEFAZODONE
FLUVASTATIN,NEFAZODONE
HALOPERIDOL,NEFAZODONE
LITHIUM,NEFAZODONE
LORAZEPAM,NEFAZODONE
NEFAZODONE,PHENYTOIN
NEFAZODONE,PRAVASTATIN
NEFAZODONE,PROPRANOLOL
NEFAZODONE,SIMVASTATIN
NEFAZODONE,TACROLIMUS
NEFAZODONE,THEOPHYLLINE
NEFAZODONE,TRIAZOLAM
NEFAZODONE,WARFARIN
ALLOPURINOL,NELARABINE
AMIODARONE,NEVIRAPINE
AZITHROMYCIN,NEVIRAPINE
CALCIUM,NEVIRAPINE
CARBAMAZEPINE,NEVIRAPINE
CLONAZEPAM,NEVIRAPINE
CYCLOPHOSPHAMIDE,NEVIRAPINE
CYCLOSPORINE,NEVIRAPINE
DILTIAZEM,NEVIRAPINE
EFAVIRENZ,NEVIRAPINE
FENTANYL,NEVIRAPINE
FLUCONAZOLE,NEVIRAPINE
KETOCONAZOLE,NEVIRAPINE
LIDOCAINE,NEVIRAPINE
NEVIRAPINE,NIFEDIPINE
NEVIRAPINE,PREDNISONE
NEVIRAPINE,RIFAMPIN
NEVIRAPINE,RILPIVIRINE
NEVIRAPINE,RITONAVIR
NEVIRAPINE,SIROLIMUS
NEVIRAPINE,TACROLIMUS
NEVIRAPINE,VERAPAMIL
NEVIRAPINE,WARFARIN
CALCIUM,NICARDIPINE
CYCLOSPORINE,NICARDIPINE
DIGOXIN,NICARDIPINE
DIPYRIDAMOLE,NICARDIPINE
FENTANYL,NICARDIPINE
FUROSEMIDE,NICARDIPINE
NAPROXEN,NICARDIPINE
NICARDIPINE,OXYGEN
NICARDIPINE,PROPRANOLOL
NICARDIPINE,TACROLIMUS
NICARDIPINE,WARFARIN
CALCIUM,NILOTINIB
MAGNESIUM,NILOTINIB
ABEMACICLIB,NIRMATRELVIR
ALFUZOSIN,NIRMATRELVIR
ALISKIREN,NIRMATRELVIR
AMIODARONE,NIRMATRELVIR
AMLODIPINE,NIRMATRELVIR
APIXABAN,NIRMATRELVIR
ARIPIPRAZOLE,NIRMATRELVIR
ATAZANAVIR,NIRMATRELVIR
ATORVASTATIN,NIRMATRELVIR
BETAMETHASONE,NIRMATRELVIR
BICTEGRAVIR,NIRMATRELVIR
BOSENTAN,NIRMATRELVIR
BREXPIPRAZOLE,NIRMATRELVIR
BUDESONIDE,NIRMATRELVIR
BUPROPION,NIRMATRELVIR
BUSPIRONE,NIRMATRELVIR
CALCIUM,NIRMATRELVIR
CARBAMAZEPINE,NIRMATRELVIR
CARIPRAZINE,NIRMATRELVIR
CILOSTAZOL,NIRMATRELVIR
CLARITHROMYCIN,NIRMATRELVIR
CLONAZEPAM,NIRMATRELVIR
CLOPIDOGREL,NIRMATRELVIR
CLORAZEPATE,NIRMATRELVIR
CLOZAPINE,NIRMATRELVIR
COBICISTAT,NIRMATRELVIR
COLCHICINE,NIRMATRELVIR
CYCLOSPORINE,NIRMATRELVIR
DARUNAVIR,NIRMATRELVIR
DASABUVIR,NIRMATRELVIR
DASATINIB,NIRMATRELVIR
DEXAMETHASONE,NIRMATRELVIR
DIAZEPAM,NIRMATRELVIR
DIGOXIN,NIRMATRELVIR
DILTIAZEM,NIRMATRELVIR
DRONEDARONE,NIRMATRELVIR
EFAVIRENZ,NIRMATRELVIR
ELEXACAFTOR,NIRMATRELVIR
EMTRICITABINE,NIRMATRELVIR
ENCORAFENIB,NIRMATRELVIR
ENZALUTAMIDE,NIRMATRELVIR
EPLERENONE,NIRMATRELVIR
ERYTHROMYCIN,NIRMATRELVIR
ESTAZOLAM,NIRMATRELVIR
ETHINYL ESTRADIOL,NIRMATRELVIR
EVEROLIMUS,NIRMATRELVIR
FELODIPINE,NIRMATRELVIR
FENTANYL,NIRMATRELVIR
FLURAZEPAM,NIRMATRELVIR
FLUTICASONE,NIRMATRELVIR
GLECAPREVIR,NIRMATRELVIR
HYDROCODONE,NIRMATRELVIR
IBRUTINIB,NIRMATRELVIR
ITRACONAZOLE,NIRMATRELVIR
IVABRADINE,NIRMATRELVIR
IVACAFTOR,NIRMATRELVIR
KETOCONAZOLE,NIRMATRELVIR
LIDOCAINE,NIRMATRELVIR
LOVASTATIN,NIRMATRELVIR
LUMACAFTOR,NIRMATRELVIR
LURASIDONE,NIRMATRELVIR
MARAVIROC,NIRMATRELVIR
MEPERIDINE,NIRMATRELVIR
METHADONE,NIRMATRELVIR
METHYLPREDNISOLONE,NIRMATRELVIR
MIDAZOLAM,NIRMATRELVIR
NEVIRAPINE,NIRMATRELVIR
NICARDIPINE,NIRMATRELVIR
NIFEDIPINE,NIRMATRELVIR
NILOTINIB,NIRMATRELVIR
NIRMATRELVIR,OMBITASVIR
NIRMATRELVIR,OXYCODONE
NIRMATRELVIR,PARITAPREVIR
NIRMATRELVIR,PHENOBARBITAL
NIRMATRELVIR,PHENYTOIN
NIRMATRELVIR,PIBRENTASVIR
NIRMATRELVIR,PIMAVANSERIN
NIRMATRELVIR,PREDNISOLONE
NIRMATRELVIR,PREDNISONE
NIRMATRELVIR,PROPAFENONE
NIRMATRELVIR,QUETIAPINE
NIRMATRELVIR,RANOLAZINE
NIRMATRELVIR,RIFAMPIN
NIRMATRELVIR,RITONAVIR
NIRMATRELVIR,RIVAROXABAN
NIRMATRELVIR,SALMETEROL
NIRMATRELVIR,SAXAGLIPTIN
NIRMATRELVIR,SILDENAFIL
NIRMATRELVIR,SILODOSIN
NIRMATRELVIR,SIMVASTATIN
NIRMATRELVIR,SIROLIMUS
NIRMATRELVIR,SOFOSBUVIR
NIRMATRELVIR,SUVOREXANT
NIRMATRELVIR,TACROLIMUS
NIRMATRELVIR,TADALAFIL
NIRMATRELVIR,TAMSULOSIN
NIRMATRELVIR,TENOFOVIR
NIRMATRELVIR,TEZACAFTOR
NIRMATRELVIR,TICAGRELOR
NIRMATRELVIR,TOFACITINIB
NIRMATRELVIR,TOLVAPTAN
NIRMATRELVIR,TRAZODONE
NIRMATRELVIR,TRIAZOLAM
NIRMATRELVIR,UPADACITINIB
NIRMATRELVIR,VASOPRESSIN
NIRMATRELVIR,VELPATASVIR
NIRMATRELVIR,VENETOCLAX
NIRMATRELVIR,VERAPAMIL
NIRMATRELVIR,VINCRISTINE
NIRMATRELVIR,VORICONAZOLE
NIRMATRELVIR,WARFARIN
NIRMATRELVIR,ZIDOVUDINE
NIRMATRELVIR,ZOLPIDEM
MAGNESIUM,NITROFURANTOIN
NITROFURANTOIN,PROBENECID
ASPIRIN,NITROGLYCERIN
NITROGLYCERIN,SILDENAFIL
NITROGLYCERIN,TADALAFIL
DEXAMETHASONE,NIVOLUMAB
NIVOLUMAB,PREDNISONE
NIVOLUMAB,THALIDOMIDE
AMITRIPTYLINE,NOREPINEPHRINE
CALCIUM,NOREPINEPHRINE
CLOMIPRAMINE,NOREPINEPHRINE
DESFLURANE,NOREPINEPHRINE
ISOFLURANE,NOREPINEPHRINE
NOREPINEPHRINE,NORTRIPTYLINE
NOREPINEPHRINE,SEVOFLURANE
NOREPINEPHRINE,SODIUM CHLORIDE
LINEZOLID,NORTRIPTYLINE
METHYLENE BLUE,NORTRIPTYLINE
ACETAMINOPHEN,OCRELIZUMAB
FINGOLIMOD,OCRELIZUMAB
METHYLPREDNISOLONE,OCRELIZUMAB
NATALIZUMAB,OCRELIZUMAB
OCRELIZUMAB,TERIFLUNOMIDE
CYCLOSPORINE,OCTREOTIDE
GLUCAGON,OCTREOTIDE
ACTIVATED CHARCOAL,OLANZAPINE
ALCOHOL,OLANZAPINE
BIPERIDEN,OLANZAPINE
DIAZEPAM,OLANZAPINE
DOPAMINE,OLANZAPINE
FLUVOXAMINE,OLANZAPINE
IMIPRAMINE,OLANZAPINE
LEVODOPA,OLANZAPINE
LITHIUM,OLANZAPINE
MAGNESIUM,OLANZAPINE
OLANZAPINE,OMEPRAZOLE
OLANZAPINE,RIFAMPIN
OLANZAPINE,THEOPHYLLINE
OLANZAPINE,VALPROATE
OLANZAPINE,WARFARIN
ALISKIREN,OLMESARTAN
CALCIUM,OLMESARTAN
CHOLESTYRAMINE,OLMESARTAN
HYDROCHLOROTHIAZIDE,OLMESARTAN
LITHIUM,OLMESARTAN
OLMESARTAN,OLMESARTAN MEDOXOMIL
OLMESARTAN,POTASSIUM
ALISKIREN,OLMESARTAN MEDOXOMIL
CALCIUM,OLMESARTAN MEDOXOMIL
CHOLESTYRAMINE,OLMESARTAN MEDOXOMIL
HYDROCHLOROTHIAZIDE,OLMESARTAN MEDOXOMIL
LITHIUM,OLMESARTAN MEDOXOMIL
OLMESARTAN MEDOXOMIL,POTASSIUM
LIDOCAINE,ONABOTULINUMTOXINA
ATRACURIUM,ONDANSETRON
CARBAMAZEPINE,ONDANSETRON
CISPLATIN,ONDANSETRON
ETOPOSIDE,ONDANSETRON
FENTANYL,ONDANSETRON
LITHIUM,ONDANSETRON
METHOTREXATE,ONDANSETRON
METHYLENE BLUE,ONDANSETRON
MIRTAZAPINE,ONDANSETRON
NOREPINEPHRINE,ONDANSETRON
ONDANSETRON,PHENYTOIN
ONDANSETRON,RIFAMPIN
ONDANSETRON,TRAMADOL
ALCOHOL,OPIUM
BENZODIAZEPINE,OPIUM
BUPRENORPHINE,OPIUM
LINEZOLID,OPIUM
METHYLENE BLUE,OPIUM
MIRTAZAPINE,OPIUM
MORPHINE,OPIUM
NOREPINEPHRINE,OPIUM
OPIUM,TRAMADOL
OPIUM,TRAZODONE
ACETAMINOPHEN,OSELTAMIVIR
AMANTADINE,OSELTAMIVIR
AMOXICILLIN,OSELTAMIVIR
ASPIRIN,OSELTAMIVIR
CALCIUM,OSELTAMIVIR
MAGNESIUM,OSELTAMIVIR
OSELTAMIVIR,WARFARIN
OSIMERTINIB,PEMETREXED
FLUOROURACIL,OXALIPLATIN
LEUCOVORIN,OXALIPLATIN
OXCARBAZEPINE,PHENOBARBITAL
OXCARBAZEPINE,PHENYTOIN
OXCARBAZEPINE,RIFAMPIN
OXCARBAZEPINE,VALPROATE
CLARITHROMYCIN,OXYBUTYNIN
ERYTHROMYCIN,OXYBUTYNIN
KETOCONAZOLE,OXYBUTYNIN
METOCLOPRAMIDE,OXYBUTYNIN
MICONAZOLE,OXYBUTYNIN
ALCOHOL,OXYCODONE
BENZODIAZEPINE,OXYCODONE
BUPRENORPHINE,OXYCODONE
CARBAMAZEPINE,OXYCODONE
CYCLOBENZAPRINE,OXYCODONE
ERYTHROMYCIN,OXYCODONE
KETOCONAZOLE,OXYCODONE
LINEZOLID,OXYCODONE
METHYLENE BLUE,OXYCODONE
MIRTAZAPINE,OXYCODONE
MORPHINE,OXYCODONE
NALMEFENE,OXYCODONE
NALOXONE,OXYCODONE
NOREPINEPHRINE,OXYCODONE
OXYCODONE,PHENYTOIN
OXYCODONE,PREGABALIN
OXYCODONE,RIFAMPIN
OXYCODONE,RITONAVIR
OXYCODONE,TRAMADOL
OXYCODONE,TRAZODONE
ALCOHOL,OXYMORPHONE
BENZODIAZEPINE,OXYMORPHONE
BUPRENORPHINE,OXYMORPHONE
CYCLOBENZAPRINE,OXYMORPHONE
LINEZOLID,OXYMORPHONE
METHYLENE BLUE,OXYMORPHONE
MIRTAZAPINE,OXYMORPHONE
NALMEFENE,OXYMORPHONE
NALOXONE,OXYMORPHONE
NOREPINEPHRINE,OXYMORPHONE
OXYMORPHONE,TRAMADOL
OXYMORPHONE,TRAZODONE
BUSPIRONE,PACLITAXEL
CARBAMAZEPINE,PACLITAXEL
CISPLATIN,PACLITAXEL
CLARITHROMYCIN,PACLITAXEL
FELODIPINE,PACLITAXEL
GEMFIBROZIL,PACLITAXEL
ITRACONAZOLE,PACLITAXEL
KETOCONAZOLE,PACLITAXEL
LOVASTATIN,PACLITAXEL
MIDAZOLAM,PACLITAXEL
NEFAZODONE,PACLITAXEL
PACLITAXEL,REPAGLINIDE
PACLITAXEL,RIFAMPIN
PACLITAXEL,RITONAVIR
PACLITAXEL,ROSIGLITAZONE
PACLITAXEL,SILDENAFIL
PACLITAXEL,SIMVASTATIN
PACLITAXEL,TELITHROMYCIN
PACLITAXEL,TRIAZOLAM
CARBAMAZEPINE,PALBOCICLIB
CLARITHROMYCIN,PALBOCICLIB
CYCLOSPORINE,PALBOCICLIB
ENZALUTAMIDE,PALBOCICLIB
EVEROLIMUS,PALBOCICLIB
FENTANYL,PALBOCICLIB
FULVESTRANT,PALBOCICLIB
ITRACONAZOLE,PALBOCICLIB
KETOCONAZOLE,PALBOCICLIB
LETROZOLE,PALBOCICLIB
LOPINAVIR,PALBOCICLIB
MIDAZOLAM,PALBOCICLIB
NEFAZODONE,PALBOCICLIB
PALBOCICLIB,PERTUZUMAB
PALBOCICLIB,PHENYTOIN
PALBOCICLIB,POSACONAZOLE
PALBOCICLIB,RIFAMPIN
PALBOCICLIB,RITONAVIR
PALBOCICLIB,SIROLIMUS
PALBOCICLIB,TACROLIMUS
PALBOCICLIB,TELAPREVIR
PALBOCICLIB,TELITHROMYCIN
PALBOCICLIB,TRASTUZUMAB
PALBOCICLIB,VORICONAZOLE
ALCOHOL,PALIPERIDONE
AMIODARONE,PALIPERIDONE
ARIPIPRAZOLE,PALIPERIDONE
CHLORPROMAZINE,PALIPERIDONE
DIVALPROEX,PALIPERIDONE
DOPAMINE,PALIPERIDONE
GATIFLOXACIN,PALIPERIDONE
LEVODOPA,PALIPERIDONE
LITHIUM,PALIPERIDONE
MOXIFLOXACIN,PALIPERIDONE
OLANZAPINE,PALIPERIDONE
PALIPERIDONE,PAROXETINE
PALIPERIDONE,RISPERIDONE
PALIPERIDONE,SOTALOL
PALIPERIDONE,VALPROATE
FENTANYL,PALONOSETRON
LITHIUM,PALONOSETRON
METHYLENE BLUE,PALONOSETRON
MIRTAZAPINE,PALONOSETRON
NOREPINEPHRINE,PALONOSETRON
PALONOSETRON,TRAMADOL
BEVACIZUMAB,PANITUMUMAB
CETUXIMAB,PANITUMUMAB
IRINOTECAN,PANITUMUMAB
MAGNESIUM,PANITUMUMAB
OXALIPLATIN,PANITUMUMAB
ATAZANAVIR,PANTOPRAZOLE
CALCIUM,PANTOPRAZOLE
DASATINIB,PANTOPRAZOLE
DIGOXIN,PANTOPRAZOLE
ERLOTINIB,PANTOPRAZOLE
ITRACONAZOLE,PANTOPRAZOLE
KETOCONAZOLE,PANTOPRAZOLE
MAGNESIUM,PANTOPRAZOLE
METHOTREXATE,PANTOPRAZOLE
NILOTINIB,PANTOPRAZOLE
PANTOPRAZOLE,RILPIVIRINE
PANTOPRAZOLE,WARFARIN
CALCITRIOL,PARICALCITOL
CALCIUM,PARICALCITOL
CHOLESTYRAMINE,PARICALCITOL
CLARITHROMYCIN,PARICALCITOL
ITRACONAZOLE,PARICALCITOL
KETOCONAZOLE,PARICALCITOL
LOPINAVIR,PARICALCITOL
NEFAZODONE,PARICALCITOL
PARICALCITOL,POSACONAZOLE
PARICALCITOL,RITONAVIR
PARICALCITOL,TELAPREVIR
PARICALCITOL,TELITHROMYCIN
PARICALCITOL,VITAMINS
PARICALCITOL,VORICONAZOLE
ASPIRIN,PAROXETINE
BUSPIRONE,PAROXETINE
CLOPIDOGREL,PAROXETINE
DEXTROMETHORPHAN,PAROXETINE
FENTANYL,PAROXETINE
HEPARIN,PAROXETINE
LINEZOLID,PAROXETINE
LITHIUM,PAROXETINE
MEPERIDINE,PAROXETINE
METHADONE,PAROXETINE
METHYLENE BLUE,PAROXETINE
PAROXETINE,PROPAFENONE
PAROXETINE,RISPERIDONE
PAROXETINE,RITONAVIR
PAROXETINE,SELEGILINE
PAROXETINE,TAMOXIFEN
PAROXETINE,TRAMADOL
PAROXETINE,VENLAFAXINE
PAROXETINE,WARFARIN
BEVACIZUMAB,PAZOPANIB
CALCIUM,PAZOPANIB
ESOMEPRAZOLE,PAZOPANIB
MAGNESIUM,PAZOPANIB
PAZOPANIB,PEMETREXED
PAZOPANIB,POTASSIUM
PAZOPANIB,SIMVASTATIN
ASPARAGINASE,PEGASPARGASE
DEXAMETHASONE,PEGASPARGASE
EPINEPHRINE,PEGASPARGASE
OXYGEN,PEGASPARGASE
ABACAVIR,PEGINTERFERON ALFA 2A
ALCOHOL,PEGINTERFERON ALFA 2A
AZATHIOPRINE,PEGINTERFERON ALFA 2A
DIDANOSINE,PEGINTERFERON ALFA 2A
LAMIVUDINE,PEGINTERFERON ALFA 2A
METHADONE,PEGINTERFERON ALFA 2A
PEGINTERFERON ALFA 2A,RIBAVIRIN
PEGINTERFERON ALFA 2A,TELBIVUDINE
PEGINTERFERON ALFA 2A,THEOPHYLLINE
PEGINTERFERON ALFA 2A,ZIDOVUDINE
DEXAMETHASONE,PEMBROLIZUMAB
PEMBROLIZUMAB,PREDNISONE
PEMBROLIZUMAB,THALIDOMIDE
CISPLATIN,PEMETREXED
FOLIC ACID,PEMETREXED
IBUPROFEN,PEMETREXED
PENICILLIN G BENZATHINE,PROBENECID
ALCOHOL,PERAMPANEL
CARBAMAZEPINE,PERAMPANEL
OXCARBAZEPINE,PERAMPANEL
PERAMPANEL,PHENYTOIN
ALISKIREN,PERINDOPRIL
CYCLOSPORINE,PERINDOPRIL
DIGOXIN,PERINDOPRIL
EPINEPHRINE,PERINDOPRIL
GENTAMICIN,PERINDOPRIL
HEPARIN,PERINDOPRIL
INDOMETHACIN,PERINDOPRIL
LITHIUM,PERINDOPRIL
PERINDOPRIL,PERINDOPRIL ERBUMINE
PERINDOPRIL,POTASSIUM
PERINDOPRIL,SACUBITRIL
PERINDOPRIL,SPIRONOLACTONE
PERINDOPRIL,VALSARTAN
ALISKIREN,PERINDOPRIL ERBUMINE
CYCLOSPORINE,PERINDOPRIL ERBUMINE
DIGOXIN,PERINDOPRIL ERBUMINE
EPINEPHRINE,PERINDOPRIL ERBUMINE
GENTAMICIN,PERINDOPRIL ERBUMINE
HEPARIN,PERINDOPRIL ERBUMINE
INDOMETHACIN,PERINDOPRIL ERBUMINE
LITHIUM,PERINDOPRIL ERBUMINE
PERINDOPRIL ERBUMINE,POTASSIUM
PERINDOPRIL ERBUMINE,SACUBITRIL
PERINDOPRIL ERBUMINE,SPIRONOLACTONE
PERINDOPRIL ERBUMINE,VALSARTAN
DOCETAXEL,PERTUZUMAB
DOXORUBICIN,PERTUZUMAB
PACLITAXEL,PERTUZUMAB
PERTUZUMAB,TRASTUZUMAB
ALCOHOL,PHENOBARBITAL
DOXYCYCLINE,PHENOBARBITAL
PHENOBARBITAL,PHENPROCOUMON
PHENOBARBITAL,PHENYTOIN
PHENOBARBITAL,VALPROATE
PHENOBARBITAL,VALPROIC ACID
PHENOBARBITAL,WARFARIN
ALCOHOL,PHENTERMINE
AMPHETAMINE,PHENTERMINE
FLUOXETINE,PHENTERMINE
FLUVOXAMINE,PHENTERMINE
PAROXETINE,PHENTERMINE
PHENTERMINE,SERTRALINE
ALCOHOL,PHENYTOIN
ATORVASTATIN,PHENYTOIN
CALCIUM,PHENYTOIN
CARBOPLATIN,PHENYTOIN
CHLORDIAZEPOXIDE,PHENYTOIN
CISPLATIN,PHENYTOIN
CYCLOSPORINE,PHENYTOIN
DOXORUBICIN,PHENYTOIN
FLUOROURACIL,PHENYTOIN
FOLIC ACID,PHENYTOIN
KETOCONAZOLE,PHENYTOIN
METHYLPHENIDATE,PHENYTOIN
MICONAZOLE,PHENYTOIN
NIFEDIPINE,PHENYTOIN
OMEPRAZOLE,PHENYTOIN
PACLITAXEL,PHENYTOIN
PANCURONIUM,PHENYTOIN
PAROXETINE,PHENYTOIN
PHENYTOIN,POSACONAZOLE
PHENYTOIN,QUETIAPINE
PHENYTOIN,RIFAMPIN
PHENYTOIN,RITONAVIR
PHENYTOIN,ROCURONIUM
PHENYTOIN,SERTRALINE
PHENYTOIN,SIMVASTATIN
PHENYTOIN,SULFAMETHOXAZOLE
PHENYTOIN,THEOPHYLLINE
PHENYTOIN,TOPIRAMATE
PHENYTOIN,TRAZODONE
PHENYTOIN,TRIMETHOPRIM
PHENYTOIN,VALPROATE
PHENYTOIN,VALPROIC ACID
PHENYTOIN,VECURONIUM
PHENYTOIN,VERAPAMIL
PHENYTOIN,VORICONAZOLE
PHENYTOIN,WARFARIN
ABACAVIR,PIBRENTASVIR
AMLODIPINE,PIBRENTASVIR
BUPRENORPHINE,PIBRENTASVIR
CAFFEINE,PIBRENTASVIR
CARBAMAZEPINE,PIBRENTASVIR
CYCLOSPORINE,PIBRENTASVIR
DABIGATRAN ETEXILATE,PIBRENTASVIR
DEXTROMETHORPHAN,PIBRENTASVIR
DIGOXIN,PIBRENTASVIR
DOLUTEGRAVIR,PIBRENTASVIR
ELVITEGRAVIR,PIBRENTASVIR
EMTRICITABINE,PIBRENTASVIR
FELODIPINE,PIBRENTASVIR
FLUVASTATIN,PIBRENTASVIR
LAMIVUDINE,PIBRENTASVIR
LAMOTRIGINE,PIBRENTASVIR
LOSARTAN,PIBRENTASVIR
LOVASTATIN,PIBRENTASVIR
METHADONE,PIBRENTASVIR
MIDAZOLAM,PIBRENTASVIR
NALOXONE,PIBRENTASVIR
NALTREXONE,PIBRENTASVIR
OMEPRAZOLE,PIBRENTASVIR
PHENYTOIN,PIBRENTASVIR
PIBRENTASVIR,PITAVASTATIN
PIBRENTASVIR,PRAVASTATIN
PIBRENTASVIR,RALTEGRAVIR
PIBRENTASVIR,RIFAMPIN
PIBRENTASVIR,RILPIVIRINE
PIBRENTASVIR,RITONAVIR
PIBRENTASVIR,ROSUVASTATIN
PIBRENTASVIR,SIMVASTATIN
PIBRENTASVIR,SOFOSBUVIR
PIBRENTASVIR,TACROLIMUS
PIBRENTASVIR,TENOFOVIR
PIBRENTASVIR,TENOFOVIR ALAFENAMIDE
PIBRENTASVIR,TENOFOVIR DISOPROXIL
PIBRENTASVIR,VALSARTAN
PIBRENTASVIR,WARFARIN
AMIODARONE,PIMAVANSERIN
CARBIDOPA,PIMAVANSERIN
CHLORPROMAZINE,PIMAVANSERIN
GATIFLOXACIN,PIMAVANSERIN
LEVODOPA,PIMAVANSERIN
MOXIFLOXACIN,PIMAVANSERIN
PIMAVANSERIN,SOTALOL
PIMAVANSERIN,ZIPRASIDONE
GEMFIBROZIL,PIOGLITAZONE
PIOGLITAZONE,RIFAMPIN
PIOGLITAZONE,TOPIRAMATE
AMIKACIN,PIPERACILLIN
GENTAMICIN,PIPERACILLIN
HEPARIN,PIPERACILLIN
METHOTREXATE,PIPERACILLIN
PIPERACILLIN,POTASSIUM
PIPERACILLIN,PROBENECID
PIPERACILLIN,TAZOBACTAM
PIPERACILLIN,TOBRAMYCIN
PIPERACILLIN,VANCOMYCIN
PIPERACILLIN,VECURONIUM
ALCOHOL,PIROXICAM
ASPIRIN,PIROXICAM
CYCLOSPORINE,PIROXICAM
DICLOFENAC,PIROXICAM
DIGOXIN,PIROXICAM
FUROSEMIDE,PIROXICAM
INDOMETHACIN,PIROXICAM
LITHIUM,PIROXICAM
MELOXICAM,PIROXICAM
METHOTREXATE,PIROXICAM
NOREPINEPHRINE,PIROXICAM
PEMETREXED,PIROXICAM
PIROXICAM,POTASSIUM
PIROXICAM,PROPRANOLOL
PIROXICAM,WARFARIN
ALCOHOL,PITAVASTATIN
COLCHICINE,PITAVASTATIN
CYCLOSPORINE,PITAVASTATIN
ERYTHROMYCIN,PITAVASTATIN
GEMFIBROZIL,PITAVASTATIN
NIACIN,PITAVASTATIN
PITAVASTATIN,RIFAMPIN
CIPROFLOXACIN,POMALIDOMIDE
DEXAMETHASONE,POMALIDOMIDE
FLUVOXAMINE,POMALIDOMIDE
PEMBROLIZUMAB,POMALIDOMIDE
POMALIDOMIDE,THALIDOMIDE
ALPRAZOLAM,POSACONAZOLE
ATAZANAVIR,POSACONAZOLE
BENZODIAZEPINE,POSACONAZOLE
CALCIUM,POSACONAZOLE
CYCLOSPORINE,POSACONAZOLE
DIGOXIN,POSACONAZOLE
DILTIAZEM,POSACONAZOLE
ESOMEPRAZOLE,POSACONAZOLE
FELODIPINE,POSACONAZOLE
FOSAMPRENAVIR,POSACONAZOLE
GLIPIZIDE,POSACONAZOLE
MAGNESIUM,POSACONAZOLE
METOCLOPRAMIDE,POSACONAZOLE
MIDAZOLAM,POSACONAZOLE
NICARDIPINE,POSACONAZOLE
NIFEDIPINE,POSACONAZOLE
POSACONAZOLE,POTASSIUM
POSACONAZOLE,RITONAVIR
POSACONAZOLE,SIMVASTATIN
POSACONAZOLE,SIROLIMUS
POSACONAZOLE,TACROLIMUS
POSACONAZOLE,TRIAZOLAM
POSACONAZOLE,VENETOCLAX
POSACONAZOLE,VERAPAMIL
POSACONAZOLE,VINCRISTINE
POTASSIUM,POTASSIUM CHLORIDE
POTASSIUM,SPIRONOLACTONE
ALISKIREN,POTASSIUM CHLORIDE
EPLERENONE,POTASSIUM CHLORIDE
POTASSIUM CHLORIDE,SPIRONOLACTONE
ALCOHOL,PRAMIPEXOLE
DOPAMINE,PRAMIPEXOLE
LEVODOPA,PRAMIPEXOLE
METOCLOPRAMIDE,PRAMIPEXOLE
PRAMIPEXOLE,PRAMIPEXOLE DIHYDROCHLORIDE
PRAMIPEXOLE,ROPINIROLE
ALCOHOL,PRAMIPEXOLE DIHYDROCHLORIDE
DOPAMINE,PRAMIPEXOLE DIHYDROCHLORIDE
LEVODOPA,PRAMIPEXOLE DIHYDROCHLORIDE
METOCLOPRAMIDE,PRAMIPEXOLE DIHYDROCHLORIDE
PRAMIPEXOLE DIHYDROCHLORIDE,ROPINIROLE
ASPIRIN,PRASUGREL
CLOPIDOGREL,PRASUGREL
DIGOXIN,PRASUGREL
HEPARIN,PRASUGREL
MORPHINE,PRASUGREL
PRASUGREL,WARFARIN
ALCOHOL,PRAVASTATIN
AZITHROMYCIN,PRAVASTATIN
CYCLOSPORINE,PRAVASTATIN
ERYTHROMYCIN,PRAVASTATIN
GEMFIBROZIL,PRAVASTATIN
KETOCONAZOLE,PRAVASTATIN
NIACIN,PRAVASTATIN
PRAVASTATIN,SPIRONOLACTONE
PRAVASTATIN,TESTOSTERONE
ALLOPURINOL,PRAZOSIN
ASPIRIN,PRAZOSIN
CHLORDIAZEPOXIDE,PRAZOSIN
COLCHICINE,PRAZOSIN
DIAZEPAM,PRAZOSIN
DIGOXIN,PRAZOSIN
INDOMETHACIN,PRAZOSIN
PHENOBARBITAL,PRAZOSIN
PRAZOSIN,PROBENECID
PRAZOSIN,PROPOXYPHENE
PRAZOSIN,PROPRANOLOL
CARBAMAZEPINE,PREGABALIN
LAMOTRIGINE,PREGABALIN
LORAZEPAM,PREGABALIN
PHENOBARBITAL,PREGABALIN
PHENYTOIN,PREGABALIN
PREGABALIN,TOPIRAMATE
PREGABALIN,VALPROIC ACID
PROBENECID,RIFAMPIN
PROBENECID,THEOPHYLLINE
PROBENECID,VALPROIC ACID
ALCOHOL,PROCHLORPERAZINE
ALCOHOL,PROMETHAZINE
EPINEPHRINE,PROMETHAZINE
AMIODARONE,PROPAFENONE
ERYTHROMYCIN,PROPAFENONE
KETOCONAZOLE,PROPAFENONE
LIDOCAINE,PROPAFENONE
PROPAFENONE,PROPRANOLOL
PROPAFENONE,RIFAMPIN
PROPAFENONE,RITONAVIR
PROPAFENONE,SERTRALINE
PROPAFENONE,WARFARIN
ATROPINE,PROPOFOL
CHLORAL,PROPOFOL
DESFLURANE,PROPOFOL
FENTANYL,PROPOFOL
GLYCOPYRROLATE,PROPOFOL
ISOFLURANE,PROPOFOL
LIDOCAINE,PROPOFOL
MEPERIDINE,PROPOFOL
MORPHINE,PROPOFOL
OXYGEN,PROPOFOL
PROPOFOL,SEVOFLURANE
PROPOFOL,SUCCINYLCHOLINE
PROPOFOL,VALPROATE
ALCOHOL,PROPRANOLOL
AMIODARONE,PROPRANOLOL
CALCIUM,PROPRANOLOL
CLONIDINE,PROPRANOLOL
DOBUTAMINE,PROPRANOLOL
DOXAZOSIN,PROPRANOLOL
HALOPERIDOL,PROPRANOLOL
LIDOCAINE,PROPRANOLOL
PROPRANOLOL,TERAZOSIN
PROPRANOLOL,VERAPAMIL
PROPRANOLOL,WARFARIN
ALCOHOL,QUETIAPINE
AMIODARONE,QUETIAPINE
ARIPIPRAZOLE,QUETIAPINE
CHLORPROMAZINE,QUETIAPINE
DIVALPROEX,QUETIAPINE
DOPAMINE,QUETIAPINE
GATIFLOXACIN,QUETIAPINE
KETOCONAZOLE,QUETIAPINE
LEVODOPA,QUETIAPINE
LITHIUM,QUETIAPINE
METHADONE,QUETIAPINE
MOXIFLOXACIN,QUETIAPINE
NEFAZODONE,QUETIAPINE
OLANZAPINE,QUETIAPINE
QUETIAPINE,RIFAMPIN
QUETIAPINE,RISPERIDONE
QUETIAPINE,RITONAVIR
QUETIAPINE,SOTALOL
QUETIAPINE,ZIPRASIDONE
ALISKIREN,QUINAPRIL
QUINAPRIL,SACUBITRIL
QUINAPRIL,VALSARTAN
AMOXICILLIN,RABEPRAZOLE
ATAZANAVIR,RABEPRAZOLE
CALCIUM,RABEPRAZOLE
CLARITHROMYCIN,RABEPRAZOLE
CYANOCOBALAMIN,RABEPRAZOLE
DASATINIB,RABEPRAZOLE
ERLOTINIB,RABEPRAZOLE
ITRACONAZOLE,RABEPRAZOLE
KETOCONAZOLE,RABEPRAZOLE
MAGNESIUM,RABEPRAZOLE
METHOTREXATE,RABEPRAZOLE
MYCOPHENOLATE,RABEPRAZOLE
MYCOPHENOLATE MOFETIL,RABEPRAZOLE
MYCOPHENOLIC ACID,RABEPRAZOLE
NILOTINIB,RABEPRAZOLE
RABEPRAZOLE,RILPIVIRINE
RABEPRAZOLE,TACROLIMUS
RABEPRAZOLE,WARFARIN
ATAZANAVIR,RALTEGRAVIR
CALCIUM,RALTEGRAVIR
CALCIUM CARBONATE,RALTEGRAVIR
CARBAMAZEPINE,RALTEGRAVIR
ETHINYL ESTRADIOL,RALTEGRAVIR
LAMIVUDINE,RALTEGRAVIR
MAGNESIUM,RALTEGRAVIR
METHADONE,RALTEGRAVIR
MIDAZOLAM,RALTEGRAVIR
OMEPRAZOLE,RALTEGRAVIR
PHENOBARBITAL,RALTEGRAVIR
PHENYTOIN,RALTEGRAVIR
RALTEGRAVIR,RIFAMPIN
RALTEGRAVIR,RITONAVIR
RALTEGRAVIR,TENOFOVIR
RALTEGRAVIR,TENOFOVIR ALAFENAMIDE
RALTEGRAVIR,TENOFOVIR DISOPROXIL
CALCIUM,RAMIPRIL
DIGOXIN,RAMIPRIL
EPINEPHRINE,RAMIPRIL
FUROSEMIDE,RAMIPRIL
INDOMETHACIN,RAMIPRIL
LITHIUM,RAMIPRIL
PHENPROCOUMON,RAMIPRIL
POTASSIUM,RAMIPRIL
PROPRANOLOL,RAMIPRIL
RAMIPRIL,SIMVASTATIN
RAMIPRIL,SPIRONOLACTONE
RAMIPRIL,TELMISARTAN
RAMIPRIL,WARFARIN
CARBAMAZEPINE,RANOLAZINE
CLARITHROMYCIN,RANOLAZINE
CYCLOSPORINE,RANOLAZINE
DILTIAZEM,RANOLAZINE
ERYTHROMYCIN,RANOLAZINE
FLUCONAZOLE,RANOLAZINE
KETOCONAZOLE,RANOLAZINE
NEFAZODONE,RANOLAZINE
PHENOBARBITAL,RANOLAZINE
PHENYTOIN,RANOLAZINE
POTASSIUM,RANOLAZINE
RANOLAZINE,RIFAMPIN
RANOLAZINE,RITONAVIR
RANOLAZINE,SIMVASTATIN
RANOLAZINE,SIROLIMUS
RANOLAZINE,TACROLIMUS
RANOLAZINE,VERAPAMIL
CIPROFLOXACIN,RASAGILINE
CYCLOBENZAPRINE,RASAGILINE
DEXTROMETHORPHAN,RASAGILINE
FLUOXETINE,RASAGILINE
FLUVOXAMINE,RASAGILINE
LEVODOPA,RASAGILINE
MEPERIDINE,RASAGILINE
METHADONE,RASAGILINE
METOCLOPRAMIDE,RASAGILINE
NOREPINEPHRINE,RASAGILINE
PROPOXYPHENE,RASAGILINE
RASAGILINE,SELEGILINE
RASAGILINE,TRAMADOL
ATORVASTATIN,REGORAFENIB
CARBAMAZEPINE,REGORAFENIB
CLARITHROMYCIN,REGORAFENIB
FLUVASTATIN,REGORAFENIB
KETOCONAZOLE,REGORAFENIB
METHOTREXATE,REGORAFENIB
NEFAZODONE,REGORAFENIB
PHENOBARBITAL,REGORAFENIB
PHENYTOIN,REGORAFENIB
POSACONAZOLE,REGORAFENIB
REGORAFENIB,RIFAMPIN
REGORAFENIB,TELITHROMYCIN
REGORAFENIB,VORICONAZOLE
REGORAFENIB,WARFARIN
CHLOROQUINE,REMDESIVIR
HYDROXYCHLOROQUINE,REMDESIVIR
ALCOHOL,REMIFENTANIL
ATROPINE,REMIFENTANIL
BENZODIAZEPINE,REMIFENTANIL
BUPRENORPHINE,REMIFENTANIL
CYCLOBENZAPRINE,REMIFENTANIL
DIAZEPAM,REMIFENTANIL
EPHEDRINE,REMIFENTANIL
EPINEPHRINE,REMIFENTANIL
GLYCOPYRROLATE,REMIFENTANIL
LINEZOLID,REMIFENTANIL
METHYLENE BLUE,REMIFENTANIL
MIRTAZAPINE,REMIFENTANIL
NALOXONE,REMIFENTANIL
NOREPINEPHRINE,REMIFENTANIL
OXYGEN,REMIFENTANIL
PROPOFOL,REMIFENTANIL
REMIFENTANIL,SUCCINYLCHOLINE
REMIFENTANIL,TRAMADOL
REMIFENTANIL,TRAZODONE
ALBUTEROL,REPAGLINIDE
CALCIUM,REPAGLINIDE
CLONIDINE,REPAGLINIDE
CLOZAPINE,REPAGLINIDE
CYCLOSPORINE,REPAGLINIDE
DANAZOL,REPAGLINIDE
EPINEPHRINE,REPAGLINIDE
ERYTHROMYCIN,REPAGLINIDE
FLUOXETINE,REPAGLINIDE
GLUCAGON,REPAGLINIDE
ISONIAZID,REPAGLINIDE
KETOCONAZOLE,REPAGLINIDE
MONTELUKAST,REPAGLINIDE
NIACIN,REPAGLINIDE
OCTREOTIDE,REPAGLINIDE
OLANZAPINE,REPAGLINIDE
PROPOXYPHENE,REPAGLINIDE
REPAGLINIDE,RIFAMPIN
REPAGLINIDE,SOMATROPIN
REPAGLINIDE,TRIMETHOPRIM
DIGOXIN,RIBAVIRIN
CALCIUM,RIBOCICLIB
LETROZOLE,RIBOCICLIB
MAGNESIUM,RIBOCICLIB
POTASSIUM,RIBOCICLIB
BENZODIAZEPINE,RIFAMPIN
CALCIUM,RIFAMPIN
CLARITHROMYCIN,RIFAMPIN
CYCLOSPORINE,RIFAMPIN
DACLATASVIR,RIFAMPIN
DIAZEPAM,RIFAMPIN
DOXYCYCLINE,RIFAMPIN
ENALAPRIL,RIFAMPIN
ETHAMBUTOL,RIFAMPIN
GLIPIZIDE,RIFAMPIN
GLYBURIDE,RIFAMPIN
HALOPERIDOL,RIFAMPIN
ITRACONAZOLE,RIFAMPIN
KETOCONAZOLE,RIFAMPIN
LOSARTAN,RIFAMPIN
METOPROLOL,RIFAMPIN
MORPHINE,RIFAMPIN
MOXIFLOXACIN,RIFAMPIN
NIFEDIPINE,RIFAMPIN
NORTRIPTYLINE,RIFAMPIN
PREDNISOLONE,RIFAMPIN
PROPRANOLOL,RIFAMPIN
PYRAZINAMIDE,RIFAMPIN
PYRIDOXINE,RIFAMPIN
QUININE,RIFAMPIN
RIFAMPIN,RITONAVIR
RIFAMPIN,ROSIGLITAZONE
RIFAMPIN,SIMEPREVIR
RIFAMPIN,SIMVASTATIN
RIFAMPIN,SOFOSBUVIR
RIFAMPIN,TACROLIMUS
RIFAMPIN,TAMOXIFEN
RIFAMPIN,TELAPREVIR
RIFAMPIN,TELITHROMYCIN
RIFAMPIN,THEOPHYLLINE
RIFAMPIN,TICAGRELOR
RIFAMPIN,VERAPAMIL
RIFAMPIN,WARFARIN
RIFAMPIN,ZIDOVUDINE
RIFAMPIN,ZOLPIDEM
RIFAMPIN,ZOPICLONE
CYCLOSPORINE,RIFAXIMIN
RIFAXIMIN,WARFARIN
ABACAVIR,RILPIVIRINE
ACETAMINOPHEN,RILPIVIRINE
ATAZANAVIR,RILPIVIRINE
ATORVASTATIN,RILPIVIRINE
AZITHROMYCIN,RILPIVIRINE
CALCIUM,RILPIVIRINE
CALCIUM CARBONATE,RILPIVIRINE
CARBAMAZEPINE,RILPIVIRINE
CLARITHROMYCIN,RILPIVIRINE
DEXAMETHASONE,RILPIVIRINE
DIDANOSINE,RILPIVIRINE
DIGOXIN,RILPIVIRINE
EFAVIRENZ,RILPIVIRINE
EMTRICITABINE,RILPIVIRINE
ERYTHROMYCIN,RILPIVIRINE
ESOMEPRAZOLE,RILPIVIRINE
FLUCONAZOLE,RILPIVIRINE
FOSAMPRENAVIR,RILPIVIRINE
ITRACONAZOLE,RILPIVIRINE
KETOCONAZOLE,RILPIVIRINE
LAMIVUDINE,RILPIVIRINE
MAGNESIUM,RILPIVIRINE
MARAVIROC,RILPIVIRINE
METFORMIN,RILPIVIRINE
METHADONE,RILPIVIRINE
OMEPRAZOLE,RILPIVIRINE
OXCARBAZEPINE,RILPIVIRINE
PHENOBARBITAL,RILPIVIRINE
PHENYTOIN,RILPIVIRINE
POSACONAZOLE,RILPIVIRINE
RALTEGRAVIR,RILPIVIRINE
RANITIDINE,RILPIVIRINE
RIBAVIRIN,RILPIVIRINE
RIFAMPIN,RILPIVIRINE
RILPIVIRINE,RITONAVIR
RILPIVIRINE,SILDENAFIL
RILPIVIRINE,SIMEPREVIR
RILPIVIRINE,TENOFOVIR
RILPIVIRINE,TENOFOVIR DISOPROXIL
RILPIVIRINE,VORICONAZOLE
RILPIVIRINE,ZIDOVUDINE
ISONIAZID,RISANKIZUMAB RZAA
ASPIRIN,RISEDRONATE
CALCIUM,RISEDRONATE
ESOMEPRAZOLE,RISEDRONATE
MAGNESIUM,RISEDRONATE
PREDNISONE,RISEDRONATE
ALCOHOL,RISPERIDONE
AMITRIPTYLINE,RISPERIDONE
CLOZAPINE,RISPERIDONE
DIGOXIN,RISPERIDONE
DOPAMINE,RISPERIDONE
ERYTHROMYCIN,RISPERIDONE
FLUOXETINE,RISPERIDONE
FUROSEMIDE,RISPERIDONE
LITHIUM,RISPERIDONE
METHYLPHENIDATE,RISPERIDONE
RANITIDINE,RISPERIDONE
RISPERIDONE,VALPROATE
ABACAVIR,RITONAVIR
ABEMACICLIB,RITONAVIR
ALCOHOL,RITONAVIR
AMIODARONE,RITONAVIR
ATOVAQUONE,RITONAVIR
AZITHROMYCIN,RITONAVIR
BETAMETHASONE,RITONAVIR
BOSENTAN,RITONAVIR
BUDESONIDE,RITONAVIR
CALCIUM,RITONAVIR
CARBAMAZEPINE,RITONAVIR
CYCLOSPORINE,RITONAVIR
DASABUVIR,RITONAVIR
DASATINIB,RITONAVIR
DEXAMETHASONE,RITONAVIR
DIDANOSINE,RITONAVIR
DISULFIRAM,RITONAVIR
ENCORAFENIB,RITONAVIR
ERYTHROMYCIN,RITONAVIR
FELODIPINE,RITONAVIR
FLUCONAZOLE,RITONAVIR
FLUTICASONE,RITONAVIR
IBRUTINIB,RITONAVIR
KETOCONAZOLE,RITONAVIR
LAMIVUDINE,RITONAVIR
LIDOCAINE,RITONAVIR
LOVASTATIN,RITONAVIR
METHYLPREDNISOLONE,RITONAVIR
METRONIDAZOLE,RITONAVIR
MIDAZOLAM,RITONAVIR
NICARDIPINE,RITONAVIR
NIFEDIPINE,RITONAVIR
NILOTINIB,RITONAVIR
OMBITASVIR,RITONAVIR
OMEPRAZOLE,RITONAVIR
PARITAPREVIR,RITONAVIR
PHENOBARBITAL,RITONAVIR
PITAVASTATIN,RITONAVIR
PRAVASTATIN,RITONAVIR
PREDNISOLONE,RITONAVIR
PREDNISONE,RITONAVIR
RANITIDINE,RITONAVIR
RITONAVIR,RIVAROXABAN
RITONAVIR,ROSUVASTATIN
RITONAVIR,SALMETEROL
RITONAVIR,SILDENAFIL
RITONAVIR,SIMEPREVIR
RITONAVIR,SIMVASTATIN
RITONAVIR,SIROLIMUS
RITONAVIR,SOFOSBUVIR
RITONAVIR,SULFAMETHOXAZOLE
RITONAVIR,TACROLIMUS
RITONAVIR,TADALAFIL
RITONAVIR,TENOFOVIR
RITONAVIR,TENOFOVIR DISOPROXIL
RITONAVIR,TRAZODONE
RITONAVIR,TRIAZOLAM
RITONAVIR,TRIMETHOPRIM
RITONAVIR,VALPROATE
RITONAVIR,VELPATASVIR
RITONAVIR,VENETOCLAX
RITONAVIR,VINCRISTINE
RITONAVIR,VORICONAZOLE
RITONAVIR,WARFARIN
RITONAVIR,ZIDOVUDINE
ACETAMINOPHEN,RITUXIMAB
CISPLATIN,RITUXIMAB
ASPIRIN,RIVAROXABAN
CLARITHROMYCIN,RIVAROXABAN
CLOPIDOGREL,RIVAROXABAN
ENOXAPARIN,RIVAROXABAN
ERYTHROMYCIN,RIVAROXABAN
HEPARIN,RIVAROXABAN
KETOCONAZOLE,RIVAROXABAN
NOREPINEPHRINE,RIVAROXABAN
PHENYTOIN,RIVAROXABAN
RIFAMPIN,RIVAROXABAN
RIVAROXABAN,WARFARIN
ATENOLOL,RIVASTIGMINE
METOCLOPRAMIDE,RIVASTIGMINE
OXYBUTYNIN,RIVASTIGMINE
RIVASTIGMINE,SUCCINYLCHOLINE
LITHIUM,ROCURONIUM
MAGNESIUM,ROCURONIUM
OXYGEN,ROCURONIUM
PROPOFOL,ROCURONIUM
ROCURONIUM,SUCCINYLCHOLINE
ROCURONIUM,VANCOMYCIN
ALCOHOL,ROPINIROLE
AMANTADINE,ROPINIROLE
CARBIDOPA,ROPINIROLE
CIPROFLOXACIN,ROPINIROLE
DIGOXIN,ROPINIROLE
DOPAMINE,ROPINIROLE
IBUPROFEN,ROPINIROLE
LEVODOPA,ROPINIROLE
METOCLOPRAMIDE,ROPINIROLE
ROPINIROLE,SELEGILINE
ROPINIROLE,THEOPHYLLINE
ALCOHOL,ROSUVASTATIN
COLCHICINE,ROSUVASTATIN
CYCLOSPORINE,ROSUVASTATIN
DAROLUTAMIDE,ROSUVASTATIN
DASABUVIR,ROSUVASTATIN
ENASIDENIB,ROSUVASTATIN
FEBUXOSTAT,ROSUVASTATIN
FENOFIBRATE,ROSUVASTATIN
FENOFIBRIC ACID,ROSUVASTATIN
GEMFIBROZIL,ROSUVASTATIN
MAGNESIUM,ROSUVASTATIN
NIACIN,ROSUVASTATIN
OMBITASVIR,ROSUVASTATIN
PARITAPREVIR,ROSUVASTATIN
REGORAFENIB,ROSUVASTATIN
ROSUVASTATIN,SIMEPREVIR
ROSUVASTATIN,SOFOSBUVIR
ROSUVASTATIN,TAFAMIDIS
ROSUVASTATIN,TERIFLUNOMIDE
ROSUVASTATIN,TICAGRELOR
ROSUVASTATIN,VELPATASVIR
ROSUVASTATIN,WARFARIN
DOPAMINE,ROTIGOTINE
LEVODOPA,ROTIGOTINE
METOCLOPRAMIDE,ROTIGOTINE
ALISKIREN,SACUBITRIL
EPINEPHRINE,SACUBITRIL
LITHIUM,SACUBITRIL
POTASSIUM,SACUBITRIL
SACUBITRIL,SPIRONOLACTONE
SACUBITRIL,VALSARTAN
ALBUTEROL,SALMETEROL
BUDESONIDE,SALMETEROL
CLARITHROMYCIN,SALMETEROL
FLUTICASONE,SALMETEROL
INDACATEROL,SALMETEROL
KETOCONAZOLE,SALMETEROL
NEFAZODONE,SALMETEROL
POTASSIUM,SALMETEROL
PREDNISONE,SALMETEROL
SALMETEROL,TELITHROMYCIN
ALCOHOL,SAXAGLIPTIN
ATAZANAVIR,SAXAGLIPTIN
CLARITHROMYCIN,SAXAGLIPTIN
DAPAGLIFLOZIN,SAXAGLIPTIN
KETOCONAZOLE,SAXAGLIPTIN
LITHIUM,SAXAGLIPTIN
NEFAZODONE,SAXAGLIPTIN
RITONAVIR,SAXAGLIPTIN
SAXAGLIPTIN,TELITHROMYCIN
EPHEDRINE,SELEGILINE
MEPERIDINE,SELEGILINE
FLUCONAZOLE,SELUMETINIB
LOPERAMIDE,SELUMETINIB
LEVOTHYROXINE,SEMAGLUTIDE
LIRAGLUTIDE,SEMAGLUTIDE
ALCOHOL,SERTRALINE
ASPIRIN,SERTRALINE
ATENOLOL,SERTRALINE
CITALOPRAM,SERTRALINE
DIAZEPAM,SERTRALINE
DIGOXIN,SERTRALINE
FLUOXETINE,SERTRALINE
LINEZOLID,SERTRALINE
LITHIUM,SERTRALINE
PAROXETINE,SERTRALINE
SERTRALINE,SUMATRIPTAN
SERTRALINE,VALPROATE
SERTRALINE,WARFARIN
ATRACURIUM,SEVOFLURANE
CALCIUM,SEVOFLURANE
EPINEPHRINE,SEVOFLURANE
PANCURONIUM,SEVOFLURANE
SEVOFLURANE,SUCCINYLCHOLINE
SEVOFLURANE,VECURONIUM
SEVOFLURANE,VERAPAMIL
ALCOHOL,SILDENAFIL
ASPIRIN,SILDENAFIL
ERYTHROMYCIN,SILDENAFIL
HEPARIN,SILDENAFIL
KETOCONAZOLE,SILDENAFIL
CLARITHROMYCIN,SILODOSIN
CYCLOSPORINE,SILODOSIN
DIGOXIN,SILODOSIN
DILTIAZEM,SILODOSIN
ERYTHROMYCIN,SILODOSIN
KETOCONAZOLE,SILODOSIN
RITONAVIR,SILODOSIN
SILDENAFIL,SILODOSIN
SILODOSIN,TADALAFIL
SILODOSIN,VERAPAMIL
ALCOHOL,SIMVASTATIN
CALCIUM,SIMVASTATIN
CYCLOSPORINE,SIMVASTATIN
DANAZOL,SIMVASTATIN
DIGOXIN,SIMVASTATIN
ERYTHROMYCIN,SIMVASTATIN
KETOCONAZOLE,SIMVASTATIN
NIACIN,SIMVASTATIN
SIMVASTATIN,TELAPREVIR
SIMVASTATIN,VERAPAMIL
SIMVASTATIN,VORICONAZOLE
SIMVASTATIN,WARFARIN
AMPHOTERICIN B,SIROLIMUS
AZATHIOPRINE,SIROLIMUS
CLARITHROMYCIN,SIROLIMUS
CYCLOSPORINE,SIROLIMUS
DANAZOL,SIROLIMUS
DILTIAZEM,SIROLIMUS
ERYTHROMYCIN,SIROLIMUS
KETOCONAZOLE,SIROLIMUS
METOCLOPRAMIDE,SIROLIMUS
MYCOPHENOLATE,SIROLIMUS
MYCOPHENOLATE MOFETIL,SIROLIMUS
NICARDIPINE,SIROLIMUS
PHENOBARBITAL,SIROLIMUS
PHENYTOIN,SIROLIMUS
RIFAMPIN,SIROLIMUS
SIROLIMUS,TACROLIMUS
SIROLIMUS,TELAPREVIR
SIROLIMUS,TELITHROMYCIN
SIROLIMUS,VERAPAMIL
SIROLIMUS,VORICONAZOLE
ACETAZOLAMIDE,SITAGLIPTIN
ALCOHOL,SITAGLIPTIN
CALCIUM,SITAGLIPTIN
DOLUTEGRAVIR,SITAGLIPTIN
ISONIAZID,SITAGLIPTIN
PHENYTOIN,SITAGLIPTIN
RANOLAZINE,SITAGLIPTIN
SITAGLIPTIN,TOPIRAMATE
SITAGLIPTIN,ZONISAMIDE
CALCIUM,SODIUM LACTATE
CEFTRIAXONE,SODIUM LACTATE
DEXTROSE,SODIUM LACTATE
DIGOXIN,SODIUM LACTATE
LITHIUM,SODIUM LACTATE
POTASSIUM,SODIUM LACTATE
POTASSIUM CHLORIDE,SODIUM LACTATE
SODIUM LACTATE,VASOPRESSIN
ALCOHOL,SODIUM OXYBATE
OXYGEN,SODIUM OXYBATE
ALCOHOL,SODIUM PICOSULFATE
ANHYDROUS CITRIC ACID,SODIUM PICOSULFATE
CHLORPROMAZINE,SODIUM PICOSULFATE
DIGOXIN,SODIUM PICOSULFATE
MAGNESIUM,SODIUM PICOSULFATE
MAGNESIUM OXIDE,SODIUM PICOSULFATE
CALCIUM,SODIUM POLYSTYRENE SULFONATE
LITHIUM,SODIUM POLYSTYRENE SULFONATE
MAGNESIUM,SODIUM POLYSTYRENE SULFONATE
POTASSIUM,SODIUM POLYSTYRENE SULFONATE
CARBAMAZEPINE,SOFOSBUVIR
COBICISTAT,SOFOSBUVIR
CYCLOSPORINE,SOFOSBUVIR
DABIGATRAN ETEXILATE,SOFOSBUVIR
DARUNAVIR,SOFOSBUVIR
DIGOXIN,SOFOSBUVIR
DOLUTEGRAVIR,SOFOSBUVIR
ETHINYL ESTRADIOL,SOFOSBUVIR
FLUVASTATIN,SOFOSBUVIR
GEMFIBROZIL,SOFOSBUVIR
IMATINIB,SOFOSBUVIR
IRINOTECAN,SOFOSBUVIR
KETOCONAZOLE,SOFOSBUVIR
LOVASTATIN,SOFOSBUVIR
MAGNESIUM,SOFOSBUVIR
METHADONE,SOFOSBUVIR
METHOTREXATE,SOFOSBUVIR
OMEPRAZOLE,SOFOSBUVIR
PHENOBARBITAL,SOFOSBUVIR
PHENYTOIN,SOFOSBUVIR
PITAVASTATIN,SOFOSBUVIR
PRAVASTATIN,SOFOSBUVIR
RALTEGRAVIR,SOFOSBUVIR
RILPIVIRINE,SOFOSBUVIR
SIMVASTATIN,SOFOSBUVIR
SOFOSBUVIR,SULFASALAZINE
SOFOSBUVIR,TACROLIMUS
SOFOSBUVIR,TENOFOVIR
SOFOSBUVIR,TENOFOVIR ALAFENAMIDE
SOFOSBUVIR,TENOFOVIR DISOPROXIL
SOFOSBUVIR,VELPATASVIR
SOFOSBUVIR,VORICONAZOLE
SOFOSBUVIR,WARFARIN
KETOCONAZOLE,SOLIFENACIN
MOXIFLOXACIN,SOLIFENACIN
PREDNISONE,SOMATROPIN
MAGNESIUM,SONIDEGIB
CALCIUM,SORAFENIB
CARBOPLATIN,SORAFENIB
CISPLATIN,SORAFENIB
GEMCITABINE,SORAFENIB
MAGNESIUM,SORAFENIB
PACLITAXEL,SORAFENIB
POTASSIUM,SORAFENIB
RIFAMPIN,SORAFENIB
SORAFENIB,WARFARIN
ALBUTEROL,SOTALOL
AMIODARONE,SOTALOL
CALCIUM,SOTALOL
CLONIDINE,SOTALOL
DILTIAZEM,SOTALOL
EPINEPHRINE,SOTALOL
MAGNESIUM,SOTALOL
POTASSIUM,SOTALOL
SOTALOL,VERAPAMIL
ABIRATERONE,SPIRONOLACTONE
CHOLESTYRAMINE,SPIRONOLACTONE
CISPLATIN,SPIRONOLACTONE
HEPARIN,SPIRONOLACTONE
LITHIUM,SPIRONOLACTONE
SPIRONOLACTONE,TRIMETHOPRIM
ATROPINE,SUCCINYLCHOLINE
CALCIUM,SUCCINYLCHOLINE
CHLOROQUINE,SUCCINYLCHOLINE
DANTROLENE,SUCCINYLCHOLINE
LIDOCAINE,SUCCINYLCHOLINE
LITHIUM,SUCCINYLCHOLINE
MAGNESIUM,SUCCINYLCHOLINE
METOCLOPRAMIDE,SUCCINYLCHOLINE
OXYGEN,SUCCINYLCHOLINE
POTASSIUM,SUCCINYLCHOLINE
PROMAZINE,SUCCINYLCHOLINE
QUININE,SUCCINYLCHOLINE
ALCOHOL,SUFENTANIL
BENZODIAZEPINE,SUFENTANIL
BUPIVACAINE,SUFENTANIL
BUPRENORPHINE,SUFENTANIL
CALCIUM,SUFENTANIL
CARBAMAZEPINE,SUFENTANIL
CYCLOBENZAPRINE,SUFENTANIL
DIAZEPAM,SUFENTANIL
EPINEPHRINE,SUFENTANIL
ERYTHROMYCIN,SUFENTANIL
FENTANYL,SUFENTANIL
GABAPENTIN,SUFENTANIL
KETOCONAZOLE,SUFENTANIL
LINEZOLID,SUFENTANIL
METHYLENE BLUE,SUFENTANIL
MIRTAZAPINE,SUFENTANIL
NALMEFENE,SUFENTANIL
NALOXONE,SUFENTANIL
NOREPINEPHRINE,SUFENTANIL
OXYGEN,SUFENTANIL
PANCURONIUM,SUFENTANIL
PHENYTOIN,SUFENTANIL
PREGABALIN,SUFENTANIL
RIFAMPIN,SUFENTANIL
RITONAVIR,SUFENTANIL
SUCCINYLCHOLINE,SUFENTANIL
SUFENTANIL,TRAMADOL
SUFENTANIL,TRAZODONE
ALLOPURINOL,SULBACTAM
PROBENECID,SULBACTAM
AMANTADINE,SULFAMETHOXAZOLE
CYCLOSPORINE,SULFAMETHOXAZOLE
DIGOXIN,SULFAMETHOXAZOLE
GLIPIZIDE,SULFAMETHOXAZOLE
GLYBURIDE,SULFAMETHOXAZOLE
INDOMETHACIN,SULFAMETHOXAZOLE
MEMANTINE,SULFAMETHOXAZOLE
METFORMIN,SULFAMETHOXAZOLE
METHOTREXATE,SULFAMETHOXAZOLE
PIOGLITAZONE,SULFAMETHOXAZOLE
REPAGLINIDE,SULFAMETHOXAZOLE
ROSIGLITAZONE,SULFAMETHOXAZOLE
SULFAMETHOXAZOLE,TRIMETHOPRIM
SULFAMETHOXAZOLE,WARFARIN
NOREPINEPHRINE,SUMATRIPTAN
BEVACIZUMAB,SUNITINIB MALATE
MAGNESIUM,SUNITINIB MALATE
POTASSIUM,SUNITINIB MALATE
ALCOHOL,SUVOREXANT
APREPITANT,SUVOREXANT
ATAZANAVIR,SUVOREXANT
CARBAMAZEPINE,SUVOREXANT
CIPROFLOXACIN,SUVOREXANT
CLARITHROMYCIN,SUVOREXANT
DIGOXIN,SUVOREXANT
DILTIAZEM,SUVOREXANT
ERYTHROMYCIN,SUVOREXANT
FLUCONAZOLE,SUVOREXANT
FOSAMPRENAVIR,SUVOREXANT
IMATINIB,SUVOREXANT
KETOCONAZOLE,SUVOREXANT
NEFAZODONE,SUVOREXANT
PHENYTOIN,SUVOREXANT
POSACONAZOLE,SUVOREXANT
RIFAMPIN,SUVOREXANT
RITONAVIR,SUVOREXANT
SUVOREXANT,TELAPREVIR
SUVOREXANT,TELITHROMYCIN
SUVOREXANT,VERAPAMIL
ALCOHOL,TACROLIMUS
AMIODARONE,TACROLIMUS
AMPHOTERICIN B,TACROLIMUS
CALCIUM,TACROLIMUS
CISPLATIN,TACROLIMUS
CYCLOSPORINE,TACROLIMUS
DANAZOL,TACROLIMUS
DILTIAZEM,TACROLIMUS
ETHINYL ESTRADIOL,TACROLIMUS
KETOCONAZOLE,TACROLIMUS
MAGNESIUM,TACROLIMUS
METHYLPREDNISOLONE,TACROLIMUS
METOCLOPRAMIDE,TACROLIMUS
MIDAZOLAM,TACROLIMUS
MYCOPHENOLIC ACID,TACROLIMUS
NIFEDIPINE,TACROLIMUS
OMEPRAZOLE,TACROLIMUS
PHENOBARBITAL,TACROLIMUS
PHENYTOIN,TACROLIMUS
POTASSIUM,TACROLIMUS
PREDNISONE,TACROLIMUS
TACROLIMUS,TELAPREVIR
TACROLIMUS,VERAPAMIL
TACROLIMUS,VORICONAZOLE
ALCOHOL,TADALAFIL
ALFUZOSIN,TADALAFIL
AMLODIPINE,TADALAFIL
ASPIRIN,TADALAFIL
DIGOXIN,TADALAFIL
DOXAZOSIN,TADALAFIL
ENALAPRIL,TADALAFIL
ERYTHROMYCIN,TADALAFIL
KETOCONAZOLE,TADALAFIL
LOVASTATIN,TADALAFIL
MAGNESIUM,TADALAFIL
METOPROLOL,TADALAFIL
MIDAZOLAM,TADALAFIL
PHENOBARBITAL,TADALAFIL
PHENYTOIN,TADALAFIL
RIFAMPIN,TADALAFIL
TADALAFIL,TAMSULOSIN
TADALAFIL,THEOPHYLLINE
TADALAFIL,WARFARIN
IMATINIB,TAFAMIDIS
METHOTREXATE,TAFAMIDIS
TAMOXIFEN,WARFARIN
ATENOLOL,TAMSULOSIN
DIGOXIN,TAMSULOSIN
ENALAPRIL,TAMSULOSIN
ERYTHROMYCIN,TAMSULOSIN
FUROSEMIDE,TAMSULOSIN
KETOCONAZOLE,TAMSULOSIN
NIFEDIPINE,TAMSULOSIN
PAROXETINE,TAMSULOSIN
TAMSULOSIN,TERBINAFINE
TAMSULOSIN,THEOPHYLLINE
TAMSULOSIN,WARFARIN
ALCOHOL,TAPENTADOL
BENZODIAZEPINE,TAPENTADOL
BUPRENORPHINE,TAPENTADOL
CYCLOBENZAPRINE,TAPENTADOL
LINEZOLID,TAPENTADOL
METHYLENE BLUE,TAPENTADOL
MIRTAZAPINE,TAPENTADOL
NALOXONE,TAPENTADOL
NOREPINEPHRINE,TAPENTADOL
TAPENTADOL,TRAMADOL
TAPENTADOL,TRAZODONE
AMIKACIN,TAZOBACTAM
GENTAMICIN,TAZOBACTAM
HEPARIN,TAZOBACTAM
METHOTREXATE,TAZOBACTAM
POTASSIUM,TAZOBACTAM
PROBENECID,TAZOBACTAM
TAZOBACTAM,TOBRAMYCIN
TAZOBACTAM,VANCOMYCIN
TAZOBACTAM,VECURONIUM
ALISKIREN,TELMISARTAN
LITHIUM,TELMISARTAN
POTASSIUM,TELMISARTAN
ACYCLOVIR,TENOFOVIR
CALCIUM,TENOFOVIR
CARBAMAZEPINE,TENOFOVIR
ETHINYL ESTRADIOL,TENOFOVIR
GANCICLOVIR,TENOFOVIR
GENTAMICIN,TENOFOVIR
METFORMIN,TENOFOVIR
MIDAZOLAM,TENOFOVIR
OXCARBAZEPINE,TENOFOVIR
PHENOBARBITAL,TENOFOVIR
PHENYTOIN,TENOFOVIR
RIFAMPIN,TENOFOVIR
SERTRALINE,TENOFOVIR
TENOFOVIR,TENOFOVIR DISOPROXIL
TENOFOVIR,VALACYCLOVIR
TENOFOVIR,VALGANCICLOVIR
TENOFOVIR,VELPATASVIR
ACYCLOVIR,TENOFOVIR ALAFENAMIDE
CALCIUM,TENOFOVIR ALAFENAMIDE
CARBAMAZEPINE,TENOFOVIR ALAFENAMIDE
EMTRICITABINE,TENOFOVIR ALAFENAMIDE
ETHINYL ESTRADIOL,TENOFOVIR ALAFENAMIDE
GANCICLOVIR,TENOFOVIR ALAFENAMIDE
GENTAMICIN,TENOFOVIR ALAFENAMIDE
METFORMIN,TENOFOVIR ALAFENAMIDE
MIDAZOLAM,TENOFOVIR ALAFENAMIDE
OXCARBAZEPINE,TENOFOVIR ALAFENAMIDE
PHENOBARBITAL,TENOFOVIR ALAFENAMIDE
PHENYTOIN,TENOFOVIR ALAFENAMIDE
RIFAMPIN,TENOFOVIR ALAFENAMIDE
SERTRALINE,TENOFOVIR ALAFENAMIDE
TENOFOVIR,TENOFOVIR ALAFENAMIDE
TENOFOVIR ALAFENAMIDE,TENOFOVIR DISOPROXIL
TENOFOVIR ALAFENAMIDE,VALACYCLOVIR
TENOFOVIR ALAFENAMIDE,VALGANCICLOVIR
TENOFOVIR ALAFENAMIDE,VELPATASVIR
ACYCLOVIR,TENOFOVIR DISOPROXIL
CALCIUM,TENOFOVIR DISOPROXIL
DIDANOSINE,TENOFOVIR DISOPROXIL
GANCICLOVIR,TENOFOVIR DISOPROXIL
GENTAMICIN,TENOFOVIR DISOPROXIL
TENOFOVIR DISOPROXIL,VALACYCLOVIR
TENOFOVIR DISOPROXIL,VALGANCICLOVIR
TENOFOVIR DISOPROXIL,VELPATASVIR
ACETAMINOPHEN,TERAZOSIN
ALLOPURINOL,TERAZOSIN
ASPIRIN,TERAZOSIN
ATENOLOL,TERAZOSIN
CHLORPHENIRAMINE,TERAZOSIN
CODEINE,TERAZOSIN
DIAZEPAM,TERAZOSIN
ERYTHROMYCIN,TERAZOSIN
HYDROCHLOROTHIAZIDE,TERAZOSIN
IBUPROFEN,TERAZOSIN
INDOMETHACIN,TERAZOSIN
PHENYLEPHRINE,TERAZOSIN
PSEUDOEPHEDRINE,TERAZOSIN
SULFAMETHOXAZOLE,TERAZOSIN
TERAZOSIN,TRIMETHOPRIM
AMIODARONE,TERBINAFINE
CAFFEINE,TERBINAFINE
CALCIUM,TERBINAFINE
CYCLOSPORINE,TERBINAFINE
DEXTROMETHORPHAN,TERBINAFINE
DIGOXIN,TERBINAFINE
FLUCONAZOLE,TERBINAFINE
FLUVASTATIN,TERBINAFINE
KETOCONAZOLE,TERBINAFINE
PROPAFENONE,TERBINAFINE
RIFAMPIN,TERBINAFINE
SULFAMETHOXAZOLE,TERBINAFINE
TERBINAFINE,THEOPHYLLINE
TERBINAFINE,TRIMETHOPRIM
TERBINAFINE,WARFARIN
TERBINAFINE,ZIDOVUDINE
ACTIVATED CHARCOAL,TERIFLUNOMIDE
ATORVASTATIN,TERIFLUNOMIDE
CHOLESTYRAMINE,TERIFLUNOMIDE
CIPROFLOXACIN,TERIFLUNOMIDE
DULOXETINE,TERIFLUNOMIDE
FUROSEMIDE,TERIFLUNOMIDE
GLATIRAMER,TERIFLUNOMIDE
KETOPROFEN,TERIFLUNOMIDE
METHOTREXATE,TERIFLUNOMIDE
PACLITAXEL,TERIFLUNOMIDE
PIOGLITAZONE,TERIFLUNOMIDE
PRAVASTATIN,TERIFLUNOMIDE
REPAGLINIDE,TERIFLUNOMIDE
RIFAMPIN,TERIFLUNOMIDE
ROSIGLITAZONE,TERIFLUNOMIDE
SIMVASTATIN,TERIFLUNOMIDE
TERIFLUNOMIDE,THEOPHYLLINE
TERIFLUNOMIDE,TIZANIDINE
TERIFLUNOMIDE,WARFARIN
TERIFLUNOMIDE,ZIDOVUDINE
CALCIUM,TERIPARATIDE
TERIPARATIDE,WARFARIN
ALCOHOL,TETRABENAZINE
AMIODARONE,TETRABENAZINE
CHLORPROMAZINE,TETRABENAZINE
DOPAMINE,TETRABENAZINE
FLUOXETINE,TETRABENAZINE
HALOPERIDOL,TETRABENAZINE
MOXIFLOXACIN,TETRABENAZINE
NOREPINEPHRINE,TETRABENAZINE
OLANZAPINE,TETRABENAZINE
PAROXETINE,TETRABENAZINE
RISPERIDONE,TETRABENAZINE
SOTALOL,TETRABENAZINE
TETRABENAZINE,ZIPRASIDONE
CARBAMAZEPINE,TEZACAFTOR
CIPROFLOXACIN,TEZACAFTOR
CLARITHROMYCIN,TEZACAFTOR
CYCLOSPORINE,TEZACAFTOR
DIGOXIN,TEZACAFTOR
ERYTHROMYCIN,TEZACAFTOR
ETHINYL ESTRADIOL,TEZACAFTOR
EVEROLIMUS,TEZACAFTOR
FLUCONAZOLE,TEZACAFTOR
GLIMEPIRIDE,TEZACAFTOR
GLIPIZIDE,TEZACAFTOR
ITRACONAZOLE,TEZACAFTOR
IVACAFTOR,TEZACAFTOR
KETOCONAZOLE,TEZACAFTOR
MIDAZOLAM,TEZACAFTOR
PHENOBARBITAL,TEZACAFTOR
PHENYTOIN,TEZACAFTOR
POSACONAZOLE,TEZACAFTOR
RIFAMPIN,TEZACAFTOR
SIROLIMUS,TEZACAFTOR
TACROLIMUS,TEZACAFTOR
TELITHROMYCIN,TEZACAFTOR
TEZACAFTOR,VORICONAZOLE
TEZACAFTOR,WARFARIN
ALCOHOL,THALIDOMIDE
AMIODARONE,THALIDOMIDE
BORTEZOMIB,THALIDOMIDE
CALCIUM,THALIDOMIDE
CARBAMAZEPINE,THALIDOMIDE
CISPLATIN,THALIDOMIDE
DIGOXIN,THALIDOMIDE
DISULFIRAM,THALIDOMIDE
DOCETAXEL,THALIDOMIDE
ETHINYL ESTRADIOL,THALIDOMIDE
FAMOTIDINE,THALIDOMIDE
LITHIUM,THALIDOMIDE
METRONIDAZOLE,THALIDOMIDE
MODAFINIL,THALIDOMIDE
PACLITAXEL,THALIDOMIDE
PHENYTOIN,THALIDOMIDE
RIFAMPIN,THALIDOMIDE
SUCCINYLCHOLINE,THALIDOMIDE
THALIDOMIDE,VINCRISTINE
THALIDOMIDE,WARFARIN
ALBUTEROL,THEOPHYLLINE
ALCOHOL,THEOPHYLLINE
AMOXICILLIN,THEOPHYLLINE
AMPICILLIN,THEOPHYLLINE
ATENOLOL,THEOPHYLLINE
AZITHROMYCIN,THEOPHYLLINE
CAFFEINE,THEOPHYLLINE
DIAZEPAM,THEOPHYLLINE
DILTIAZEM,THEOPHYLLINE
DISULFIRAM,THEOPHYLLINE
ERYTHROMYCIN,THEOPHYLLINE
FAMOTIDINE,THEOPHYLLINE
FELODIPINE,THEOPHYLLINE
FLURAZEPAM,THEOPHYLLINE
HYDROCORTISONE,THEOPHYLLINE
ISOFLURANE,THEOPHYLLINE
KETOCONAZOLE,THEOPHYLLINE
LITHIUM,THEOPHYLLINE
METHOTREXATE,THEOPHYLLINE
METHYLPREDNISOLONE,THEOPHYLLINE
METOPROLOL,THEOPHYLLINE
METRONIDAZOLE,THEOPHYLLINE
MIDAZOLAM,THEOPHYLLINE
NIFEDIPINE,THEOPHYLLINE
NORFLOXACIN,THEOPHYLLINE
OFLOXACIN,THEOPHYLLINE
OMEPRAZOLE,THEOPHYLLINE
PANCURONIUM,THEOPHYLLINE
PHENOBARBITAL,THEOPHYLLINE
PREDNISOLONE,THEOPHYLLINE
PREDNISONE,THEOPHYLLINE
PROPAFENONE,THEOPHYLLINE
PROPRANOLOL,THEOPHYLLINE
RANITIDINE,THEOPHYLLINE
ROXITHROMYCIN,THEOPHYLLINE
SULBACTAM,THEOPHYLLINE
SULFAMETHOXAZOLE,THEOPHYLLINE
THEOPHYLLINE,TRIMETHOPRIM
THEOPHYLLINE,VERAPAMIL
CARBAMAZEPINE,TICAGRELOR
CLARITHROMYCIN,TICAGRELOR
DIGOXIN,TICAGRELOR
HEPARIN,TICAGRELOR
KETOCONAZOLE,TICAGRELOR
LOVASTATIN,TICAGRELOR
MORPHINE,TICAGRELOR
NEFAZODONE,TICAGRELOR
PHENOBARBITAL,TICAGRELOR
PHENYTOIN,TICAGRELOR
RITONAVIR,TICAGRELOR
SIMVASTATIN,TICAGRELOR
TELITHROMYCIN,TICAGRELOR
TICAGRELOR,VORICONAZOLE
CALCIUM,TIGECYCLINE
CILASTATIN,TIGECYCLINE
CYCLOSPORINE,TIGECYCLINE
IMIPENEM,TIGECYCLINE
TACROLIMUS,TIGECYCLINE
TIGECYCLINE,WARFARIN
ALBUTEROL,TIOTROPIUM
ATROPINE,TIOTROPIUM
IPRATROPIUM,TIOTROPIUM
KETOCONAZOLE,TIOTROPIUM
POTASSIUM,TIOTROPIUM
SALMETEROL,TIOTROPIUM
TIRZEPATIDE,WARFARIN
ACYCLOVIR,TIZANIDINE
ALCOHOL,TIZANIDINE
AMIODARONE,TIZANIDINE
CIPROFLOXACIN,TIZANIDINE
PROPAFENONE,TIZANIDINE
TIZANIDINE,VERAPAMIL
ATORVASTATIN,TOCILIZUMAB
CYCLOSPORINE,TOCILIZUMAB
LOVASTATIN,TOCILIZUMAB
METHOTREXATE,TOCILIZUMAB
OMEPRAZOLE,TOCILIZUMAB
SIMVASTATIN,TOCILIZUMAB
THEOPHYLLINE,TOCILIZUMAB
TOCILIZUMAB,WARFARIN
AZATHIOPRINE,TOFACITINIB
CYCLOSPORINE,TOFACITINIB
KETOCONAZOLE,TOFACITINIB
METHOTREXATE,TOFACITINIB
RIFAMPIN,TOFACITINIB
TACROLIMUS,TOFACITINIB
DESMOPRESSIN,TOLVAPTAN
KETOCONAZOLE,TOLVAPTAN
LOPINAVIR,TOLVAPTAN
RITONAVIR,TOLVAPTAN
ACETAZOLAMIDE,TOPIRAMATE
ALCOHOL,TOPIRAMATE
CALCIUM,TOPIRAMATE
HYDROCHLOROTHIAZIDE,TOPIRAMATE
LITHIUM,TOPIRAMATE
TOPIRAMATE,VALPROATE
TOPIRAMATE,VALPROIC ACID
TOPIRAMATE,ZONISAMIDE
AMIODARONE,TORSEMIDE
CELECOXIB,TORSEMIDE
CHOLESTYRAMINE,TORSEMIDE
CISPLATIN,TORSEMIDE
FLUCONAZOLE,TORSEMIDE
INDOMETHACIN,TORSEMIDE
LITHIUM,TORSEMIDE
MICONAZOLE,TORSEMIDE
PHENYTOIN,TORSEMIDE
PROBENECID,TORSEMIDE
RIFAMPIN,TORSEMIDE
TORSEMIDE,WARFARIN
CLARITHROMYCIN,TRABECTEDIN
KETOCONAZOLE,TRABECTEDIN
LOPINAVIR,TRABECTEDIN
NEFAZODONE,TRABECTEDIN
PHENOBARBITAL,TRABECTEDIN
POSACONAZOLE,TRABECTEDIN
RIFAMPIN,TRABECTEDIN
RITONAVIR,TRABECTEDIN
TELAPREVIR,TRABECTEDIN
TELITHROMYCIN,TRABECTEDIN
TRABECTEDIN,VORICONAZOLE
ALCOHOL,TRAMADOL
AMIODARONE,TRAMADOL
BENZODIAZEPINE,TRAMADOL
BUPROPION,TRAMADOL
CYCLOBENZAPRINE,TRAMADOL
DIGOXIN,TRAMADOL
ERYTHROMYCIN,TRAMADOL
GABAPENTIN,TRAMADOL
KETOCONAZOLE,TRAMADOL
LINEZOLID,TRAMADOL
METHYLENE BLUE,TRAMADOL
NALMEFENE,TRAMADOL
NOREPINEPHRINE,TRAMADOL
PHENYTOIN,TRAMADOL
PREGABALIN,TRAMADOL
PROMETHAZINE,TRAMADOL
RIFAMPIN,TRAMADOL
RITONAVIR,TRAMADOL
TRAMADOL,TRAZODONE
TRAMADOL,WARFARIN
PREDNISONE,TRAMETINIB
ALISKIREN,TRANDOLAPRIL
DIGOXIN,TRANDOLAPRIL
EVEROLIMUS,TRANDOLAPRIL
FUROSEMIDE,TRANDOLAPRIL
LITHIUM,TRANDOLAPRIL
POTASSIUM,TRANDOLAPRIL
SACUBITRIL,TRANDOLAPRIL
SIROLIMUS,TRANDOLAPRIL
SPIRONOLACTONE,TRANDOLAPRIL
TRANDOLAPRIL,VALSARTAN
TRANDOLAPRIL,WARFARIN
ATAZANAVIR,TRASTUZUMAB
CAPECITABINE,TRASTUZUMAB
CLARITHROMYCIN,TRASTUZUMAB
KETOCONAZOLE,TRASTUZUMAB
NEFAZODONE,TRASTUZUMAB
RITONAVIR,TRASTUZUMAB
TELITHROMYCIN,TRASTUZUMAB
TRASTUZUMAB,VORICONAZOLE
ALCOHOL,TRAZODONE
AMIODARONE,TRAZODONE
ASPIRIN,TRAZODONE
BUSPIRONE,TRAZODONE
CHLORPROMAZINE,TRAZODONE
CLARITHROMYCIN,TRAZODONE
CLOPIDOGREL,TRAZODONE
DIGOXIN,TRAZODONE
GATIFLOXACIN,TRAZODONE
ITRACONAZOLE,TRAZODONE
KETOCONAZOLE,TRAZODONE
LINEZOLID,TRAZODONE
LITHIUM,TRAZODONE
METHYLENE BLUE,TRAZODONE
MOCLOBEMIDE,TRAZODONE
NOREPINEPHRINE,TRAZODONE
RIFAMPIN,TRAZODONE
RIVAROXABAN,TRAZODONE
SELEGILINE,TRAZODONE
SOTALOL,TRAZODONE
TRAZODONE,VORICONAZOLE
TRAZODONE,WARFARIN
TRAZODONE,ZIPRASIDONE
CALCIUM,TREMELIMUMAB
CARBIMAZOLE,TREMELIMUMAB
PREDNISONE,TREMELIMUMAB
PROPYLTHIOURACIL,TREMELIMUMAB
DEXAMETHASONE,TRETINOIN
TRANEXAMIC ACID,TRETINOIN
ALCOHOL,TRIAZOLAM
BENZODIAZEPINE,TRIAZOLAM
ERYTHROMYCIN,TRIAZOLAM
KETOCONAZOLE,TRIAZOLAM
ALCOHOL,TRIHEXYPHENIDYL
LEVODOPA,TRIHEXYPHENIDYL
AMANTADINE,TRIMETHOPRIM
CYCLOSPORINE,TRIMETHOPRIM
GLIPIZIDE,TRIMETHOPRIM
GLYBURIDE,TRIMETHOPRIM
INDOMETHACIN,TRIMETHOPRIM
MEMANTINE,TRIMETHOPRIM
METFORMIN,TRIMETHOPRIM
METHOTREXATE,TRIMETHOPRIM
PIOGLITAZONE,TRIMETHOPRIM
ROSIGLITAZONE,TRIMETHOPRIM
TRIMETHOPRIM,WARFARIN
CLARITHROMYCIN,UPADACITINIB
KETOCONAZOLE,UPADACITINIB
RIFAMPIN,UPADACITINIB
CHOLESTYRAMINE,URSODIOL
AMPHOTERICIN B,VALGANCICLOVIR
CILASTATIN,VALGANCICLOVIR
CYCLOSPORINE,VALGANCICLOVIR
DIDANOSINE,VALGANCICLOVIR
DOXORUBICIN,VALGANCICLOVIR
IMIPENEM,VALGANCICLOVIR
PROBENECID,VALGANCICLOVIR
SULFAMETHOXAZOLE,VALGANCICLOVIR
TACROLIMUS,VALGANCICLOVIR
TRIMETHOPRIM,VALGANCICLOVIR
VALGANCICLOVIR,VINCRISTINE
VALGANCICLOVIR,ZIDOVUDINE
ACETAMINOPHEN,VALPROATE
AMITRIPTYLINE,VALPROATE
ASPIRIN,VALPROATE
CHLORPROMAZINE,VALPROATE
CLONAZEPAM,VALPROATE
CLOZAPINE,VALPROATE
DIAZEPAM,VALPROATE
FOLIC ACID,VALPROATE
HALOPERIDOL,VALPROATE
IMIPENEM,VALPROATE
LITHIUM,VALPROATE
MEROPENEM,VALPROATE
NORTRIPTYLINE,VALPROATE
RANITIDINE,VALPROATE
RIFAMPIN,VALPROATE
VALPROATE,VALPROIC ACID
VALPROATE,WARFARIN
VALPROATE,ZIDOVUDINE
ACETAMINOPHEN,VALPROIC ACID
AMITRIPTYLINE,VALPROIC ACID
ASPIRIN,VALPROIC ACID
CHLORPROMAZINE,VALPROIC ACID
CHOLESTYRAMINE,VALPROIC ACID
CLONAZEPAM,VALPROIC ACID
CLOZAPINE,VALPROIC ACID
DIAZEPAM,VALPROIC ACID
FOLIC ACID,VALPROIC ACID
HALOPERIDOL,VALPROIC ACID
LAMOTRIGINE,VALPROIC ACID
LITHIUM,VALPROIC ACID
LORAZEPAM,VALPROIC ACID
NORTRIPTYLINE,VALPROIC ACID
OLANZAPINE,VALPROIC ACID
PROPOFOL,VALPROIC ACID
RANITIDINE,VALPROIC ACID
RIFAMPIN,VALPROIC ACID
RITONAVIR,VALPROIC ACID
VALPROIC ACID,WARFARIN
VALPROIC ACID,ZIDOVUDINE
ALISKIREN,VALSARTAN
EPINEPHRINE,VALSARTAN
LITHIUM,VALSARTAN
POTASSIUM,VALSARTAN
SPIRONOLACTONE,VALSARTAN
AMPHOTERICIN B,VANCOMYCIN
CISPLATIN,VANCOMYCIN
POLYMYXIN B,VANCOMYCIN
ALCOHOL,VARENICLINE
BUPROPION,VARENICLINE
NICOTINE,VARENICLINE
THEOPHYLLINE,VARENICLINE
VARENICLINE,WARFARIN
CLOZAPINE,VASOPRESSIN
CYCLOPHOSPHAMIDE,VASOPRESSIN
DESMOPRESSIN,VASOPRESSIN
ENALAPRIL,VASOPRESSIN
HALOPERIDOL,VASOPRESSIN
IFOSFAMIDE,VASOPRESSIN
INDOMETHACIN,VASOPRESSIN
LITHIUM,VASOPRESSIN
VASOPRESSIN,VINCRISTINE
GENTAMICIN,VECURONIUM
MAGNESIUM,VECURONIUM
PANCURONIUM,VECURONIUM
POLYMYXIN B,VECURONIUM
SUCCINYLCHOLINE,VECURONIUM
THIOPENTAL,VECURONIUM
NATALIZUMAB,VEDOLIZUMAB
AMIODARONE,VELPATASVIR
ATORVASTATIN,VELPATASVIR
CARBAMAZEPINE,VELPATASVIR
COBICISTAT,VELPATASVIR
CYCLOSPORINE,VELPATASVIR
DABIGATRAN ETEXILATE,VELPATASVIR
DARUNAVIR,VELPATASVIR
DIGOXIN,VELPATASVIR
DOLUTEGRAVIR,VELPATASVIR
ETHINYL ESTRADIOL,VELPATASVIR
FAMOTIDINE,VELPATASVIR
FLUVASTATIN,VELPATASVIR
GEMFIBROZIL,VELPATASVIR
IMATINIB,VELPATASVIR
IRINOTECAN,VELPATASVIR
KETOCONAZOLE,VELPATASVIR
LEDIPASVIR,VELPATASVIR
LOVASTATIN,VELPATASVIR
MAGNESIUM,VELPATASVIR
METHADONE,VELPATASVIR
METHOTREXATE,VELPATASVIR
OMEPRAZOLE,VELPATASVIR
PHENOBARBITAL,VELPATASVIR
PHENYTOIN,VELPATASVIR
PITAVASTATIN,VELPATASVIR
PRAVASTATIN,VELPATASVIR
RALTEGRAVIR,VELPATASVIR
RIFAMPIN,VELPATASVIR
RILPIVIRINE,VELPATASVIR
SIMVASTATIN,VELPATASVIR
SULFASALAZINE,VELPATASVIR
TACROLIMUS,VELPATASVIR
VELPATASVIR,VORICONAZOLE
VELPATASVIR,WARFARIN
CALCIUM,VEMURAFENIB
CARBAMAZEPINE,VEMURAFENIB
DIGOXIN,VEMURAFENIB
MAGNESIUM,VEMURAFENIB
PHENYTOIN,VEMURAFENIB
POTASSIUM,VEMURAFENIB
RIFAMPIN,VEMURAFENIB
TIZANIDINE,VEMURAFENIB
AZACITIDINE,VENETOCLAX
BORTEZOMIB,VENETOCLAX
CYTARABINE,VENETOCLAX
DEXAMETHASONE,VENETOCLAX
RITUXIMAB,VENETOCLAX
VENETOCLAX,WARFARIN
ALCOHOL,VENLAFAXINE
ALPRAZOLAM,VENLAFAXINE
ASPIRIN,VENLAFAXINE
CAFFEINE,VENLAFAXINE
DEXTROMETHORPHAN,VENLAFAXINE
DIAZEPAM,VENLAFAXINE
FLUOXETINE,VENLAFAXINE
HALOPERIDOL,VENLAFAXINE
IMIPRAMINE,VENLAFAXINE
KETOCONAZOLE,VENLAFAXINE
LINEZOLID,VENLAFAXINE
LITHIUM,VENLAFAXINE
METHYLENE BLUE,VENLAFAXINE
METOPROLOL,VENLAFAXINE
RISPERIDONE,VENLAFAXINE
VENLAFAXINE,WARFARIN
ALCOHOL,VERAPAMIL
ASPIRIN,VERAPAMIL
ATENOLOL,VERAPAMIL
ATORVASTATIN,VERAPAMIL
CALCIUM,VERAPAMIL
CYCLOSPORINE,VERAPAMIL
ERYTHROMYCIN,VERAPAMIL
LITHIUM,VERAPAMIL
PHENOBARBITAL,VERAPAMIL
PRAZOSIN,VERAPAMIL
RITONAVIR,VERAPAMIL
TELITHROMYCIN,VERAPAMIL
ITRACONAZOLE,VINCRISTINE
PHENYTOIN,VINCRISTINE
ALPRAZOLAM,VORICONAZOLE
AXITINIB,VORICONAZOLE
CALCIUM,VORICONAZOLE
COBIMETINIB,VORICONAZOLE
CYCLOSPORINE,VORICONAZOLE
DABRAFENIB,VORICONAZOLE
DASATINIB,VORICONAZOLE
DICLOFENAC,VORICONAZOLE
EPLERENONE,VORICONAZOLE
ESZOPICLONE,VORICONAZOLE
EVEROLIMUS,VORICONAZOLE
FENTANYL,VORICONAZOLE
IBUPROFEN,VORICONAZOLE
IVABRADINE,VORICONAZOLE
MAGNESIUM,VORICONAZOLE
METHADONE,VORICONAZOLE
METHOTREXATE,VORICONAZOLE
MIDAZOLAM,VORICONAZOLE
NILOTINIB,VORICONAZOLE
OMEPRAZOLE,VORICONAZOLE
OXYCODONE,VORICONAZOLE
PHENOBARBITAL,VORICONAZOLE
POTASSIUM,VORICONAZOLE
PREDNISOLONE,VORICONAZOLE
RIBOCICLIB,VORICONAZOLE
RIFAMPIN,VORICONAZOLE
SUFENTANIL,VORICONAZOLE
TOLVAPTAN,VORICONAZOLE
TRETINOIN,VORICONAZOLE
TRIAZOLAM,VORICONAZOLE
VENETOCLAX,VORICONAZOLE
VORICONAZOLE,WARFARIN
ALCOHOL,VORTIOXETINE
ASPIRIN,VORTIOXETINE
BUPROPION,VORTIOXETINE
BUSPIRONE,VORTIOXETINE
CARBAMAZEPINE,VORTIOXETINE
CLOPIDOGREL,VORTIOXETINE
DIAZEPAM,VORTIOXETINE
FENTANYL,VORTIOXETINE
FLUOXETINE,VORTIOXETINE
HEPARIN,VORTIOXETINE
LINEZOLID,VORTIOXETINE
LITHIUM,VORTIOXETINE
MEPERIDINE,VORTIOXETINE
METHADONE,VORTIOXETINE
METHYLENE BLUE,VORTIOXETINE
PAROXETINE,VORTIOXETINE
PHENYTOIN,VORTIOXETINE
RIFAMPIN,VORTIOXETINE
SELEGILINE,VORTIOXETINE
TRAMADOL,VORTIOXETINE
VORTIOXETINE,WARFARIN
ACYCLOVIR,WARFARIN
ALPRAZOLAM,WARFARIN
AMLODIPINE,WARFARIN
ASPIRIN,WARFARIN
ATORVASTATIN,WARFARIN
BICALUTAMIDE,WARFARIN
BOSENTAN,WARFARIN
CAFFEINE,WARFARIN
CALCIUM,WARFARIN
CILOSTAZOL,WARFARIN
CYCLOSPORINE,WARFARIN
DICLOFENAC,WARFARIN
DILTIAZEM,WARFARIN
DIPYRIDAMOLE,WARFARIN
DISULFIRAM,WARFARIN
ERYTHROMYCIN,WARFARIN
FAMOTIDINE,WARFARIN
IBUPROFEN,WARFARIN
ISONIAZID,WARFARIN
KETOCONAZOLE,WARFARIN
KETOROLAC,WARFARIN
MICONAZOLE,WARFARIN
NILOTINIB,WARFARIN
NORFLOXACIN,WARFARIN
OMEPRAZOLE,WARFARIN
PIOGLITAZONE,WARFARIN
POSACONAZOLE,WARFARIN
PREDNISONE,WARFARIN
RANITIDINE,WARFARIN
RANOLAZINE,WARFARIN
TELITHROMYCIN,WARFARIN
VERAPAMIL,WARFARIN
RIBAVIRIN,ZIDOVUDINE
ARIPIPRAZOLE,ZIPRASIDONE
BENZTROPINE,ZIPRASIDONE
BUSPIRONE,ZIPRASIDONE
CHLORPROMAZINE,ZIPRASIDONE
DEXTROMETHORPHAN,ZIPRASIDONE
DOPAMINE,ZIPRASIDONE
ETHINYL ESTRADIOL,ZIPRASIDONE
FENTANYL,ZIPRASIDONE
GATIFLOXACIN,ZIPRASIDONE
HALOPERIDOL,ZIPRASIDONE
KETOCONAZOLE,ZIPRASIDONE
LEVODOPA,ZIPRASIDONE
LINEZOLID,ZIPRASIDONE
LITHIUM,ZIPRASIDONE
LORAZEPAM,ZIPRASIDONE
MAGNESIUM,ZIPRASIDONE
MEPERIDINE,ZIPRASIDONE
METHADONE,ZIPRASIDONE
METHYLENE BLUE,ZIPRASIDONE
MOXIFLOXACIN,ZIPRASIDONE
NOREPINEPHRINE,ZIPRASIDONE
OLANZAPINE,ZIPRASIDONE
POTASSIUM,ZIPRASIDONE
PROPRANOLOL,ZIPRASIDONE
RISPERIDONE,ZIPRASIDONE
SOTALOL,ZIPRASIDONE
TACROLIMUS,ZIPRASIDONE
TRAMADOL,ZIPRASIDONE
VALPROATE,ZIPRASIDONE
ASPIRIN,ZOLEDRONIC ACID
CALCIUM,ZOLEDRONIC ACID
DEXAMETHASONE,ZOLEDRONIC ACID
MAGNESIUM,ZOLEDRONIC ACID
PREDNISONE,ZOLEDRONIC ACID
THALIDOMIDE,ZOLEDRONIC ACID
ALCOHOL,ZOLPIDEM
CHLORPROMAZINE,ZOLPIDEM
FLUOXETINE,ZOLPIDEM
HALOPERIDOL,ZOLPIDEM
IMIPRAMINE,ZOLPIDEM
KETOCONAZOLE,ZOLPIDEM
OXYGEN,ZOLPIDEM
SERTRALINE,ZOLPIDEM
ACETAZOLAMIDE,ZONISAMIDE
ALCOHOL,ZONISAMIDE
