quarter,era,table,member,output,output_bytes,rows_raw,rows_parsed,rows_skipped,id_nulls,decode_errors,rows_with_trailing_field,surplus_values,n_columns,columns
2004q1,laers,demo,ascii/DEMO04Q1.TXT,data/interim/parquet/demo/demo_2004q1.parquet,1517826,65902,65902,0,7,0,65902,0,22,report_id;case_id;i_f_cod;foll_seq;image;event_dt;mfr_dt;fda_dt;rept_cod;mfr_num;mfr_sndr;age;age_cod;sex;e_sub;wt;wt_cod;rept_dt;occp_cod;death_dt;to_mfr;confid
2004q2,laers,demo,ascii/DEMO04Q2.TXT,data/interim/parquet/demo/demo_2004q2.parquet,1394122,60162,60162,0,0,0,60162,0,22,report_id;case_id;i_f_cod;foll_seq;image;event_dt;mfr_dt;fda_dt;rept_cod;mfr_num;mfr_sndr;age;age_cod;sex;e_sub;wt;wt_cod;rept_dt;occp_cod;death_dt;to_mfr;confid
2004q3,laers,demo,ascii/DEMO04Q3.TXT,data/interim/parquet/demo/demo_2004q3.parquet,1718667,75321,75321,0,0,0,75321,0,22,report_id;case_id;i_f_cod;foll_seq;image;event_dt;mfr_dt;fda_dt;rept_cod;mfr_num;mfr_sndr;age;age_cod;sex;e_sub;wt;wt_cod;rept_dt;occp_cod;death_dt;to_mfr;confid
2004q4,laers,demo,ascii/DEMO04Q4.TXT,data/interim/parquet/demo/demo_2004q4.parquet,1617890,70632,70632,0,0,0,70632,0,22,report_id;case_id;i_f_cod;foll_seq;image;event_dt;mfr_dt;fda_dt;rept_cod;mfr_num;mfr_sndr;age;age_cod;sex;e_sub;wt;wt_cod;rept_dt;occp_cod;death_dt;to_mfr;confid
2005q1,laers,demo,ascii/DEMO05Q1.TXT,data/interim/parquet/demo/demo_2005q1.parquet,1749283,75918,75918,0,0,0,75918,0,22,report_id;case_id;i_f_cod;foll_seq;image;event_dt;mfr_dt;fda_dt;rept_cod;mfr_num;mfr_sndr;age;age_cod;sex;e_sub;wt;wt_cod;rept_dt;occp_cod;death_dt;to_mfr;confid
2005q2,laers,demo,ascii/DEMO05Q2.TXT,data/interim/parquet/demo/demo_2005q2.parquet,1861932,80524,80524,0,0,0,80524,0,22,report_id;case_id;i_f_cod;foll_seq;image;event_dt;mfr_dt;fda_dt;rept_cod;mfr_num;mfr_sndr;age;age_cod;sex;e_sub;wt;wt_cod;rept_dt;occp_cod;death_dt;to_mfr;confid
2005q3,laers,demo,ascii/DEMO05Q3.TXT,data/interim/parquet/demo/demo_2005q3.parquet,1885301,81188,81188,0,0,0,81188,0,23,report_id;case_id;i_f_cod;foll_seq;image;event_dt;mfr_dt;fda_dt;rept_cod;mfr_num;mfr_sndr;age;age_cod;sex;e_sub;wt;wt_cod;rept_dt;occp_cod;death_dt;to_mfr;confid;reporter_country
2005q4,laers,demo,ascii/DEMO05Q4.TXT,data/interim/parquet/demo/demo_2005q4.parquet,2007833,88342,88342,0,0,0,88342,0,23,report_id;case_id;i_f_cod;foll_seq;image;event_dt;mfr_dt;fda_dt;rept_cod;mfr_num;mfr_sndr;age;age_cod;sex;e_sub;wt;wt_cod;rept_dt;occp_cod;death_dt;to_mfr;confid;reporter_country
2006q1,laers,demo,ascii/DEMO06Q1.TXT,data/interim/parquet/demo/demo_2006q1.parquet,2059010,89343,89343,0,0,0,89343,0,23,report_id;case_id;i_f_cod;foll_seq;image;event_dt;mfr_dt;fda_dt;rept_cod;mfr_num;mfr_sndr;age;age_cod;sex;e_sub;wt;wt_cod;rept_dt;occp_cod;death_dt;to_mfr;confid;reporter_country
2006q2,laers,demo,ascii/DEMO06Q2.TXT,data/interim/parquet/demo/demo_2006q2.parquet,1893594,79449,79449,0,0,0,79449,0,23,report_id;case_id;i_f_cod;foll_seq;image;event_dt;mfr_dt;fda_dt;rept_cod;mfr_num;mfr_sndr;age;age_cod;sex;e_sub;wt;wt_cod;rept_dt;occp_cod;death_dt;to_mfr;confid;reporter_country
2006q3,laers,demo,ascii/DEMO06Q3.TXT,data/interim/parquet/demo/demo_2006q3.parquet,1694003,71595,71595,0,0,0,71595,0,23,report_id;case_id;i_f_cod;foll_seq;image;event_dt;mfr_dt;fda_dt;rept_cod;mfr_num;mfr_sndr;age;age_cod;sex;e_sub;wt;wt_cod;rept_dt;occp_cod;death_dt;to_mfr;confid;reporter_country
2006q4,laers,demo,ascii/DEMO06Q4.TXT,data/interim/parquet/demo/demo_2006q4.parquet,1860305,83102,83102,0,0,0,83102,0,23,report_id;case_id;i_f_cod;foll_seq;image;event_dt;mfr_dt;fda_dt;rept_cod;mfr_num;mfr_sndr;age;age_cod;sex;e_sub;wt;wt_cod;rept_dt;occp_cod;death_dt;to_mfr;confid;reporter_country
2007q1,laers,demo,ascii/DEMO07Q1.TXT,data/interim/parquet/demo/demo_2007q1.parquet,2044207,88622,88622,0,0,0,88622,0,23,report_id;case_id;i_f_cod;foll_seq;image;event_dt;mfr_dt;fda_dt;rept_cod;mfr_num;mfr_sndr;age;age_cod;sex;e_sub;wt;wt_cod;rept_dt;occp_cod;death_dt;to_mfr;confid;reporter_country
2007q2,laers,demo,ascii/DEMO07Q2.TXT,data/interim/parquet/demo/demo_2007q2.parquet,1964506,83723,83723,0,0,0,83723,0,23,report_id;case_id;i_f_cod;foll_seq;image;event_dt;mfr_dt;fda_dt;rept_cod;mfr_num;mfr_sndr;age;age_cod;sex;e_sub;wt;wt_cod;rept_dt;occp_cod;death_dt;to_mfr;confid;reporter_country
2007q3,laers,demo,ascii/DEMO07Q3.TXT,data/interim/parquet/demo/demo_2007q3.parquet,2103122,95813,95813,0,0,0,95813,0,23,report_id;case_id;i_f_cod;foll_seq;image;event_dt;mfr_dt;fda_dt;rept_cod;mfr_num;mfr_sndr;age;age_cod;sex;e_sub;wt;wt_cod;rept_dt;occp_cod;death_dt;to_mfr;confid;reporter_country
2007q4,laers,demo,ascii/DEMO07Q4.TXT,data/interim/parquet/demo/demo_2007q4.parquet,2348148,109615,109615,0,0,0,109615,0,23,report_id;case_id;i_f_cod;foll_seq;image;event_dt;mfr_dt;fda_dt;rept_cod;mfr_num;mfr_sndr;age;age_cod;sex;e_sub;wt;wt_cod;rept_dt;occp_cod;death_dt;to_mfr;confid;reporter_country
2008q1,laers,demo,ascii/DEMO08Q1.TXT,data/interim/parquet/demo/demo_2008q1.parquet,2315397,104042,104042,0,0,0,104042,0,23,report_id;case_id;i_f_cod;foll_seq;image;event_dt;mfr_dt;fda_dt;rept_cod;mfr_num;mfr_sndr;age;age_cod;sex;e_sub;wt;wt_cod;rept_dt;occp_cod;death_dt;to_mfr;confid;reporter_country
2008q2,laers,demo,ascii/DEMO08Q2.TXT,data/interim/parquet/demo/demo_2008q2.parquet,2383874,107095,107095,0,0,0,107095,0,23,report_id;case_id;i_f_cod;foll_seq;image;event_dt;mfr_dt;fda_dt;rept_cod;mfr_num;mfr_sndr;age;age_cod;sex;e_sub;wt;wt_cod;rept_dt;occp_cod;death_dt;to_mfr;confid;reporter_country
2008q3,laers,demo,ascii/DEMO08Q3.TXT,data/interim/parquet/demo/demo_2008q3.parquet,2415825,108039,108039,0,0,0,108039,0,23,report_id;case_id;i_f_cod;foll_seq;image;event_dt;mfr_dt;fda_dt;rept_cod;mfr_num;mfr_sndr;age;age_cod;sex;e_sub;wt;wt_cod;rept_dt;occp_cod;death_dt;to_mfr;confid;reporter_country
2008q4,laers,demo,ascii/DEMO08Q4.TXT,data/interim/parquet/demo/demo_2008q4.parquet,2614742,120643,120643,0,0,0,120643,0,23,report_id;case_id;i_f_cod;foll_seq;image;event_dt;mfr_dt;fda_dt;rept_cod;mfr_num;mfr_sndr;age;age_cod;sex;e_sub;wt;wt_cod;rept_dt;occp_cod;death_dt;to_mfr;confid;reporter_country
2009q1,laers,demo,ascii/DEMO09Q1.TXT,data/interim/parquet/demo/demo_2009q1.parquet,2458983,110971,110971,0,0,0,110971,0,23,report_id;case_id;i_f_cod;foll_seq;image;event_dt;mfr_dt;fda_dt;rept_cod;mfr_num;mfr_sndr;age;age_cod;sex;e_sub;wt;wt_cod;rept_dt;occp_cod;death_dt;to_mfr;confid;reporter_country
2009q2,laers,demo,ascii/DEMO09Q2.TXT,data/interim/parquet/demo/demo_2009q2.parquet,2510118,112029,112029,0,0,0,112029,0,23,report_id;case_id;i_f_cod;foll_seq;image;event_dt;mfr_dt;fda_dt;rept_cod;mfr_num;mfr_sndr;age;age_cod;sex;e_sub;wt;wt_cod;rept_dt;occp_cod;death_dt;to_mfr;confid;reporter_country
2009q3,laers,demo,ascii/DEMO09Q3.TXT,data/interim/parquet/demo/demo_2009q3.parquet,2822558,129685,129685,0,0,0,129685,0,23,report_id;case_id;i_f_cod;foll_seq;image;event_dt;mfr_dt;fda_dt;rept_cod;mfr_num;mfr_sndr;age;age_cod;sex;e_sub;wt;wt_cod;rept_dt;occp_cod;death_dt;to_mfr;confid;reporter_country
2009q4,laers,demo,ascii/DEMO09Q4.TXT,data/interim/parquet/demo/demo_2009q4.parquet,2964352,137312,137312,0,0,0,137312,0,23,report_id;case_id;i_f_cod;foll_seq;image;event_dt;mfr_dt;fda_dt;rept_cod;mfr_num;mfr_sndr;age;age_cod;sex;e_sub;wt;wt_cod;rept_dt;occp_cod;death_dt;to_mfr;confid;reporter_country
2010q1,laers,demo,ascii/DEMO10Q1.TXT,data/interim/parquet/demo/demo_2010q1.parquet,2908155,135784,135784,0,0,0,135784,0,23,report_id;case_id;i_f_cod;foll_seq;image;event_dt;mfr_dt;fda_dt;rept_cod;mfr_num;mfr_sndr;age;age_cod;sex;e_sub;wt;wt_cod;rept_dt;occp_cod;death_dt;to_mfr;confid;reporter_country
2010q2,laers,demo,ascii/DEMO10Q2.TXT,data/interim/parquet/demo/demo_2010q2.parquet,3043567,143995,143995,0,0,0,143995,0,23,report_id;case_id;i_f_cod;foll_seq;image;event_dt;mfr_dt;fda_dt;rept_cod;mfr_num;mfr_sndr;age;age_cod;sex;e_sub;wt;wt_cod;rept_dt;occp_cod;death_dt;to_mfr;confid;reporter_country
2010q3,laers,demo,ascii/DEMO10Q3.TXT,data/interim/parquet/demo/demo_2010q3.parquet,3951016,208936,208936,0,0,0,208936,0,23,report_id;case_id;i_f_cod;foll_seq;image;event_dt;mfr_dt;fda_dt;rept_cod;mfr_num;mfr_sndr;age;age_cod;sex;e_sub;wt;wt_cod;rept_dt;occp_cod;death_dt;to_mfr;confid;reporter_country
2010q4,laers,demo,ascii/DEMO10Q4.TXT,data/interim/parquet/demo/demo_2010q4.parquet,3592098,183204,183204,0,0,0,183204,0,23,report_id;case_id;i_f_cod;foll_seq;image;event_dt;mfr_dt;fda_dt;rept_cod;mfr_num;mfr_sndr;age;age_cod;sex;e_sub;wt;wt_cod;rept_dt;occp_cod;death_dt;to_mfr;confid;reporter_country
2011q1,laers,demo,ascii/DEMO11Q1.TXT,data/interim/parquet/demo/demo_2011q1.parquet,3672597,180886,180886,0,0,0,180886,0,23,report_id;case_id;i_f_cod;foll_seq;image;event_dt;mfr_dt;fda_dt;rept_cod;mfr_num;mfr_sndr;age;age_cod;sex;e_sub;wt;wt_cod;rept_dt;occp_cod;death_dt;to_mfr;confid;reporter_country
2011q2,laers,demo,ascii/DEMO11Q2.TXT,data/interim/parquet/demo/demo_2011q2.parquet,3904755,194130,194130,0,0,0,194130,0,23,report_id;case_id;i_f_cod;foll_seq;image;event_dt;mfr_dt;fda_dt;rept_cod;mfr_num;mfr_sndr;age;age_cod;sex;e_sub;wt;wt_cod;rept_dt;occp_cod;death_dt;to_mfr;confid;reporter_country
2011q3,laers,demo,ascii/DEMO11Q3.TXT,data/interim/parquet/demo/demo_2011q3.parquet,3939736,198575,198575,0,0,0,198575,0,23,report_id;case_id;i_f_cod;foll_seq;image;event_dt;mfr_dt;fda_dt;rept_cod;mfr_num;mfr_sndr;age;age_cod;sex;e_sub;wt;wt_cod;rept_dt;occp_cod;death_dt;to_mfr;confid;reporter_country
2011q4,laers,demo,ascii/DEMO11Q4.TXT,data/interim/parquet/demo/demo_2011q4.parquet,4009840,208489,208489,0,0,0,208489,0,23,report_id;case_id;i_f_cod;foll_seq;image;event_dt;mfr_dt;fda_dt;rept_cod;mfr_num;mfr_sndr;age;age_cod;sex;e_sub;wt;wt_cod;rept_dt;occp_cod;death_dt;to_mfr;confid;reporter_country
2012q1,laers,demo,ascii/DEMO12Q1.TXT,data/interim/parquet/demo/demo_2012q1.parquet,4424291,231737,231737,0,0,0,231737,1,23,report_id;case_id;i_f_cod;foll_seq;image;event_dt;mfr_dt;fda_dt;rept_cod;mfr_num;mfr_sndr;age;age_cod;sex;e_sub;wt;wt_cod;rept_dt;occp_cod;death_dt;to_mfr;confid;reporter_country
2012q2,laers,demo,ascii/DEMO12Q2.TXT,data/interim/parquet/demo/demo_2012q2.parquet,4377947,225195,225195,0,0,0,225195,0,23,report_id;case_id;i_f_cod;foll_seq;image;event_dt;mfr_dt;fda_dt;rept_cod;mfr_num;mfr_sndr;age;age_cod;sex;e_sub;wt;wt_cod;rept_dt;occp_cod;death_dt;to_mfr;confid;reporter_country
2012q3,laers,demo,ascii/DEMO12Q3.TXT,data/interim/parquet/demo/demo_2012q3.parquet,2896336,136203,136203,0,0,0,136203,0,23,report_id;case_id;i_f_cod;foll_seq;image;event_dt;mfr_dt;fda_dt;rept_cod;mfr_num;mfr_sndr;age;age_cod;sex;e_sub;wt;wt_cod;rept_dt;occp_cod;death_dt;to_mfr;confid;reporter_country
2012q4,faers_early,demo,ascii/demo12q4.txt,data/interim/parquet/demo/demo_2012q4.parquet,4320407,238388,238388,0,0,0,238388,0,22,report_id;case_id;caseversion;i_f_cod;event_dt;mfr_dt;init_fda_dt;fda_dt;rept_cod;mfr_num;mfr_sndr;age;age_cod;sex;e_sub;wt;wt_cod;rept_dt;to_mfr;occp_cod;reporter_country;occr_country
2013q1,faers_early,demo,ascii/DEMO13Q1.txt,data/interim/parquet/demo/demo_2013q1.parquet,4040269,223016,223016,0,0,0,223016,0,22,report_id;case_id;caseversion;i_f_cod;event_dt;mfr_dt;init_fda_dt;fda_dt;rept_cod;mfr_num;mfr_sndr;age;age_cod;sex;e_sub;wt;wt_cod;rept_dt;to_mfr;occp_cod;reporter_country;occr_country
2013q2,faers_early,demo,ascii/DEMO13Q2.txt,data/interim/parquet/demo/demo_2013q2.parquet,3363411,171764,171764,0,0,0,171764,0,22,report_id;case_id;caseversion;i_f_cod;event_dt;mfr_dt;init_fda_dt;fda_dt;rept_cod;mfr_num;mfr_sndr;age;age_cod;sex;e_sub;wt;wt_cod;rept_dt;to_mfr;occp_cod;reporter_country;occr_country
2013q3,faers_early,demo,ASCII/DEMO13Q3.txt,data/interim/parquet/demo/demo_2013q3.parquet,3483477,185569,185569,0,0,0,185569,0,22,report_id;case_id;caseversion;i_f_cod;event_dt;mfr_dt;init_fda_dt;fda_dt;rept_cod;mfr_num;mfr_sndr;age;age_cod;sex;e_sub;wt;wt_cod;rept_dt;to_mfr;occp_cod;reporter_country;occr_country
2013q4,faers_early,demo,ascii/DEMO13Q4.txt,data/interim/parquet/demo/demo_2013q4.parquet,4047855,232247,232247,0,0,0,232247,0,22,report_id;case_id;caseversion;i_f_cod;event_dt;mfr_dt;init_fda_dt;fda_dt;rept_cod;mfr_num;mfr_sndr;age;age_cod;sex;e_sub;wt;wt_cod;rept_dt;to_mfr;occp_cod;reporter_country;occr_country
2014q1,faers_early,demo,ascii/DEMO14Q1.txt,data/interim/parquet/demo/demo_2014q1.parquet,4427042,260057,260057,0,0,0,260057,0,22,report_id;case_id;caseversion;i_f_cod;event_dt;mfr_dt;init_fda_dt;fda_dt;rept_cod;mfr_num;mfr_sndr;age;age_cod;sex;e_sub;wt;wt_cod;rept_dt;to_mfr;occp_cod;reporter_country;occr_country
2014q2,faers_early,demo,ascii/DEMO14Q2.txt,data/interim/parquet/demo/demo_2014q2.parquet,3887391,223845,223845,0,0,0,223845,0,22,report_id;case_id;caseversion;i_f_cod;event_dt;mfr_dt;init_fda_dt;fda_dt;rept_cod;mfr_num;mfr_sndr;age;age_cod;sex;e_sub;wt;wt_cod;rept_dt;to_mfr;occp_cod;reporter_country;occr_country
2014q3,faers_modern,demo,ascii/DEMO14Q3.txt,data/interim/parquet/demo/demo_2014q3.parquet,4498779,211308,211308,0,0,0,211308,0,25,report_id;case_id;caseversion;i_f_cod;event_dt;mfr_dt;init_fda_dt;fda_dt;rept_cod;auth_num;mfr_num;mfr_sndr;lit_ref;age;age_cod;age_grp;sex;e_sub;wt;wt_cod;rept_dt;to_mfr;occp_cod;reporter_country;occr_country
2014q4,faers_modern,demo,ascii/DEMO14Q4.txt,data/interim/parquet/demo/demo_2014q4.parquet,4475071,207964,207964,0,0,0,207964,0,25,report_id;case_id;caseversion;i_f_cod;event_dt;mfr_dt;init_fda_dt;fda_dt;rept_cod;auth_num;mfr_num;mfr_sndr;lit_ref;age;age_cod;age_grp;sex;e_sub;wt;wt_cod;rept_dt;to_mfr;occp_cod;reporter_country;occr_country
2015q1,faers_modern,demo,ascii/DEMO15Q1.txt,data/interim/parquet/demo/demo_2015q1.parquet,5939298,317071,317071,0,0,0,317071,0,25,report_id;case_id;caseversion;i_f_cod;event_dt;mfr_dt;init_fda_dt;fda_dt;rept_cod;auth_num;mfr_num;mfr_sndr;lit_ref;age;age_cod;age_grp;sex;e_sub;wt;wt_cod;rept_dt;to_mfr;occp_cod;reporter_country;occr_country
2015q2,faers_modern,demo,ascii/DEMO15Q2.txt,data/interim/parquet/demo/demo_2015q2.parquet,6009526,289270,289270,0,0,0,289270,0,25,report_id;case_id;caseversion;i_f_cod;event_dt;mfr_dt;init_fda_dt;fda_dt;rept_cod;auth_num;mfr_num;mfr_sndr;lit_ref;age;age_cod;age_grp;sex;e_sub;wt;wt_cod;rept_dt;to_mfr;occp_cod;reporter_country;occr_country
2015q3,faers_modern,demo,ascii/DEMO15Q3.txt,data/interim/parquet/demo/demo_2015q3.parquet,7153631,398860,398860,0,0,0,398860,0,25,report_id;case_id;caseversion;i_f_cod;event_dt;mfr_dt;init_fda_dt;fda_dt;rept_cod;auth_num;mfr_num;mfr_sndr;lit_ref;age;age_cod;age_grp;sex;e_sub;wt;wt_cod;rept_dt;to_mfr;occp_cod;reporter_country;occr_country
2015q4,faers_modern,demo,ascii/DEMO15Q4.txt,data/interim/parquet/demo/demo_2015q4.parquet,6430320,314704,314704,0,0,0,314704,0,25,report_id;case_id;caseversion;i_f_cod;event_dt;mfr_dt;init_fda_dt;fda_dt;rept_cod;auth_num;mfr_num;mfr_sndr;lit_ref;age;age_cod;age_grp;sex;e_sub;wt;wt_cod;rept_dt;to_mfr;occp_cod;reporter_country;occr_country
2016q1,faers_modern,demo,ascii/DEMO16Q1.txt,data/interim/parquet/demo/demo_2016q1.parquet,6938490,365682,365682,0,0,0,365682,0,25,report_id;case_id;caseversion;i_f_cod;event_dt;mfr_dt;init_fda_dt;fda_dt;rept_cod;auth_num;mfr_num;mfr_sndr;lit_ref;age;age_cod;age_grp;sex;e_sub;wt;wt_cod;rept_dt;to_mfr;occp_cod;reporter_country;occr_country
2016q2,faers_modern,demo,ascii/DEMO16Q2.txt,data/interim/parquet/demo/demo_2016q2.parquet,6526819,316056,316056,0,0,0,316056,0,25,report_id;case_id;caseversion;i_f_cod;event_dt;mfr_dt;init_fda_dt;fda_dt;rept_cod;auth_num;mfr_num;mfr_sndr;lit_ref;age;age_cod;age_grp;sex;e_sub;wt;wt_cod;rept_dt;to_mfr;occp_cod;reporter_country;occr_country
2016q3,faers_modern,demo,ascii/DEMO16Q3.txt,data/interim/parquet/demo/demo_2016q3.parquet,6512738,313613,313613,0,0,0,313613,0,25,report_id;case_id;caseversion;i_f_cod;event_dt;mfr_dt;init_fda_dt;fda_dt;rept_cod;auth_num;mfr_num;mfr_sndr;lit_ref;age;age_cod;age_grp;sex;e_sub;wt;wt_cod;rept_dt;to_mfr;occp_cod;reporter_country;occr_country
2016q4,faers_modern,demo,ascii/DEMO16Q4.txt,data/interim/parquet/demo/demo_2016q4.parquet,6499798,309534,309534,0,0,0,309534,0,25,report_id;case_id;caseversion;i_f_cod;event_dt;mfr_dt;init_fda_dt;fda_dt;rept_cod;auth_num;mfr_num;mfr_sndr;lit_ref;age;age_cod;age_grp;sex;e_sub;wt;wt_cod;rept_dt;to_mfr;occp_cod;reporter_country;occr_country
2017q1,faers_modern,demo,ascii/DEMO17Q1.txt,data/interim/parquet/demo/demo_2017q1.parquet,7257711,352913,352913,0,0,0,352913,0,25,report_id;case_id;caseversion;i_f_cod;event_dt;mfr_dt;init_fda_dt;fda_dt;rept_cod;auth_num;mfr_num;mfr_sndr;lit_ref;age;age_cod;age_grp;sex;e_sub;wt;wt_cod;rept_dt;to_mfr;occp_cod;reporter_country;occr_country
2017q2,faers_modern,demo,ascii/DEMO17Q2.txt,data/interim/parquet/demo/demo_2017q2.parquet,7098134,337398,337398,0,0,0,337398,0,25,report_id;case_id;caseversion;i_f_cod;event_dt;mfr_dt;init_fda_dt;fda_dt;rept_cod;auth_num;mfr_num;mfr_sndr;lit_ref;age;age_cod;age_grp;sex;e_sub;wt;wt_cod;rept_dt;to_mfr;occp_cod;reporter_country;occr_country
2017q3,faers_modern,demo,ascii/DEMO17Q3.txt,data/interim/parquet/demo/demo_2017q3.parquet,7436504,351388,351388,0,0,0,351388,0,25,report_id;case_id;caseversion;i_f_cod;event_dt;mfr_dt;init_fda_dt;fda_dt;rept_cod;auth_num;mfr_num;mfr_sndr;lit_ref;age;age_cod;age_grp;sex;e_sub;wt;wt_cod;rept_dt;to_mfr;occp_cod;reporter_country;occr_country
2017q4,faers_modern,demo,ascii/DEMO17Q4.txt,data/interim/parquet/demo/demo_2017q4.parquet,7078969,327848,327848,0,0,0,327848,0,25,report_id;case_id;caseversion;i_f_cod;event_dt;mfr_dt;init_fda_dt;fda_dt;rept_cod;auth_num;mfr_num;mfr_sndr;lit_ref;age;age_cod;age_grp;sex;e_sub;wt;wt_cod;rept_dt;to_mfr;occp_cod;reporter_country;occr_country
2018q1,faers_modern,demo,ascii/DEMO18Q1_new.txt,data/interim/parquet/demo/demo_2018q1.parquet,8241551,412702,412702,0,0,0,412702,0,25,report_id;case_id;caseversion;i_f_cod;event_dt;mfr_dt;init_fda_dt;fda_dt;rept_cod;auth_num;mfr_num;mfr_sndr;lit_ref;age;age_cod;age_grp;sex;e_sub;wt;wt_cod;rept_dt;to_mfr;occp_cod;reporter_country;occr_country
2018q2,faers_modern,demo,ascii/DEMO18Q2.txt,data/interim/parquet/demo/demo_2018q2.parquet,9285235,457169,457169,0,0,0,457169,0,25,report_id;case_id;caseversion;i_f_cod;event_dt;mfr_dt;init_fda_dt;fda_dt;rept_cod;auth_num;mfr_num;mfr_sndr;lit_ref;age;age_cod;age_grp;sex;e_sub;wt;wt_cod;rept_dt;to_mfr;occp_cod;reporter_country;occr_country
2018q3,faers_modern,demo,ascii/DEMO18Q3.txt,data/interim/parquet/demo/demo_2018q3.parquet,8694358,420915,420915,0,0,0,420915,0,25,report_id;case_id;caseversion;i_f_cod;event_dt;mfr_dt;init_fda_dt;fda_dt;rept_cod;auth_num;mfr_num;mfr_sndr;lit_ref;age;age_cod;age_grp;sex;e_sub;wt;wt_cod;rept_dt;to_mfr;occp_cod;reporter_country;occr_country
2018q4,faers_modern,demo,ascii/DEMO18Q4.txt,data/interim/parquet/demo/demo_2018q4.parquet,8652227,394066,394066,0,0,0,394066,0,25,report_id;case_id;caseversion;i_f_cod;event_dt;mfr_dt;init_fda_dt;fda_dt;rept_cod;auth_num;mfr_num;mfr_sndr;lit_ref;age;age_cod;age_grp;sex;e_sub;wt;wt_cod;rept_dt;to_mfr;occp_cod;reporter_country;occr_country
2019q1,faers_modern,demo,ascii/DEMO19Q1.txt,data/interim/parquet/demo/demo_2019q1.parquet,8707696,413734,413734,0,0,0,413734,0,25,report_id;case_id;caseversion;i_f_cod;event_dt;mfr_dt;init_fda_dt;fda_dt;rept_cod;auth_num;mfr_num;mfr_sndr;lit_ref;age;age_cod;age_grp;sex;e_sub;wt;wt_cod;rept_dt;to_mfr;occp_cod;reporter_country;occr_country
2019q2,faers_modern,demo,ascii/DEMO19Q2.txt,data/interim/parquet/demo/demo_2019q2.parquet,9142240,441108,441108,0,0,0,441108,0,25,report_id;case_id;caseversion;i_f_cod;event_dt;mfr_dt;init_fda_dt;fda_dt;rept_cod;auth_num;mfr_num;mfr_sndr;lit_ref;age;age_cod;age_grp;sex;e_sub;wt;wt_cod;rept_dt;to_mfr;occp_cod;reporter_country;occr_country
2019q3,faers_modern,demo,ascii/DEMO19Q3.txt,data/interim/parquet/demo/demo_2019q3.parquet,9363056,452873,452873,0,0,0,452873,0,25,report_id;case_id;caseversion;i_f_cod;event_dt;mfr_dt;init_fda_dt;fda_dt;rept_cod;auth_num;mfr_num;mfr_sndr;lit_ref;age;age_cod;age_grp;sex;e_sub;wt;wt_cod;rept_dt;to_mfr;occp_cod;reporter_country;occr_country
2019q4,faers_modern,demo,ascii/DEMO19Q4.txt,data/interim/parquet/demo/demo_2019q4.parquet,9073788,419581,419581,0,0,0,419581,0,25,report_id;case_id;caseversion;i_f_cod;event_dt;mfr_dt;init_fda_dt;fda_dt;rept_cod;auth_num;mfr_num;mfr_sndr;lit_ref;age;age_cod;age_grp;sex;e_sub;wt;wt_cod;rept_dt;to_mfr;occp_cod;reporter_country;occr_country
2020q1,faers_modern,demo,ASCII/DEMO20Q1.txt,data/interim/parquet/demo/demo_2020q1.parquet,9587708,460327,460327,0,0,0,460327,0,25,report_id;case_id;caseversion;i_f_cod;event_dt;mfr_dt;init_fda_dt;fda_dt;rept_cod;auth_num;mfr_num;mfr_sndr;lit_ref;age;age_cod;age_grp;sex;e_sub;wt;wt_cod;rept_dt;to_mfr;occp_cod;reporter_country;occr_country
2020q2,faers_modern,demo,ASCII/DEMO20Q2.txt,data/interim/parquet/demo/demo_2020q2.parquet,8784450,429227,429227,0,0,0,429227,0,25,report_id;case_id;caseversion;i_f_cod;event_dt;mfr_dt;init_fda_dt;fda_dt;rept_cod;auth_num;mfr_num;mfr_sndr;lit_ref;age;age_cod;age_grp;sex;e_sub;wt;wt_cod;rept_dt;to_mfr;occp_cod;reporter_country;occr_country
2020q3,faers_modern,demo,ASCII/DEMO20Q3.txt,data/interim/parquet/demo/demo_2020q3.parquet,9324957,431667,431667,0,0,0,431667,0,25,report_id;case_id;caseversion;i_f_cod;event_dt;mfr_dt;init_fda_dt;fda_dt;rept_cod;auth_num;mfr_num;mfr_sndr;lit_ref;age;age_cod;age_grp;sex;e_sub;wt;wt_cod;rept_dt;to_mfr;occp_cod;reporter_country;occr_country
2020q4,faers_modern,demo,ASCII/DEMO20Q4.txt,data/interim/parquet/demo/demo_2020q4.parquet,9523414,436148,436148,0,0,0,436148,0,25,report_id;case_id;caseversion;i_f_cod;event_dt;mfr_dt;init_fda_dt;fda_dt;rept_cod;auth_num;mfr_num;mfr_sndr;lit_ref;age;age_cod;age_grp;sex;e_sub;wt;wt_cod;rept_dt;to_mfr;occp_cod;reporter_country;occr_country
2021q1,faers_modern,demo,ASCII/DEMO21Q1.txt,data/interim/parquet/demo/demo_2021q1.parquet,9750603,463741,463741,0,0,0,463741,0,25,report_id;case_id;caseversion;i_f_cod;event_dt;mfr_dt;init_fda_dt;fda_dt;rept_cod;auth_num;mfr_num;mfr_sndr;lit_ref;age;age_cod;age_grp;sex;e_sub;wt;wt_cod;rept_dt;to_mfr;occp_cod;reporter_country;occr_country
2021q2,faers_modern,demo,ASCII/DEMO21Q2.txt,data/interim/parquet/demo/demo_2021q2.parquet,9795329,479945,479945,0,0,0,479945,0,25,report_id;case_id;caseversion;i_f_cod;event_dt;mfr_dt;init_fda_dt;fda_dt;rept_cod;auth_num;mfr_num;mfr_sndr;lit_ref;age;age_cod;age_grp;sex;e_sub;wt;wt_cod;rept_dt;to_mfr;occp_cod;reporter_country;occr_country
2021q3,faers_modern,demo,ASCII/DEMO21Q3.txt,data/interim/parquet/demo/demo_2021q3.parquet,10277803,504160,504160,0,0,0,504160,0,25,report_id;case_id;caseversion;i_f_cod;event_dt;mfr_dt;init_fda_dt;fda_dt;rept_cod;auth_num;mfr_num;mfr_sndr;lit_ref;age;age_cod;age_grp;sex;e_sub;wt;wt_cod;rept_dt;to_mfr;occp_cod;reporter_country;occr_country
2021q4,faers_modern,demo,ASCII/DEMO21Q4.txt,data/interim/parquet/demo/demo_2021q4.parquet,9434060,412542,412542,0,0,0,412542,0,25,report_id;case_id;caseversion;i_f_cod;event_dt;mfr_dt;init_fda_dt;fda_dt;rept_cod;auth_num;mfr_num;mfr_sndr;lit_ref;age;age_cod;age_grp;sex;e_sub;wt;wt_cod;rept_dt;to_mfr;occp_cod;reporter_country;occr_country
2022q1,faers_modern,demo,ASCII/DEMO22Q1.txt,data/interim/parquet/demo/demo_2022q1.parquet,9912550,461623,461623,0,0,0,461623,0,25,report_id;case_id;caseversion;i_f_cod;event_dt;mfr_dt;init_fda_dt;fda_dt;rept_cod;auth_num;mfr_num;mfr_sndr;lit_ref;age;age_cod;age_grp;sex;e_sub;wt;wt_cod;rept_dt;to_mfr;occp_cod;reporter_country;occr_country
2022q2,faers_modern,demo,ASCII/DEMO22Q2.txt,data/interim/parquet/demo/demo_2022q2.parquet,9735380,435618,435618,0,0,0,435618,0,25,report_id;case_id;caseversion;i_f_cod;event_dt;mfr_dt;init_fda_dt;fda_dt;rept_cod;auth_num;mfr_num;mfr_sndr;lit_ref;age;age_cod;age_grp;sex;e_sub;wt;wt_cod;rept_dt;to_mfr;occp_cod;reporter_country;occr_country
2022q3,faers_modern,demo,ASCII/DEMO22Q3.txt,data/interim/parquet/demo/demo_2022q3.parquet,9815181,446511,446511,0,0,0,446511,0,25,report_id;case_id;caseversion;i_f_cod;event_dt;mfr_dt;init_fda_dt;fda_dt;rept_cod;auth_num;mfr_num;mfr_sndr;lit_ref;age;age_cod;age_grp;sex;e_sub;wt;wt_cod;rept_dt;to_mfr;occp_cod;reporter_country;occr_country
2022q4,faers_modern,demo,ASCII/DEMO22Q4.txt,data/interim/parquet/demo/demo_2022q4.parquet,10724695,483643,483643,0,0,0,483643,0,25,report_id;case_id;caseversion;i_f_cod;event_dt;mfr_dt;init_fda_dt;fda_dt;rept_cod;auth_num;mfr_num;mfr_sndr;lit_ref;age;age_cod;age_grp;sex;e_sub;wt;wt_cod;rept_dt;to_mfr;occp_cod;reporter_country;occr_country
2023q1,faers_modern,demo,ASCII/DEMO23Q1.txt,data/interim/parquet/demo/demo_2023q1.parquet,9876931,432144,432144,0,0,0,432144,0,25,report_id;case_id;caseversion;i_f_cod;event_dt;mfr_dt;init_fda_dt;fda_dt;rept_cod;auth_num;mfr_num;mfr_sndr;lit_ref;age;age_cod;age_grp;sex;e_sub;wt;wt_cod;rept_dt;to_mfr;occp_cod;reporter_country;occr_country
2023q2,faers_modern,demo,ASCII/DEMO23Q2.txt,data/interim/parquet/demo/demo_2023q2.parquet,9881079,418592,418592,0,0,0,418592,0,25,report_id;case_id;caseversion;i_f_cod;event_dt;mfr_dt;init_fda_dt;fda_dt;rept_cod;auth_num;mfr_num;mfr_sndr;lit_ref;age;age_cod;age_grp;sex;e_sub;wt;wt_cod;rept_dt;to_mfr;occp_cod;reporter_country;occr_country
2023q3,faers_modern,demo,ASCII/DEMO23Q3.txt,data/interim/parquet/demo/demo_2023q3.parquet,9479625,407522,407522,0,0,0,407522,0,25,report_id;case_id;caseversion;i_f_cod;event_dt;mfr_dt;init_fda_dt;fda_dt;rept_cod;auth_num;mfr_num;mfr_sndr;lit_ref;age;age_cod;age_grp;sex;e_sub;wt;wt_cod;rept_dt;to_mfr;occp_cod;reporter_country;occr_country
2023q4,faers_modern,demo,ASCII/DEMO23Q4.txt,data/interim/parquet/demo/demo_2023q4.parquet,9917188,415379,415379,0,0,0,415379,0,25,report_id;case_id;caseversion;i_f_cod;event_dt;mfr_dt;init_fda_dt;fda_dt;rept_cod;auth_num;mfr_num;mfr_sndr;lit_ref;age;age_cod;age_grp;sex;e_sub;wt;wt_cod;rept_dt;to_mfr;occp_cod;reporter_country;occr_country
2024q1,faers_modern,demo,ASCII/DEMO24Q1.txt,data/interim/parquet/demo/demo_2024q1.parquet,9543443,406184,406184,0,0,0,406184,0,25,report_id;case_id;caseversion;i_f_cod;event_dt;mfr_dt;init_fda_dt;fda_dt;rept_cod;auth_num;mfr_num;mfr_sndr;lit_ref;age;age_cod;age_grp;sex;e_sub;wt;wt_cod;rept_dt;to_mfr;occp_cod;reporter_country;occr_country
2024q2,faers_modern,demo,ASCII/DEMO24Q2.txt,data/interim/parquet/demo/demo_2024q2.parquet,9934831,397119,397119,0,0,0,397119,0,25,report_id;case_id;caseversion;i_f_cod;event_dt;mfr_dt;init_fda_dt;fda_dt;rept_cod;auth_num;mfr_num;mfr_sndr;lit_ref;age;age_cod;age_grp;sex;e_sub;wt;wt_cod;rept_dt;to_mfr;occp_cod;reporter_country;occr_country
2024q3,faers_modern,demo,ASCII/DEMO24Q3.txt,data/interim/parquet/demo/demo_2024q3.parquet,9963736,405513,405513,0,0,0,405513,0,25,report_id;case_id;caseversion;i_f_cod;event_dt;mfr_dt;init_fda_dt;fda_dt;rept_cod;auth_num;mfr_num;mfr_sndr;lit_ref;age;age_cod;age_grp;sex;e_sub;wt;wt_cod;rept_dt;to_mfr;occp_cod;reporter_country;occr_country
2024q4,faers_modern,demo,ASCII/DEMO24Q4.txt,data/interim/parquet/demo/demo_2024q4.parquet,10361222,410849,410849,0,0,0,410849,0,25,report_id;case_id;caseversion;i_f_cod;event_dt;mfr_dt;init_fda_dt;fda_dt;rept_cod;auth_num;mfr_num;mfr_sndr;lit_ref;age;age_cod;age_grp;sex;e_sub;wt;wt_cod;rept_dt;to_mfr;occp_cod;reporter_country;occr_country
2025q1,faers_modern,demo,ASCII/DEMO25Q1.txt,data/interim/parquet/demo/demo_2025q1.parquet,9852389,400514,400514,0,0,0,400514,0,25,report_id;case_id;caseversion;i_f_cod;event_dt;mfr_dt;init_fda_dt;fda_dt;rept_cod;auth_num;mfr_num;mfr_sndr;lit_ref;age;age_cod;age_grp;sex;e_sub;wt;wt_cod;rept_dt;to_mfr;occp_cod;reporter_country;occr_country
2025q2,faers_modern,demo,ASCII/DEMO25Q2.txt,data/interim/parquet/demo/demo_2025q2.parquet,10084897,393130,393130,0,0,0,393130,0,25,report_id;case_id;caseversion;i_f_cod;event_dt;mfr_dt;init_fda_dt;fda_dt;rept_cod;auth_num;mfr_num;mfr_sndr;lit_ref;age;age_cod;age_grp;sex;e_sub;wt;wt_cod;rept_dt;to_mfr;occp_cod;reporter_country;occr_country
2025q3,faers_modern,demo,ASCII/DEMO25Q3.txt,data/interim/parquet/demo/demo_2025q3.parquet,11178231,438512,438512,0,0,0,438512,0,25,report_id;case_id;caseversion;i_f_cod;event_dt;mfr_dt;init_fda_dt;fda_dt;rept_cod;auth_num;mfr_num;mfr_sndr;lit_ref;age;age_cod;age_grp;sex;e_sub;wt;wt_cod;rept_dt;to_mfr;occp_cod;reporter_country;occr_country
2025q4,faers_modern,demo,ASCII/DEMO25Q4.txt,data/interim/parquet/demo/demo_2025q4.parquet,9717575,385288,385288,0,0,0,385288,0,25,report_id;case_id;caseversion;i_f_cod;event_dt;mfr_dt;init_fda_dt;fda_dt;rept_cod;auth_num;mfr_num;mfr_sndr;lit_ref;age;age_cod;age_grp;sex;e_sub;wt;wt_cod;rept_dt;to_mfr;occp_cod;reporter_country;occr_country
2026q1,faers_modern,demo,ASCII/DEMO26Q1.txt,data/interim/parquet/demo/demo_2026q1.parquet,9065448,397224,397224,0,0,0,397224,0,25,report_id;case_id;caseversion;i_f_cod;event_dt;mfr_dt;init_fda_dt;fda_dt;rept_cod;auth_num;mfr_num;mfr_sndr;lit_ref;age;age_cod;age_grp;sex;e_sub;wt;wt_cod;rept_dt;to_mfr;occp_cod;reporter_country;occr_country
2026q2,faers_modern,demo,ASCII/DEMO26Q2.txt,data/interim/parquet/demo/demo_2026q2.parquet,8722005,422459,422459,0,0,0,422459,0,25,report_id;case_id;caseversion;i_f_cod;event_dt;mfr_dt;init_fda_dt;fda_dt;rept_cod;auth_num;mfr_num;mfr_sndr;lit_ref;age;age_cod;age_grp;sex;e_sub;wt;wt_cod;rept_dt;to_mfr;occp_cod;reporter_country;occr_country
2004q1,laers,drug,ascii/DRUG04Q1.TXT,data/interim/parquet/drug/drug_2004q1.parquet,2430572,235361,235361,0,0,0,235361,0,12,report_id;drug_seq;role_cod;drugname;val_vbm;route;dose_vbm;dechal;rechal;lot_num;exp_dt;nda_num
2004q2,laers,drug,ascii/DRUG04Q2.TXT,data/interim/parquet/drug/drug_2004q2.parquet,2373084,232925,232925,0,0,0,232925,0,12,report_id;drug_seq;role_cod;drugname;val_vbm;route;dose_vbm;dechal;rechal;lot_num;exp_dt;nda_num
2004q3,laers,drug,ascii/DRUG04Q3.TXT,data/interim/parquet/drug/drug_2004q3.parquet,2691705,271996,271996,0,0,0,271996,0,12,report_id;drug_seq;role_cod;drugname;val_vbm;route;dose_vbm;dechal;rechal;lot_num;exp_dt;nda_num
2004q4,laers,drug,ascii/DRUG04Q4.TXT,data/interim/parquet/drug/drug_2004q4.parquet,2671904,276197,276197,0,0,0,276197,0,12,report_id;drug_seq;role_cod;drugname;val_vbm;route;dose_vbm;dechal;rechal;lot_num;exp_dt;nda_num
2005q1,laers,drug,ascii/DRUG05Q1.TXT,data/interim/parquet/drug/drug_2005q1.parquet,2738719,277055,277055,0,0,0,277055,0,12,report_id;drug_seq;role_cod;drugname;val_vbm;route;dose_vbm;dechal;rechal;lot_num;exp_dt;nda_num
2005q2,laers,drug,ascii/DRUG05Q2.TXT,data/interim/parquet/drug/drug_2005q2.parquet,3151911,317883,317883,0,0,0,317883,0,12,report_id;drug_seq;role_cod;drugname;val_vbm;route;dose_vbm;dechal;rechal;lot_num;exp_dt;nda_num
2005q3,laers,drug,ascii/DRUG05Q3.TXT,data/interim/parquet/drug/drug_2005q3.parquet,2949039,306277,306277,0,0,0,306277,0,12,report_id;drug_seq;role_cod;drugname;val_vbm;route;dose_vbm;dechal;rechal;lot_num;exp_dt;nda_num
2005q4,laers,drug,ascii/DRUG05Q4.TXT,data/interim/parquet/drug/drug_2005q4.parquet,3007235,321483,321483,0,0,0,321483,0,12,report_id;drug_seq;role_cod;drugname;val_vbm;route;dose_vbm;dechal;rechal;lot_num;exp_dt;nda_num
2006q1,laers,drug,ascii/DRUG06Q1.TXT,data/interim/parquet/drug/drug_2006q1.parquet,3075377,334994,334994,0,0,0,334994,0,12,report_id;drug_seq;role_cod;drugname;val_vbm;route;dose_vbm;dechal;rechal;lot_num;exp_dt;nda_num
2006q2,laers,drug,ascii/DRUG06Q2.TXT,data/interim/parquet/drug/drug_2006q2.parquet,2883566,309882,309882,0,0,0,309882,0,12,report_id;drug_seq;role_cod;drugname;val_vbm;route;dose_vbm;dechal;rechal;lot_num;exp_dt;nda_num
2006q3,laers,drug,ascii/DRUG06Q3.TXT,data/interim/parquet/drug/drug_2006q3.parquet,2686864,271482,271482,0,0,0,271482,0,12,report_id;drug_seq;role_cod;drugname;val_vbm;route;dose_vbm;dechal;rechal;lot_num;exp_dt;nda_num
2006q4,laers,drug,ascii/DRUG06Q4.TXT,data/interim/parquet/drug/drug_2006q4.parquet,2816163,291106,291106,0,0,0,291106,0,12,report_id;drug_seq;role_cod;drugname;val_vbm;route;dose_vbm;dechal;rechal;lot_num;exp_dt;nda_num
2007q1,laers,drug,ascii/DRUG07Q1.TXT,data/interim/parquet/drug/drug_2007q1.parquet,2997703,321662,321662,0,0,0,321662,0,12,report_id;drug_seq;role_cod;drugname;val_vbm;route;dose_vbm;dechal;rechal;lot_num;exp_dt;nda_num
2007q2,laers,drug,ascii/DRUG07Q2.TXT,data/interim/parquet/drug/drug_2007q2.parquet,2902227,312537,312537,0,0,0,312537,0,12,report_id;drug_seq;role_cod;drugname;val_vbm;route;dose_vbm;dechal;rechal;lot_num;exp_dt;nda_num
2007q3,laers,drug,ascii/DRUG07Q3.TXT,data/interim/parquet/drug/drug_2007q3.parquet,2978207,326587,326587,0,0,0,326587,0,12,report_id;drug_seq;role_cod;drugname;val_vbm;route;dose_vbm;dechal;rechal;lot_num;exp_dt;nda_num
2007q4,laers,drug,ascii/DRUG07Q4.TXT,data/interim/parquet/drug/drug_2007q4.parquet,3330085,372423,372423,0,0,0,372423,0,12,report_id;drug_seq;role_cod;drugname;val_vbm;route;dose_vbm;dechal;rechal;lot_num;exp_dt;nda_num
2008q1,laers,drug,ascii/DRUG08Q1.TXT,data/interim/parquet/drug/drug_2008q1.parquet,3361360,367710,367710,0,0,0,367710,0,12,report_id;drug_seq;role_cod;drugname;val_vbm;route;dose_vbm;dechal;rechal;lot_num;exp_dt;nda_num
2008q2,laers,drug,ascii/DRUG08Q2.TXT,data/interim/parquet/drug/drug_2008q2.parquet,3529722,383028,383028,0,0,0,383028,0,12,report_id;drug_seq;role_cod;drugname;val_vbm;route;dose_vbm;dechal;rechal;lot_num;exp_dt;nda_num
2008q3,laers,drug,ascii/DRUG08Q3.TXT,data/interim/parquet/drug/drug_2008q3.parquet,3603092,397168,397168,0,0,0,397168,0,12,report_id;drug_seq;role_cod;drugname;val_vbm;route;dose_vbm;dechal;rechal;lot_num;exp_dt;nda_num
2008q4,laers,drug,ascii/DRUG08Q4.TXT,data/interim/parquet/drug/drug_2008q4.parquet,3645319,414412,414412,0,0,0,414412,0,12,report_id;drug_seq;role_cod;drugname;val_vbm;route;dose_vbm;dechal;rechal;lot_num;exp_dt;nda_num
2009q1,laers,drug,ascii/DRUG09Q1.TXT,data/interim/parquet/drug/drug_2009q1.parquet,3604200,409235,409235,0,0,0,409235,0,12,report_id;drug_seq;role_cod;drugname;val_vbm;route;dose_vbm;dechal;rechal;lot_num;exp_dt;nda_num
2009q2,laers,drug,ascii/DRUG09Q2.TXT,data/interim/parquet/drug/drug_2009q2.parquet,3919645,458664,458664,0,0,0,458664,0,12,report_id;drug_seq;role_cod;drugname;val_vbm;route;dose_vbm;dechal;rechal;lot_num;exp_dt;nda_num
2009q3,laers,drug,ascii/DRUG09Q3.TXT,data/interim/parquet/drug/drug_2009q3.parquet,4434453,534670,534670,0,0,0,534670,0,12,report_id;drug_seq;role_cod;drugname;val_vbm;route;dose_vbm;dechal;rechal;lot_num;exp_dt;nda_num
2009q4,laers,drug,ascii/DRUG09Q4.TXT,data/interim/parquet/drug/drug_2009q4.parquet,4407964,513523,513523,0,0,0,513523,0,12,report_id;drug_seq;role_cod;drugname;val_vbm;route;dose_vbm;dechal;rechal;lot_num;exp_dt;nda_num
2010q1,laers,drug,ascii/DRUG10Q1.TXT,data/interim/parquet/drug/drug_2010q1.parquet,4464306,524300,524300,0,0,0,524300,0,12,report_id;drug_seq;role_cod;drugname;val_vbm;route;dose_vbm;dechal;rechal;lot_num;exp_dt;nda_num
2010q2,laers,drug,ascii/DRUG10Q2.TXT,data/interim/parquet/drug/drug_2010q2.parquet,4780941,574520,574520,0,0,0,574520,0,12,report_id;drug_seq;role_cod;drugname;val_vbm;route;dose_vbm;dechal;rechal;lot_num;exp_dt;nda_num
2010q3,laers,drug,ascii/DRUG10Q3.TXT,data/interim/parquet/drug/drug_2010q3.parquet,5713405,792385,792385,0,0,0,792385,0,12,report_id;drug_seq;role_cod;drugname;val_vbm;route;dose_vbm;dechal;rechal;lot_num;exp_dt;nda_num
2010q4,laers,drug,ascii/DRUG10Q4.TXT,data/interim/parquet/drug/drug_2010q4.parquet,5157350,638788,638788,0,0,0,638788,0,12,report_id;drug_seq;role_cod;drugname;val_vbm;route;dose_vbm;dechal;rechal;lot_num;exp_dt;nda_num
2011q1,laers,drug,ascii/DRUG11Q1.TXT,data/interim/parquet/drug/drug_2011q1.parquet,6621469,685540,685540,0,0,0,685540,0,12,report_id;drug_seq;role_cod;drugname;val_vbm;route;dose_vbm;dechal;rechal;lot_num;exp_dt;nda_num
2011q2,laers,drug,ascii/DRUG11Q2.TXT,data/interim/parquet/drug/drug_2011q2.parquet,7247134,754487,754486,1,0,0,754486,0,12,report_id;drug_seq;role_cod;drugname;val_vbm;route;dose_vbm;dechal;rechal;lot_num;exp_dt;nda_num
2011q3,laers,drug,ascii/DRUG11Q3.TXT,data/interim/parquet/drug/drug_2011q3.parquet,7106385,752644,752643,1,0,0,752643,0,12,report_id;drug_seq;role_cod;drugname;val_vbm;route;dose_vbm;dechal;rechal;lot_num;exp_dt;nda_num
2011q4,laers,drug,ascii/DRUG11Q4.TXT,data/interim/parquet/drug/drug_2011q4.parquet,6868938,734095,734094,1,0,0,734094,0,12,report_id;drug_seq;role_cod;drugname;val_vbm;route;dose_vbm;dechal;rechal;lot_num;exp_dt;nda_num
2012q1,laers,drug,ascii/DRUG12Q1.TXT,data/interim/parquet/drug/drug_2012q1.parquet,7988670,860983,860983,0,0,0,860983,0,12,report_id;drug_seq;role_cod;drugname;val_vbm;route;dose_vbm;dechal;rechal;lot_num;exp_dt;nda_num
2012q2,laers,drug,ascii/DRUG12Q2.TXT,data/interim/parquet/drug/drug_2012q2.parquet,7701946,821156,821156,0,0,0,821156,0,12,report_id;drug_seq;role_cod;drugname;val_vbm;route;dose_vbm;dechal;rechal;lot_num;exp_dt;nda_num
2012q3,laers,drug,ascii/DRUG12Q3.TXT,data/interim/parquet/drug/drug_2012q3.parquet,5067871,518482,518482,0,0,0,518482,0,12,report_id;drug_seq;role_cod;drugname;val_vbm;route;dose_vbm;dechal;rechal;lot_num;exp_dt;nda_num
2012q4,faers_early,drug,ascii/drug12q4.txt,data/interim/parquet/drug/drug_2012q4.parquet,8140051,764515,764515,0,0,0,764515,0,19,report_id;case_id;drug_seq;role_cod;drugname;val_vbm;route;dose_vbm;cum_dose_chr;cum_dose_unit;dechal;rechal;lot_num;exp_dt;nda_num;dose_amt;dose_unit;dose_form;dose_freq
2013q1,faers_early,drug,ascii/DRUG13Q1.txt,data/interim/parquet/drug/drug_2013q1.parquet,7885734,737725,737725,0,0,0,737725,0,19,report_id;case_id;drug_seq;role_cod;drugname;val_vbm;route;dose_vbm;cum_dose_chr;cum_dose_unit;dechal;rechal;lot_num;exp_dt;nda_num;dose_amt;dose_unit;dose_form;dose_freq
2013q2,faers_early,drug,ascii/DRUG13Q2.txt,data/interim/parquet/drug/drug_2013q2.parquet,6574909,564548,564548,0,0,0,564548,0,19,report_id;case_id;drug_seq;role_cod;drugname;val_vbm;route;dose_vbm;cum_dose_chr;cum_dose_unit;dechal;rechal;lot_num;exp_dt;nda_num;dose_amt;dose_unit;dose_form;dose_freq
2013q3,faers_early,drug,ASCII/DRUG13Q3.txt,data/interim/parquet/drug/drug_2013q3.parquet,6927691,607921,607921,0,0,0,607921,0,19,report_id;case_id;drug_seq;role_cod;drugname;val_vbm;route;dose_vbm;cum_dose_chr;cum_dose_unit;dechal;rechal;lot_num;exp_dt;nda_num;dose_amt;dose_unit;dose_form;dose_freq
2013q4,faers_early,drug,ascii/DRUG13Q4.txt,data/interim/parquet/drug/drug_2013q4.parquet,7951394,738501,738501,0,0,0,738501,0,19,report_id;case_id;drug_seq;role_cod;drugname;val_vbm;route;dose_vbm;cum_dose_chr;cum_dose_unit;dechal;rechal;lot_num;exp_dt;nda_num;dose_amt;dose_unit;dose_form;dose_freq
2014q1,faers_early,drug,ascii/DRUG14Q1.txt,data/interim/parquet/drug/drug_2014q1.parquet,9705143,901608,901608,0,0,0,901608,0,19,report_id;case_id;drug_seq;role_cod;drugname;val_vbm;route;dose_vbm;cum_dose_chr;cum_dose_unit;dechal;rechal;lot_num;exp_dt;nda_num;dose_amt;dose_unit;dose_form;dose_freq
2014q2,faers_early,drug,ascii/DRUG14Q2.txt,data/interim/parquet/drug/drug_2014q2.parquet,7533103,683829,683829,0,0,0,683829,0,19,report_id;case_id;drug_seq;role_cod;drugname;val_vbm;route;dose_vbm;cum_dose_chr;cum_dose_unit;dechal;rechal;lot_num;exp_dt;nda_num;dose_amt;dose_unit;dose_form;dose_freq
2014q3,faers_modern,drug,ascii/DRUG14Q3.txt,data/interim/parquet/drug/drug_2014q3.parquet,8522065,688140,688140,0,0,0,688140,0,20,report_id;case_id;drug_seq;role_cod;drugname;prod_ai;val_vbm;route;dose_vbm;cum_dose_chr;cum_dose_unit;dechal;rechal;lot_num;exp_dt;nda_num;dose_amt;dose_unit;dose_form;dose_freq
2014q4,faers_modern,drug,ascii/DRUG14Q4.txt,data/interim/parquet/drug/drug_2014q4.parquet,8433450,682292,682292,0,0,0,682292,0,20,report_id;case_id;drug_seq;role_cod;drugname;prod_ai;val_vbm;route;dose_vbm;cum_dose_chr;cum_dose_unit;dechal;rechal;lot_num;exp_dt;nda_num;dose_amt;dose_unit;dose_form;dose_freq
2015q1,faers_modern,drug,ascii/DRUG15Q1.txt,data/interim/parquet/drug/drug_2015q1.parquet,11763132,1082833,1082833,0,0,0,1082833,0,20,report_id;case_id;drug_seq;role_cod;drugname;prod_ai;val_vbm;route;dose_vbm;cum_dose_chr;cum_dose_unit;dechal;rechal;lot_num;exp_dt;nda_num;dose_amt;dose_unit;dose_form;dose_freq
2015q2,faers_modern,drug,ascii/DRUG15Q2.txt,data/interim/parquet/drug/drug_2015q2.parquet,11424377,967120,967120,0,0,0,967120,0,20,report_id;case_id;drug_seq;role_cod;drugname;prod_ai;val_vbm;route;dose_vbm;cum_dose_chr;cum_dose_unit;dechal;rechal;lot_num;exp_dt;nda_num;dose_amt;dose_unit;dose_form;dose_freq
2015q3,faers_modern,drug,ascii/DRUG15Q3.txt,data/interim/parquet/drug/drug_2015q3.parquet,14444859,1294625,1294625,0,0,0,1294625,0,20,report_id;case_id;drug_seq;role_cod;drugname;prod_ai;val_vbm;route;dose_vbm;cum_dose_chr;cum_dose_unit;dechal;rechal;lot_num;exp_dt;nda_num;dose_amt;dose_unit;dose_form;dose_freq
2015q4,faers_modern,drug,ascii/DRUG15Q4.txt,data/interim/parquet/drug/drug_2015q4.parquet,12381926,1064332,1064332,0,0,0,1064332,0,20,report_id;case_id;drug_seq;role_cod;drugname;prod_ai;val_vbm;route;dose_vbm;cum_dose_chr;cum_dose_unit;dechal;rechal;lot_num;exp_dt;nda_num;dose_amt;dose_unit;dose_form;dose_freq
2016q1,faers_modern,drug,ascii/DRUG16Q1.txt,data/interim/parquet/drug/drug_2016q1.parquet,13766959,1202390,1202390,0,0,0,1202390,0,20,report_id;case_id;drug_seq;role_cod;drugname;prod_ai;val_vbm;route;dose_vbm;cum_dose_chr;cum_dose_unit;dechal;rechal;lot_num;exp_dt;nda_num;dose_amt;dose_unit;dose_form;dose_freq
2016q2,faers_modern,drug,ascii/DRUG16Q2.txt,data/interim/parquet/drug/drug_2016q2.parquet,13445272,1144148,1144148,0,0,0,1144148,0,20,report_id;case_id;drug_seq;role_cod;drugname;prod_ai;val_vbm;route;dose_vbm;cum_dose_chr;cum_dose_unit;dechal;rechal;lot_num;exp_dt;nda_num;dose_amt;dose_unit;dose_form;dose_freq
2016q3,faers_modern,drug,ascii/DRUG16Q3.txt,data/interim/parquet/drug/drug_2016q3.parquet,14470621,1257054,1257054,0,0,0,1257054,0,20,report_id;case_id;drug_seq;role_cod;drugname;prod_ai;val_vbm;route;dose_vbm;cum_dose_chr;cum_dose_unit;dechal;rechal;lot_num;exp_dt;nda_num;dose_amt;dose_unit;dose_form;dose_freq
2016q4,faers_modern,drug,ascii/DRUG16Q4.txt,data/interim/parquet/drug/drug_2016q4.parquet,13825575,1147547,1147547,0,0,0,1147547,0,20,report_id;case_id;drug_seq;role_cod;drugname;prod_ai;val_vbm;route;dose_vbm;cum_dose_chr;cum_dose_unit;dechal;rechal;lot_num;exp_dt;nda_num;dose_amt;dose_unit;dose_form;dose_freq
2017q1,faers_modern,drug,ascii/DRUG17Q1.txt,data/interim/parquet/drug/drug_2017q1.parquet,14999459,1234393,1234393,0,0,0,1234393,0,20,report_id;case_id;drug_seq;role_cod;drugname;prod_ai;val_vbm;route;dose_vbm;cum_dose_chr;cum_dose_unit;dechal;rechal;lot_num;exp_dt;nda_num;dose_amt;dose_unit;dose_form;dose_freq
2017q2,faers_modern,drug,ascii/DRUG17Q2.txt,data/interim/parquet/drug/drug_2017q2.parquet,14133747,1188078,1188078,0,0,0,1188078,0,20,report_id;case_id;drug_seq;role_cod;drugname;prod_ai;val_vbm;route;dose_vbm;cum_dose_chr;cum_dose_unit;dechal;rechal;lot_num;exp_dt;nda_num;dose_amt;dose_unit;dose_form;dose_freq
2017q3,faers_modern,drug,ascii/DRUG17Q3.txt,data/interim/parquet/drug/drug_2017q3.parquet,14799550,1220118,1220118,0,0,0,1220118,0,20,report_id;case_id;drug_seq;role_cod;drugname;prod_ai;val_vbm;route;dose_vbm;cum_dose_chr;cum_dose_unit;dechal;rechal;lot_num;exp_dt;nda_num;dose_amt;dose_unit;dose_form;dose_freq
2017q4,faers_modern,drug,ascii/DRUG17Q4.txt,data/interim/parquet/drug/drug_2017q4.parquet,14367869,1213842,1213842,0,0,0,1213842,0,20,report_id;case_id;drug_seq;role_cod;drugname;prod_ai;val_vbm;route;dose_vbm;cum_dose_chr;cum_dose_unit;dechal;rechal;lot_num;exp_dt;nda_num;dose_amt;dose_unit;dose_form;dose_freq
2018q1,faers_modern,drug,ascii/DRUG18Q1.txt,data/interim/parquet/drug/drug_2018q1.parquet,17950575,1686461,1686461,0,0,0,1686461,0,20,report_id;case_id;drug_seq;role_cod;drugname;prod_ai;val_vbm;route;dose_vbm;cum_dose_chr;cum_dose_unit;dechal;rechal;lot_num;exp_dt;nda_num;dose_amt;dose_unit;dose_form;dose_freq
2018q2,faers_modern,drug,ascii/DRUG18Q2.txt,data/interim/parquet/drug/drug_2018q2.parquet,20581116,1987872,1987872,0,0,0,1987872,0,20,report_id;case_id;drug_seq;role_cod;drugname;prod_ai;val_vbm;route;dose_vbm;cum_dose_chr;cum_dose_unit;dechal;rechal;lot_num;exp_dt;nda_num;dose_amt;dose_unit;dose_form;dose_freq
2018q3,faers_modern,drug,ascii/DRUG18Q3.txt,data/interim/parquet/drug/drug_2018q3.parquet,20129568,1651966,1651966,0,0,0,1651966,0,20,report_id;case_id;drug_seq;role_cod;drugname;prod_ai;val_vbm;route;dose_vbm;cum_dose_chr;cum_dose_unit;dechal;rechal;lot_num;exp_dt;nda_num;dose_amt;dose_unit;dose_form;dose_freq
2018q4,faers_modern,drug,ascii/DRUG18Q4.txt,data/interim/parquet/drug/drug_2018q4.parquet,19511833,1546835,1546835,0,0,0,1546835,0,20,report_id;case_id;drug_seq;role_cod;drugname;prod_ai;val_vbm;route;dose_vbm;cum_dose_chr;cum_dose_unit;dechal;rechal;lot_num;exp_dt;nda_num;dose_amt;dose_unit;dose_form;dose_freq
2019q1,faers_modern,drug,ascii/DRUG19Q1.txt,data/interim/parquet/drug/drug_2019q1.parquet,20222452,1648987,1648987,0,0,0,1648987,0,20,report_id;case_id;drug_seq;role_cod;drugname;prod_ai;val_vbm;route;dose_vbm;cum_dose_chr;cum_dose_unit;dechal;rechal;lot_num;exp_dt;nda_num;dose_amt;dose_unit;dose_form;dose_freq
2019q2,faers_modern,drug,ascii/DRUG19Q2.txt,data/interim/parquet/drug/drug_2019q2.parquet,21804982,1863010,1863010,0,0,0,1863010,0,20,report_id;case_id;drug_seq;role_cod;drugname;prod_ai;val_vbm;route;dose_vbm;cum_dose_chr;cum_dose_unit;dechal;rechal;lot_num;exp_dt;nda_num;dose_amt;dose_unit;dose_form;dose_freq
2019q3,faers_modern,drug,ascii/DRUG19Q3.txt,data/interim/parquet/drug/drug_2019q3.parquet,23440260,1982442,1982442,0,0,0,1982442,0,20,report_id;case_id;drug_seq;role_cod;drugname;prod_ai;val_vbm;route;dose_vbm;cum_dose_chr;cum_dose_unit;dechal;rechal;lot_num;exp_dt;nda_num;dose_amt;dose_unit;dose_form;dose_freq
2019q4,faers_modern,drug,ascii/DRUG19Q4.txt,data/interim/parquet/drug/drug_2019q4.parquet,21279093,1714177,1714177,0,0,0,1714177,0,20,report_id;case_id;drug_seq;role_cod;drugname;prod_ai;val_vbm;route;dose_vbm;cum_dose_chr;cum_dose_unit;dechal;rechal;lot_num;exp_dt;nda_num;dose_amt;dose_unit;dose_form;dose_freq
2020q1,faers_modern,drug,ASCII/DRUG20Q1.txt,data/interim/parquet/drug/drug_2020q1.parquet,23227369,1943532,1943532,0,0,0,1943532,0,20,report_id;case_id;drug_seq;role_cod;drugname;prod_ai;val_vbm;route;dose_vbm;cum_dose_chr;cum_dose_unit;dechal;rechal;lot_num;exp_dt;nda_num;dose_amt;dose_unit;dose_form;dose_freq
2020q2,faers_modern,drug,ASCII/DRUG20Q2.txt,data/interim/parquet/drug/drug_2020q2.parquet,21824114,1825414,1825414,0,0,0,1825414,0,20,report_id;case_id;drug_seq;role_cod;drugname;prod_ai;val_vbm;route;dose_vbm;cum_dose_chr;cum_dose_unit;dechal;rechal;lot_num;exp_dt;nda_num;dose_amt;dose_unit;dose_form;dose_freq
2020q3,faers_modern,drug,ASCII/DRUG20Q3.txt,data/interim/parquet/drug/drug_2020q3.parquet,22783912,1895153,1895153,0,0,0,1895153,0,20,report_id;case_id;drug_seq;role_cod;drugname;prod_ai;val_vbm;route;dose_vbm;cum_dose_chr;cum_dose_unit;dechal;rechal;lot_num;exp_dt;nda_num;dose_amt;dose_unit;dose_form;dose_freq
2020q4,faers_modern,drug,ASCII/DRUG20Q4.txt,data/interim/parquet/drug/drug_2020q4.parquet,23107411,1918927,1918927,0,0,0,1918927,0,20,report_id;case_id;drug_seq;role_cod;drugname;prod_ai;val_vbm;route;dose_vbm;cum_dose_chr;cum_dose_unit;dechal;rechal;lot_num;exp_dt;nda_num;dose_amt;dose_unit;dose_form;dose_freq
2021q1,faers_modern,drug,ASCII/DRUG21Q1.txt,data/interim/parquet/drug/drug_2021q1.parquet,23932569,2208416,2208416,0,0,0,2208416,0,20,report_id;case_id;drug_seq;role_cod;drugname;prod_ai;val_vbm;route;dose_vbm;cum_dose_chr;cum_dose_unit;dechal;rechal;lot_num;exp_dt;nda_num;dose_amt;dose_unit;dose_form;dose_freq
2021q2,faers_modern,drug,ASCII/DRUG21Q2.txt,data/interim/parquet/drug/drug_2021q2.parquet,24825437,2291903,2291903,0,0,0,2291903,0,20,report_id;case_id;drug_seq;role_cod;drugname;prod_ai;val_vbm;route;dose_vbm;cum_dose_chr;cum_dose_unit;dechal;rechal;lot_num;exp_dt;nda_num;dose_amt;dose_unit;dose_form;dose_freq
2021q3,faers_modern,drug,ASCII/DRUG21Q3.txt,data/interim/parquet/drug/drug_2021q3.parquet,25093004,2260570,2260570,0,0,0,2260570,0,20,report_id;case_id;drug_seq;role_cod;drugname;prod_ai;val_vbm;route;dose_vbm;cum_dose_chr;cum_dose_unit;dechal;rechal;lot_num;exp_dt;nda_num;dose_amt;dose_unit;dose_form;dose_freq
2021q4,faers_modern,drug,ASCII/DRUG21Q4.txt,data/interim/parquet/drug/drug_2021q4.parquet,20820832,1778675,1778675,0,0,0,1778675,0,20,report_id;case_id;drug_seq;role_cod;drugname;prod_ai;val_vbm;route;dose_vbm;cum_dose_chr;cum_dose_unit;dechal;rechal;lot_num;exp_dt;nda_num;dose_amt;dose_unit;dose_form;dose_freq
2022q1,faers_modern,drug,ASCII/DRUG22Q1.txt,data/interim/parquet/drug/drug_2022q1.parquet,22617412,1994171,1994171,0,0,0,1994171,0,20,report_id;case_id;drug_seq;role_cod;drugname;prod_ai;val_vbm;route;dose_vbm;cum_dose_chr;cum_dose_unit;dechal;rechal;lot_num;exp_dt;nda_num;dose_amt;dose_unit;dose_form;dose_freq
2022q2,faers_modern,drug,ASCII/DRUG22Q2.txt,data/interim/parquet/drug/drug_2022q2.parquet,22025147,1828103,1828103,0,0,0,1828103,0,20,report_id;case_id;drug_seq;role_cod;drugname;prod_ai;val_vbm;route;dose_vbm;cum_dose_chr;cum_dose_unit;dechal;rechal;lot_num;exp_dt;nda_num;dose_amt;dose_unit;dose_form;dose_freq
2022q3,faers_modern,drug,ASCII/DRUG22Q3.txt,data/interim/parquet/drug/drug_2022q3.parquet,22377125,1835461,1835461,0,0,0,1835461,0,20,report_id;case_id;drug_seq;role_cod;drugname;prod_ai;val_vbm;route;dose_vbm;cum_dose_chr;cum_dose_unit;dechal;rechal;lot_num;exp_dt;nda_num;dose_amt;dose_unit;dose_form;dose_freq
2022q4,faers_modern,drug,ASCII/DRUG22Q4.txt,data/interim/parquet/drug/drug_2022q4.parquet,24863658,2006967,2006967,0,0,0,2006967,0,20,report_id;case_id;drug_seq;role_cod;drugname;prod_ai;val_vbm;route;dose_vbm;cum_dose_chr;cum_dose_unit;dechal;rechal;lot_num;exp_dt;nda_num;dose_amt;dose_unit;dose_form;dose_freq
2023q1,faers_modern,drug,ASCII/DRUG23Q1.txt,data/interim/parquet/drug/drug_2023q1.parquet,23156125,1899503,1899503,0,0,0,1899503,0,20,report_id;case_id;drug_seq;role_cod;drugname;prod_ai;val_vbm;route;dose_vbm;cum_dose_chr;cum_dose_unit;dechal;rechal;lot_num;exp_dt;nda_num;dose_amt;dose_unit;dose_form;dose_freq
2023q2,faers_modern,drug,ASCII/DRUG23Q2.txt,data/interim/parquet/drug/drug_2023q2.parquet,22906210,1885096,1885096,0,0,0,1885096,0,20,report_id;case_id;drug_seq;role_cod;drugname;prod_ai;val_vbm;route;dose_vbm;cum_dose_chr;cum_dose_unit;dechal;rechal;lot_num;exp_dt;nda_num;dose_amt;dose_unit;dose_form;dose_freq
2023q3,faers_modern,drug,ASCII/DRUG23Q3.txt,data/interim/parquet/drug/drug_2023q3.parquet,21683828,1768391,1768391,0,0,0,1768391,0,20,report_id;case_id;drug_seq;role_cod;drugname;prod_ai;val_vbm;route;dose_vbm;cum_dose_chr;cum_dose_unit;dechal;rechal;lot_num;exp_dt;nda_num;dose_amt;dose_unit;dose_form;dose_freq
2023q4,faers_modern,drug,ASCII/DRUG23Q4.txt,data/interim/parquet/drug/drug_2023q4.parquet,22961537,1920732,1920732,0,0,0,1920732,0,20,report_id;case_id;drug_seq;role_cod;drugname;prod_ai;val_vbm;route;dose_vbm;cum_dose_chr;cum_dose_unit;dechal;rechal;lot_num;exp_dt;nda_num;dose_amt;dose_unit;dose_form;dose_freq
2024q1,faers_modern,drug,ASCII/DRUG24Q1.txt,data/interim/parquet/drug/drug_2024q1.parquet,22753717,1909327,1909327,0,0,0,1909327,0,20,report_id;case_id;drug_seq;role_cod;drugname;prod_ai;val_vbm;route;dose_vbm;cum_dose_chr;cum_dose_unit;dechal;rechal;lot_num;exp_dt;nda_num;dose_amt;dose_unit;dose_form;dose_freq
2024q2,faers_modern,drug,ASCII/DRUG24Q2.txt,data/interim/parquet/drug/drug_2024q2.parquet,22299910,1888937,1888937,0,0,0,1888937,0,20,report_id;case_id;drug_seq;role_cod;drugname;prod_ai;val_vbm;route;dose_vbm;cum_dose_chr;cum_dose_unit;dechal;rechal;lot_num;exp_dt;nda_num;dose_amt;dose_unit;dose_form;dose_freq
2024q3,faers_modern,drug,ASCII/DRUG24Q3.txt,data/interim/parquet/drug/drug_2024q3.parquet,22453746,1907293,1907293,0,0,0,1907293,0,20,report_id;case_id;drug_seq;role_cod;drugname;prod_ai;val_vbm;route;dose_vbm;cum_dose_chr;cum_dose_unit;dechal;rechal;lot_num;exp_dt;nda_num;dose_amt;dose_unit;dose_form;dose_freq
2024q4,faers_modern,drug,ASCII/DRUG24Q4.txt,data/interim/parquet/drug/drug_2024q4.parquet,23668049,2030938,2030938,0,0,0,2030938,0,20,report_id;case_id;drug_seq;role_cod;drugname;prod_ai;val_vbm;route;dose_vbm;cum_dose_chr;cum_dose_unit;dechal;rechal;lot_num;exp_dt;nda_num;dose_amt;dose_unit;dose_form;dose_freq
2025q1,faers_modern,drug,ASCII/DRUG25Q1.txt,data/interim/parquet/drug/drug_2025q1.parquet,23240491,2008162,2008162,0,0,0,2008162,0,20,report_id;case_id;drug_seq;role_cod;drugname;prod_ai;val_vbm;route;dose_vbm;cum_dose_chr;cum_dose_unit;dechal;rechal;lot_num;exp_dt;nda_num;dose_amt;dose_unit;dose_form;dose_freq
2025q2,faers_modern,drug,ASCII/DRUG25Q2.txt,data/interim/parquet/drug/drug_2025q2.parquet,22132227,1829056,1829056,0,0,0,1829056,0,20,report_id;case_id;drug_seq;role_cod;drugname;prod_ai;val_vbm;route;dose_vbm;cum_dose_chr;cum_dose_unit;dechal;rechal;lot_num;exp_dt;nda_num;dose_amt;dose_unit;dose_form;dose_freq
2025q3,faers_modern,drug,ASCII/DRUG25Q3.txt,data/interim/parquet/drug/drug_2025q3.parquet,24904647,2148451,2148451,0,0,0,2148451,0,20,report_id;case_id;drug_seq;role_cod;drugname;prod_ai;val_vbm;route;dose_vbm;cum_dose_chr;cum_dose_unit;dechal;rechal;lot_num;exp_dt;nda_num;dose_amt;dose_unit;dose_form;dose_freq
2025q4,faers_modern,drug,ASCII/DRUG25Q4.txt,data/interim/parquet/drug/drug_2025q4.parquet,21942069,1815349,1815349,0,0,0,1815349,0,20,report_id;case_id;drug_seq;role_cod;drugname;prod_ai;val_vbm;route;dose_vbm;cum_dose_chr;cum_dose_unit;dechal;rechal;lot_num;exp_dt;nda_num;dose_amt;dose_unit;dose_form;dose_freq
2026q1,faers_modern,drug,ASCII/DRUG26Q1.txt,data/interim/parquet/drug/drug_2026q1.parquet,21152703,1703210,1703210,0,0,0,1703210,0,20,report_id;case_id;drug_seq;role_cod;drugname;prod_ai;val_vbm;route;dose_vbm;cum_dose_chr;cum_dose_unit;dechal;rechal;lot_num;exp_dt;nda_num;dose_amt;dose_unit;dose_form;dose_freq
2026q2,faers_modern,drug,ASCII/DRUG26Q2.txt,data/interim/parquet/drug/drug_2026q2.parquet,21182760,1627225,1627225,0,0,0,1627225,0,20,report_id;case_id;drug_seq;role_cod;drugname;prod_ai;val_vbm;route;dose_vbm;cum_dose_chr;cum_dose_unit;dechal;rechal;lot_num;exp_dt;nda_num;dose_amt;dose_unit;dose_form;dose_freq
2004q1,laers,indi,ascii/INDI04Q1.TXT,data/interim/parquet/indi/indi_2004q1.parquet,662003,78639,78639,0,0,0,78639,0,3,report_id;drug_seq;indi_pt
2004q2,laers,indi,ascii/INDI04Q2.TXT,data/interim/parquet/indi/indi_2004q2.parquet,657511,79346,79346,0,0,0,79346,0,3,report_id;drug_seq;indi_pt
2004q3,laers,indi,ascii/INDI04Q3.TXT,data/interim/parquet/indi/indi_2004q3.parquet,748293,95140,95140,0,0,0,95140,0,3,report_id;drug_seq;indi_pt
2004q4,laers,indi,ascii/INDI04Q4.TXT,data/interim/parquet/indi/indi_2004q4.parquet,738606,97074,97074,0,0,0,97074,0,3,report_id;drug_seq;indi_pt
2005q1,laers,indi,ascii/INDI05Q1.TXT,data/interim/parquet/indi/indi_2005q1.parquet,783647,106726,106726,0,0,0,106726,0,3,report_id;drug_seq;indi_pt
2005q2,laers,indi,ascii/INDI05Q2.TXT,data/interim/parquet/indi/indi_2005q2.parquet,875847,124249,124249,0,0,0,124249,0,3,report_id;drug_seq;indi_pt
2005q3,laers,indi,ascii/INDI05Q3.TXT,data/interim/parquet/indi/indi_2005q3.parquet,838139,116497,116497,0,0,0,116497,0,3,report_id;drug_seq;indi_pt
2005q4,laers,indi,ascii/INDI05Q4.TXT,data/interim/parquet/indi/indi_2005q4.parquet,827631,113407,113407,0,0,0,113407,0,3,report_id;drug_seq;indi_pt
2006q1,laers,indi,ascii/INDI06Q1.TXT,data/interim/parquet/indi/indi_2006q1.parquet,919709,130111,130111,0,0,0,130111,0,3,report_id;drug_seq;indi_pt
2006q2,laers,indi,ascii/INDI06Q2.TXT,data/interim/parquet/indi/indi_2006q2.parquet,868329,121313,121313,0,0,0,121313,0,3,report_id;drug_seq;indi_pt
2006q3,laers,indi,ascii/INDI06Q3.TXT,data/interim/parquet/indi/indi_2006q3.parquet,801317,110897,110897,0,0,0,110897,0,3,report_id;drug_seq;indi_pt
2006q4,laers,indi,ascii/INDI06Q4.TXT,data/interim/parquet/indi/indi_2006q4.parquet,840946,120745,120745,0,0,0,120745,0,3,report_id;drug_seq;indi_pt
2007q1,laers,indi,ascii/INDI07Q1.TXT,data/interim/parquet/indi/indi_2007q1.parquet,894933,130756,130756,0,0,0,130756,0,3,report_id;drug_seq;indi_pt
2007q2,laers,indi,ascii/INDI07Q2.TXT,data/interim/parquet/indi/indi_2007q2.parquet,914199,135550,135550,0,0,0,135550,0,3,report_id;drug_seq;indi_pt
2007q3,laers,indi,ascii/INDI07Q3.TXT,data/interim/parquet/indi/indi_2007q3.parquet,938284,141303,141303,0,0,0,141303,0,3,report_id;drug_seq;indi_pt
2007q4,laers,indi,ascii/INDI07Q4.TXT,data/interim/parquet/indi/indi_2007q4.parquet,1095995,171634,171634,0,0,0,171634,0,3,report_id;drug_seq;indi_pt
2008q1,laers,indi,ascii/INDI08Q1.TXT,data/interim/parquet/indi/indi_2008q1.parquet,1101079,176915,176915,0,0,0,176915,0,3,report_id;drug_seq;indi_pt
2008q2,laers,indi,ascii/INDI08Q2.TXT,data/interim/parquet/indi/indi_2008q2.parquet,1106724,181523,181523,0,0,0,181523,0,3,report_id;drug_seq;indi_pt
2008q3,laers,indi,ascii/INDI08Q3.TXT,data/interim/parquet/indi/indi_2008q3.parquet,1162406,197699,197699,0,0,0,197699,0,3,report_id;drug_seq;indi_pt
2008q4,laers,indi,ascii/INDI08Q4.TXT,data/interim/parquet/indi/indi_2008q4.parquet,1242287,213404,213404,0,0,0,213404,0,3,report_id;drug_seq;indi_pt
2009q1,laers,indi,ascii/INDI09Q1.TXT,data/interim/parquet/indi/indi_2009q1.parquet,1204390,208391,208391,0,0,0,208391,0,3,report_id;drug_seq;indi_pt
2009q2,laers,indi,ascii/INDI09Q2.TXT,data/interim/parquet/indi/indi_2009q2.parquet,1275383,224985,224985,0,0,0,224985,0,3,report_id;drug_seq;indi_pt
2009q3,laers,indi,ascii/INDI09Q3.TXT,data/interim/parquet/indi/indi_2009q3.parquet,1427379,275655,275655,0,0,0,275655,0,3,report_id;drug_seq;indi_pt
2009q4,laers,indi,ascii/INDI09Q4.TXT,data/interim/parquet/indi/indi_2009q4.parquet,1435760,248474,248474,0,0,0,248474,0,3,report_id;drug_seq;indi_pt
2010q1,laers,indi,ascii/INDI10Q1.TXT,data/interim/parquet/indi/indi_2010q1.parquet,1443157,255945,255945,0,0,0,255945,0,3,report_id;drug_seq;indi_pt
2010q2,laers,indi,ascii/INDI10Q2.TXT,data/interim/parquet/indi/indi_2010q2.parquet,1583661,277101,277101,0,0,0,277101,0,3,report_id;drug_seq;indi_pt
2010q3,laers,indi,ascii/INDI10Q3.TXT,data/interim/parquet/indi/indi_2010q3.parquet,1954205,381573,381573,0,0,0,381573,0,3,report_id;drug_seq;indi_pt
2010q4,laers,indi,ascii/INDI10Q4.TXT,data/interim/parquet/indi/indi_2010q4.parquet,1703441,314631,314631,0,0,0,314631,0,3,report_id;drug_seq;indi_pt
2011q1,laers,indi,ascii/INDI11Q1.TXT,data/interim/parquet/indi/indi_2011q1.parquet,2147630,355008,355008,0,0,0,355008,0,3,report_id;drug_seq;indi_pt
2011q2,laers,indi,ascii/INDI11Q2.TXT,data/interim/parquet/indi/indi_2011q2.parquet,2145856,350095,350095,0,0,0,350095,0,3,report_id;drug_seq;indi_pt
2011q3,laers,indi,ascii/INDI11Q3.TXT,data/interim/parquet/indi/indi_2011q3.parquet,2210663,375824,375824,0,0,0,375824,0,3,report_id;drug_seq;indi_pt
2011q4,laers,indi,ascii/INDI11Q4.TXT,data/interim/parquet/indi/indi_2011q4.parquet,2177586,362256,362256,0,0,0,362256,0,3,report_id;drug_seq;indi_pt
2012q1,laers,indi,ascii/INDI12Q1.TXT,data/interim/parquet/indi/indi_2012q1.parquet,2559373,453398,453398,0,0,0,453398,0,3,report_id;drug_seq;indi_pt
2012q2,laers,indi,ascii/INDI12Q2.TXT,data/interim/parquet/indi/indi_2012q2.parquet,2337399,394317,394317,0,0,0,394317,0,3,report_id;drug_seq;indi_pt
2012q3,laers,indi,ascii/INDI12Q3.TXT,data/interim/parquet/indi/indi_2012q3.parquet,1670285,261870,261870,0,0,0,261870,0,3,report_id;drug_seq;indi_pt
2012q4,faers_early,indi,ascii/indi12q4.txt,data/interim/parquet/indi/indi_2012q4.parquet,2260634,444517,444517,0,0,0,444517,0,4,report_id;case_id;indi_drug_seq;indi_pt
2013q1,faers_early,indi,ascii/INDI13Q1.txt,data/interim/parquet/indi/indi_2013q1.parquet,2103425,453964,453964,0,0,0,453964,0,4,report_id;case_id;indi_drug_seq;indi_pt
2013q2,faers_early,indi,ascii/INDI13Q2.txt,data/interim/parquet/indi/indi_2013q2.parquet,1801274,330405,330405,0,0,0,330405,0,4,report_id;case_id;indi_drug_seq;indi_pt
2013q3,faers_early,indi,ASCII/INDI13Q3.txt,data/interim/parquet/indi/indi_2013q3.parquet,1926081,369227,369227,0,0,0,369227,0,4,report_id;case_id;indi_drug_seq;indi_pt
2013q4,faers_early,indi,ascii/INDI13Q4.txt,data/interim/parquet/indi/indi_2013q4.parquet,2065837,432190,432190,0,0,0,432190,0,4,report_id;case_id;indi_drug_seq;indi_pt
2014q1,faers_early,indi,ascii/INDI14Q1.txt,data/interim/parquet/indi/indi_2014q1.parquet,2359040,581696,581696,0,0,0,581696,0,4,report_id;case_id;indi_drug_seq;indi_pt
2014q2,faers_early,indi,ascii/INDI14Q2.txt,data/interim/parquet/indi/indi_2014q2.parquet,1953973,420506,420506,0,0,0,420506,0,4,report_id;case_id;indi_drug_seq;indi_pt
2014q3,faers_modern,indi,ascii/INDI14Q3.txt,data/interim/parquet/indi/indi_2014q3.parquet,2049857,423391,423391,0,0,0,423391,0,4,report_id;case_id;indi_drug_seq;indi_pt
2014q4,faers_modern,indi,ascii/INDI14Q4.txt,data/interim/parquet/indi/indi_2014q4.parquet,2072443,436621,436621,0,0,0,436621,0,4,report_id;case_id;indi_drug_seq;indi_pt
2015q1,faers_modern,indi,ascii/INDI15Q1.txt,data/interim/parquet/indi/indi_2015q1.parquet,2653481,748742,748742,0,0,0,748742,0,4,report_id;case_id;indi_drug_seq;indi_pt
2015q2,faers_modern,indi,ascii/INDI15Q2.txt,data/interim/parquet/indi/indi_2015q2.parquet,2593746,659529,659529,0,0,0,659529,0,4,report_id;case_id;indi_drug_seq;indi_pt
2015q3,faers_modern,indi,ascii/INDI15Q3.txt,data/interim/parquet/indi/indi_2015q3.parquet,2962015,811279,811279,0,0,0,811279,0,4,report_id;case_id;indi_drug_seq;indi_pt
2015q4,faers_modern,indi,ascii/INDI15Q4.txt,data/interim/parquet/indi/indi_2015q4.parquet,2751994,718340,718340,0,0,0,718340,0,4,report_id;case_id;indi_drug_seq;indi_pt
2016q1,faers_modern,indi,ascii/INDI16Q1.txt,data/interim/parquet/indi/indi_2016q1.parquet,3058991,878267,878267,0,0,0,878267,0,4,report_id;case_id;indi_drug_seq;indi_pt
2016q2,faers_modern,indi,ascii/INDI16Q2.txt,data/interim/parquet/indi/indi_2016q2.parquet,2860337,798489,798489,0,0,0,798489,0,4,report_id;case_id;indi_drug_seq;indi_pt
2016q3,faers_modern,indi,ascii/INDI16Q3.txt,data/interim/parquet/indi/indi_2016q3.parquet,2949575,816898,816898,0,0,0,816898,0,4,report_id;case_id;indi_drug_seq;indi_pt
2016q4,faers_modern,indi,ascii/INDI16Q4.txt,data/interim/parquet/indi/indi_2016q4.parquet,2849243,755832,755832,0,0,0,755832,0,4,report_id;case_id;indi_drug_seq;indi_pt
2017q1,faers_modern,indi,ascii/INDI17Q1.txt,data/interim/parquet/indi/indi_2017q1.parquet,3085397,859833,859833,0,0,0,859833,0,4,report_id;case_id;indi_drug_seq;indi_pt
2017q2,faers_modern,indi,ascii/INDI17Q2.txt,data/interim/parquet/indi/indi_2017q2.parquet,2977644,816254,816254,0,0,0,816254,0,4,report_id;case_id;indi_drug_seq;indi_pt
2017q3,faers_modern,indi,ascii/INDI17Q3.txt,data/interim/parquet/indi/indi_2017q3.parquet,3044319,844974,844974,0,0,0,844974,0,4,report_id;case_id;indi_drug_seq;indi_pt
2017q4,faers_modern,indi,ascii/INDI17Q4.txt,data/interim/parquet/indi/indi_2017q4.parquet,3035991,863690,863690,0,0,0,863690,0,4,report_id;case_id;indi_drug_seq;indi_pt
2018q1,faers_modern,indi,ascii/INDI18Q1.txt,data/interim/parquet/indi/indi_2018q1.parquet,3786246,1253118,1253118,0,0,0,1253118,0,4,report_id;case_id;indi_drug_seq;indi_pt
2018q2,faers_modern,indi,ascii/INDI18Q2.txt,data/interim/parquet/indi/indi_2018q2.parquet,4839799,1428287,1428287,0,0,0,1428287,0,4,report_id;case_id;indi_drug_seq;indi_pt
2018q3,faers_modern,indi,ascii/INDI18Q3.txt,data/interim/parquet/indi/indi_2018q3.parquet,3995883,1134135,1134135,0,0,0,1134135,0,4,report_id;case_id;indi_drug_seq;indi_pt
2018q4,faers_modern,indi,ascii/INDI18Q4.txt,data/interim/parquet/indi/indi_2018q4.parquet,3729926,1064664,1064664,0,0,0,1064664,0,4,report_id;case_id;indi_drug_seq;indi_pt
2019q1,faers_modern,indi,ascii/INDI19Q1.txt,data/interim/parquet/indi/indi_2019q1.parquet,3893039,1106754,1106754,0,0,0,1106754,0,4,report_id;case_id;indi_drug_seq;indi_pt
2019q2,faers_modern,indi,ascii/INDI19Q2.txt,data/interim/parquet/indi/indi_2019q2.parquet,4331098,1221162,1221162,0,0,0,1221162,0,4,report_id;case_id;indi_drug_seq;indi_pt
2019q3,faers_modern,indi,ascii/INDI19Q3.txt,data/interim/parquet/indi/indi_2019q3.parquet,4902115,1353011,1353011,0,0,0,1353011,0,4,report_id;case_id;indi_drug_seq;indi_pt
2019q4,faers_modern,indi,ascii/INDI19Q4.txt,data/interim/parquet/indi/indi_2019q4.parquet,3998666,1146938,1146938,0,0,0,1146938,0,4,report_id;case_id;indi_drug_seq;indi_pt
2020q1,faers_modern,indi,ASCII/INDI20Q1.txt,data/interim/parquet/indi/indi_2020q1.parquet,4946251,1348658,1348658,0,0,0,1348658,0,4,report_id;case_id;indi_drug_seq;indi_pt
2020q2,faers_modern,indi,ASCII/INDI20Q2.txt,data/interim/parquet/indi/indi_2020q2.parquet,4572719,1294010,1294010,0,0,0,1294010,0,4,report_id;case_id;indi_drug_seq;indi_pt
2020q3,faers_modern,indi,ASCII/INDI20Q3.txt,data/interim/parquet/indi/indi_2020q3.parquet,4517660,1276348,1276348,0,0,0,1276348,0,4,report_id;case_id;indi_drug_seq;indi_pt
2020q4,faers_modern,indi,ASCII/INDI20Q4.txt,data/interim/parquet/indi/indi_2020q4.parquet,4717101,1297446,1297446,0,0,0,1297446,0,4,report_id;case_id;indi_drug_seq;indi_pt
2021q1,faers_modern,indi,ASCII/INDI21Q1.txt,data/interim/parquet/indi/indi_2021q1.parquet,5547998,1603039,1603039,0,0,0,1603039,0,4,report_id;case_id;indi_drug_seq;indi_pt
2021q2,faers_modern,indi,ASCII/INDI21Q2.txt,data/interim/parquet/indi/indi_2021q2.parquet,5578998,1659378,1659378,0,0,0,1659378,0,4,report_id;case_id;indi_drug_seq;indi_pt
2021q3,faers_modern,indi,ASCII/INDI21Q3.txt,data/interim/parquet/indi/indi_2021q3.parquet,5646778,1588679,1588679,0,0,0,1588679,0,4,report_id;case_id;indi_drug_seq;indi_pt
2021q4,faers_modern,indi,ASCII/INDI21Q4.txt,data/interim/parquet/indi/indi_2021q4.parquet,4232734,1234766,1234766,0,0,0,1234766,0,4,report_id;case_id;indi_drug_seq;indi_pt
2022q1,faers_modern,indi,ASCII/INDI22Q1.txt,data/interim/parquet/indi/indi_2022q1.parquet,4983749,1347146,1347146,0,0,0,1347146,0,4,report_id;case_id;indi_drug_seq;indi_pt
2022q2,faers_modern,indi,ASCII/INDI22Q2.txt,data/interim/parquet/indi/indi_2022q2.parquet,4193233,1150299,1150299,0,0,0,1150299,0,4,report_id;case_id;indi_drug_seq;indi_pt
2022q3,faers_modern,indi,ASCII/INDI22Q3.txt,data/interim/parquet/indi/indi_2022q3.parquet,4210911,1159203,1159203,0,0,0,1159203,0,4,report_id;case_id;indi_drug_seq;indi_pt
2022q4,faers_modern,indi,ASCII/INDI22Q4.txt,data/interim/parquet/indi/indi_2022q4.parquet,5098392,1321489,1321489,0,0,0,1321489,0,4,report_id;case_id;indi_drug_seq;indi_pt
2023q1,faers_modern,indi,ASCII/INDI23Q1.txt,data/interim/parquet/indi/indi_2023q1.parquet,4259165,1176237,1176237,0,0,0,1176237,0,4,report_id;case_id;indi_drug_seq;indi_pt
2023q2,faers_modern,indi,ASCII/INDI23Q2.txt,data/interim/parquet/indi/indi_2023q2.parquet,4271668,1165782,1165782,0,0,0,1165782,0,4,report_id;case_id;indi_drug_seq;indi_pt
2023q3,faers_modern,indi,ASCII/INDI23Q3.txt,data/interim/parquet/indi/indi_2023q3.parquet,3808893,1063761,1063761,0,0,0,1063761,0,4,report_id;case_id;indi_drug_seq;indi_pt
2023q4,faers_modern,indi,ASCII/INDI23Q4.txt,data/interim/parquet/indi/indi_2023q4.parquet,4002048,1115961,1115961,0,0,0,1115961,0,4,report_id;case_id;indi_drug_seq;indi_pt
2024q1,faers_modern,indi,ASCII/INDI24Q1.txt,data/interim/parquet/indi/indi_2024q1.parquet,4202336,1186115,1186115,0,0,0,1186115,0,4,report_id;case_id;indi_drug_seq;indi_pt
2024q2,faers_modern,indi,ASCII/INDI24Q2.txt,data/interim/parquet/indi/indi_2024q2.parquet,4176171,1187626,1187626,0,0,0,1187626,0,4,report_id;case_id;indi_drug_seq;indi_pt
2024q3,faers_modern,indi,ASCII/INDI24Q3.txt,data/interim/parquet/indi/indi_2024q3.parquet,4254800,1177133,1177133,0,0,0,1177133,0,4,report_id;case_id;indi_drug_seq;indi_pt
2024q4,faers_modern,indi,ASCII/INDI24Q4.txt,data/interim/parquet/indi/indi_2024q4.parquet,4344788,1219759,1219759,0,0,0,1219759,0,4,report_id;case_id;indi_drug_seq;indi_pt
2025q1,faers_modern,indi,ASCII/INDI25Q1.txt,data/interim/parquet/indi/indi_2025q1.parquet,4264939,1205861,1205861,0,0,0,1205861,0,4,report_id;case_id;indi_drug_seq;indi_pt
2025q2,faers_modern,indi,ASCII/INDI25Q2.txt,data/interim/parquet/indi/indi_2025q2.parquet,4012099,1136665,1136665,0,0,0,1136665,0,4,report_id;case_id;indi_drug_seq;indi_pt
2025q3,faers_modern,indi,ASCII/INDI25Q3.txt,data/interim/parquet/indi/indi_2025q3.parquet,4842279,1310274,1310274,0,0,0,1310274,0,4,report_id;case_id;indi_drug_seq;indi_pt
2025q4,faers_modern,indi,ASCII/INDI25Q4.txt,data/interim/parquet/indi/indi_2025q4.parquet,4070119,1168789,1168789,0,0,0,1168789,0,4,report_id;case_id;indi_drug_seq;indi_pt
2026q1,faers_modern,indi,ASCII/INDI26Q1.txt,data/interim/parquet/indi/indi_2026q1.parquet,3983506,1139940,1139940,0,0,0,1139940,0,4,report_id;case_id;indi_drug_seq;indi_pt
2026q2,faers_modern,indi,ASCII/INDI26Q2.txt,data/interim/parquet/indi/indi_2026q2.parquet,3889095,1124333,1124333,0,0,0,1124333,0,4,report_id;case_id;indi_drug_seq;indi_pt
2004q1,laers,outc,ascii/OUTC04Q1.TXT,data/interim/parquet/outc/outc_2004q1.parquet,171837,57592,57592,0,0,0,57592,0,2,report_id;outc_cod
2004q2,laers,outc,ascii/OUTC04Q2.TXT,data/interim/parquet/outc/outc_2004q2.parquet,188201,62217,62217,0,0,0,62217,0,2,report_id;outc_cod
2004q3,laers,outc,ascii/OUTC04Q3.TXT,data/interim/parquet/outc/outc_2004q3.parquet,201673,66868,66868,0,0,0,66868,0,2,report_id;outc_cod
2004q4,laers,outc,ascii/OUTC04Q4.TXT,data/interim/parquet/outc/outc_2004q4.parquet,221235,74040,74040,0,0,0,74040,0,2,report_id;outc_cod
2005q1,laers,outc,ascii/OUTC05Q1.TXT,data/interim/parquet/outc/outc_2005q1.parquet,231436,77193,77193,0,0,0,77193,0,2,report_id;outc_cod
2005q2,laers,outc,ascii/OUTC05Q2.TXT,data/interim/parquet/outc/outc_2005q2.parquet,242287,80866,80866,0,0,0,80866,0,2,report_id;outc_cod
2005q3,laers,outc,ascii/OUTC05Q3.TXT,data/interim/parquet/outc/outc_2005q3.parquet,250394,83824,83824,0,0,0,83824,0,2,report_id;outc_cod
2005q4,laers,outc,ascii/OUTC05Q4.TXT,data/interim/parquet/outc/outc_2005q4.parquet,268447,89580,89580,0,0,0,89580,0,2,report_id;outc_cod
2006q1,laers,outc,ascii/OUTC06Q1.TXT,data/interim/parquet/outc/outc_2006q1.parquet,289909,96515,96515,0,0,0,96515,0,2,report_id;outc_cod
2006q2,laers,outc,ascii/OUTC06Q2.TXT,data/interim/parquet/outc/outc_2006q2.parquet,260721,87399,87399,0,0,0,87399,0,2,report_id;outc_cod
2006q3,laers,outc,ascii/OUTC06Q3.TXT,data/interim/parquet/outc/outc_2006q3.parquet,215204,71711,71711,0,0,0,71711,0,2,report_id;outc_cod
2006q4,laers,outc,ascii/OUTC06Q4.TXT,data/interim/parquet/outc/outc_2006q4.parquet,232050,77321,77321,0,0,0,77321,0,2,report_id;outc_cod
2007q1,laers,outc,ascii/OUTC07Q1.TXT,data/interim/parquet/outc/outc_2007q1.parquet,263448,86474,86474,0,0,0,86474,0,2,report_id;outc_cod
2007q2,laers,outc,ascii/OUTC07Q2.TXT,data/interim/parquet/outc/outc_2007q2.parquet,264668,86533,86533,0,0,0,86533,0,2,report_id;outc_cod
2007q3,laers,outc,ascii/OUTC07Q3.TXT,data/interim/parquet/outc/outc_2007q3.parquet,269765,88964,88964,0,0,0,88964,0,2,report_id;outc_cod
2007q4,laers,outc,ascii/OUTC07Q4.TXT,data/interim/parquet/outc/outc_2007q4.parquet,278106,91537,91537,0,0,0,91537,0,2,report_id;outc_cod
2008q1,laers,outc,ascii/OUTC08Q1.TXT,data/interim/parquet/outc/outc_2008q1.parquet,290406,96837,96837,0,0,0,96837,0,2,report_id;outc_cod
2008q2,laers,outc,ascii/OUTC08Q2.TXT,data/interim/parquet/outc/outc_2008q2.parquet,305415,100663,100663,0,0,0,100663,0,2,report_id;outc_cod
2008q3,laers,outc,ascii/OUTC08Q3.TXT,data/interim/parquet/outc/outc_2008q3.parquet,313979,102614,102614,0,0,0,102614,0,2,report_id;outc_cod
2008q4,laers,outc,ascii/OUTC08Q4.TXT,data/interim/parquet/outc/outc_2008q4.parquet,315237,103131,103131,0,0,0,103131,0,2,report_id;outc_cod
2009q1,laers,outc,ascii/OUTC09Q1.TXT,data/interim/parquet/outc/outc_2009q1.parquet,336729,109315,109315,0,0,0,109315,0,2,report_id;outc_cod
2009q2,laers,outc,ascii/OUTC09Q2.TXT,data/interim/parquet/outc/outc_2009q2.parquet,351834,114105,114105,0,0,0,114105,0,2,report_id;outc_cod
2009q3,laers,outc,ascii/OUTC09Q3.TXT,data/interim/parquet/outc/outc_2009q3.parquet,361174,117769,117769,0,0,0,117769,0,2,report_id;outc_cod
2009q4,laers,outc,ascii/OUTC09Q4.TXT,data/interim/parquet/outc/outc_2009q4.parquet,405918,130230,130230,0,0,0,130230,0,2,report_id;outc_cod
2010q1,laers,outc,ascii/OUTC10Q1.TXT,data/interim/parquet/outc/outc_2010q1.parquet,392008,127036,127036,0,0,0,127036,0,2,report_id;outc_cod
2010q2,laers,outc,ascii/OUTC10Q2.TXT,data/interim/parquet/outc/outc_2010q2.parquet,435939,140773,140773,0,0,0,140773,0,2,report_id;outc_cod
2010q3,laers,outc,ascii/OUTC10Q3.TXT,data/interim/parquet/outc/outc_2010q3.parquet,511522,164812,164812,0,0,0,164812,0,2,report_id;outc_cod
2010q4,laers,outc,ascii/OUTC10Q4.TXT,data/interim/parquet/outc/outc_2010q4.parquet,492076,158424,158424,0,0,0,158424,0,2,report_id;outc_cod
2011q1,laers,outc,ascii/OUTC11Q1.TXT,data/interim/parquet/outc/outc_2011q1.parquet,519023,167269,167269,0,0,0,167269,0,2,report_id;outc_cod
2011q2,laers,outc,ascii/OUTC11Q2.TXT,data/interim/parquet/outc/outc_2011q2.parquet,557998,195384,195384,0,0,0,195384,0,2,report_id;outc_cod
2011q3,laers,outc,ascii/OUTC11Q3.TXT,data/interim/parquet/outc/outc_2011q3.parquet,556501,191692,191692,0,0,0,191692,0,2,report_id;outc_cod
2011q4,laers,outc,ascii/OUTC11Q4.TXT,data/interim/parquet/outc/outc_2011q4.parquet,539843,182057,182057,0,0,0,182057,0,2,report_id;outc_cod
2012q1,laers,outc,ascii/OUTC12Q1.TXT,data/interim/parquet/outc/outc_2012q1.parquet,559095,202719,202719,0,0,0,202719,0,2,report_id;outc_cod
2012q2,laers,outc,ascii/OUTC12Q2.TXT,data/interim/parquet/outc/outc_2012q2.parquet,560568,206540,206540,0,0,0,206540,0,2,report_id;outc_cod
2012q3,laers,outc,ascii/OUTC12Q3.TXT,data/interim/parquet/outc/outc_2012q3.parquet,374638,122892,122892,0,0,0,122892,0,2,report_id;outc_cod
2012q4,faers_early,outc,ascii/outc12q4.txt,data/interim/parquet/outc/outc_2012q4.parquet,1081200,191699,191699,0,0,0,191699,0,3,report_id;case_id;outc_cod
2013q1,faers_early,outc,ascii/OUTC13Q1.txt,data/interim/parquet/outc/outc_2013q1.parquet,1004073,153733,153733,0,0,0,153733,0,3,report_id;case_id;outc_cod
2013q2,faers_early,outc,ascii/OUTC13Q2.txt,data/interim/parquet/outc/outc_2013q2.parquet,883663,138634,138634,0,0,0,138634,0,3,report_id;case_id;outc_cod
2013q3,faers_early,outc,ASCII/OUTC13Q3.txt,data/interim/parquet/outc/outc_2013q3.parquet,922575,147472,147472,0,0,0,147472,0,3,report_id;case_id;outc_cod
2013q4,faers_early,outc,ascii/OUTC13Q4.txt,data/interim/parquet/outc/outc_2013q4.parquet,971869,154451,154451,0,0,0,154451,0,3,report_id;case_id;outc_cod
2014q1,faers_early,outc,ascii/OUTC14Q1.txt,data/interim/parquet/outc/outc_2014q1.parquet,1044888,170437,170437,0,0,0,170437,0,3,report_id;case_id;outc_cod
2014q2,faers_early,outc,ascii/OUTC14Q2.txt,data/interim/parquet/outc/outc_2014q2.parquet,1039241,178144,178144,0,0,0,178144,0,3,report_id;case_id;outc_cod
2014q3,faers_modern,outc,ascii/OUTC14Q3.txt,data/interim/parquet/outc/outc_2014q3.parquet,1045005,169754,169754,0,0,0,169754,0,3,report_id;case_id;outc_cod
2014q4,faers_modern,outc,ascii/OUTC14Q4.txt,data/interim/parquet/outc/outc_2014q4.parquet,1037891,167401,167401,0,0,0,167401,0,3,report_id;case_id;outc_cod
2015q1,faers_modern,outc,ascii/OUTC15Q1.txt,data/interim/parquet/outc/outc_2015q1.parquet,1220812,238008,238008,0,0,0,238008,0,3,report_id;case_id;outc_cod
2015q2,faers_modern,outc,ascii/OUTC15Q2.txt,data/interim/parquet/outc/outc_2015q2.parquet,1118654,200423,200423,0,0,0,200423,0,3,report_id;case_id;outc_cod
2015q3,faers_modern,outc,ascii/OUTC15Q3.txt,data/interim/parquet/outc/outc_2015q3.parquet,1154133,213108,213108,0,0,0,213108,0,3,report_id;case_id;outc_cod
2015q4,faers_modern,outc,ascii/OUTC15Q4.txt,data/interim/parquet/outc/outc_2015q4.parquet,1135273,205080,205080,0,0,0,205080,0,3,report_id;case_id;outc_cod
2016q1,faers_modern,outc,ascii/OUTC16Q1.txt,data/interim/parquet/outc/outc_2016q1.parquet,1156339,210280,210280,0,0,0,210280,0,3,report_id;case_id;outc_cod
2016q2,faers_modern,outc,ascii/OUTC16Q2.txt,data/interim/parquet/outc/outc_2016q2.parquet,1176413,218745,218745,0,0,0,218745,0,3,report_id;case_id;outc_cod
2016q3,faers_modern,outc,ascii/OUTC16Q3.txt,data/interim/parquet/outc/outc_2016q3.parquet,1179832,221346,221346,0,0,0,221346,0,3,report_id;case_id;outc_cod
2016q4,faers_modern,outc,ascii/OUTC16Q4.txt,data/interim/parquet/outc/outc_2016q4.parquet,1182419,220468,220468,0,0,0,220468,0,3,report_id;case_id;outc_cod
2017q1,faers_modern,outc,ascii/OUTC17Q1.txt,data/interim/parquet/outc/outc_2017q1.parquet,1239135,242274,242274,0,0,0,242274,0,3,report_id;case_id;outc_cod
2017q2,faers_modern,outc,ascii/OUTC17Q2.txt,data/interim/parquet/outc/outc_2017q2.parquet,1205356,232053,232053,0,0,0,232053,0,3,report_id;case_id;outc_cod
2017q3,faers_modern,outc,ascii/OUTC17Q3.txt,data/interim/parquet/outc/outc_2017q3.parquet,1212207,233715,233715,0,0,0,233715,0,3,report_id;case_id;outc_cod
2017q4,faers_modern,outc,ascii/OUTC17Q4.txt,data/interim/parquet/outc/outc_2017q4.parquet,1235215,243176,243176,0,0,0,243176,0,3,report_id;case_id;outc_cod
2018q1,faers_modern,outc,ascii/OUTC18Q1.txt,data/interim/parquet/outc/outc_2018q1.parquet,1373452,298710,298710,0,0,0,298710,0,3,report_id;case_id;outc_cod
2018q2,faers_modern,outc,ascii/OUTC18Q2.txt,data/interim/parquet/outc/outc_2018q2.parquet,1470817,331947,331947,0,0,0,331947,0,3,report_id;case_id;outc_cod
2018q3,faers_modern,outc,ascii/OUTC18Q3.txt,data/interim/parquet/outc/outc_2018q3.parquet,1386445,295817,295817,0,0,0,295817,0,3,report_id;case_id;outc_cod
2018q4,faers_modern,outc,ascii/OUTC18Q4.txt,data/interim/parquet/outc/outc_2018q4.parquet,1396556,299135,299135,0,0,0,299135,0,3,report_id;case_id;outc_cod
2019q1,faers_modern,outc,ascii/OUTC19Q1.txt,data/interim/parquet/outc/outc_2019q1.parquet,1431583,310662,310662,0,0,0,310662,0,3,report_id;case_id;outc_cod
2019q2,faers_modern,outc,ascii/OUTC19Q2.txt,data/interim/parquet/outc/outc_2019q2.parquet,1452179,324738,324738,0,0,0,324738,0,3,report_id;case_id;outc_cod
2019q3,faers_modern,outc,ascii/OUTC19Q3.txt,data/interim/parquet/outc/outc_2019q3.parquet,1457711,323787,323787,0,0,0,323787,0,3,report_id;case_id;outc_cod
2019q4,faers_modern,outc,ascii/OUTC19Q4.txt,data/interim/parquet/outc/outc_2019q4.parquet,1449760,321603,321603,0,0,0,321603,0,3,report_id;case_id;outc_cod
2020q1,faers_modern,outc,ASCII/OUTC20Q1.txt,data/interim/parquet/outc/outc_2020q1.parquet,1482839,335470,335470,0,0,0,335470,0,3,report_id;case_id;outc_cod
2020q2,faers_modern,outc,ASCII/OUTC20Q2.txt,data/interim/parquet/outc/outc_2020q2.parquet,1412177,307509,307509,0,0,0,307509,0,3,report_id;case_id;outc_cod
2020q3,faers_modern,outc,ASCII/OUTC20Q3.txt,data/interim/parquet/outc/outc_2020q3.parquet,1548828,358815,358815,0,0,0,358815,0,3,report_id;case_id;outc_cod
2020q4,faers_modern,outc,ASCII/OUTC20Q4.txt,data/interim/parquet/outc/outc_2020q4.parquet,1550260,365575,365575,0,0,0,365575,0,3,report_id;case_id;outc_cod
2021q1,faers_modern,outc,ASCII/OUTC21Q1.txt,data/interim/parquet/outc/outc_2021q1.parquet,1578637,371698,371698,0,0,0,371698,0,3,report_id;case_id;outc_cod
2021q2,faers_modern,outc,ASCII/OUTC21Q2.txt,data/interim/parquet/outc/outc_2021q2.parquet,1589591,383928,383928,0,0,0,383928,0,3,report_id;case_id;outc_cod
2021q3,faers_modern,outc,ASCII/OUTC21Q3.txt,data/interim/parquet/outc/outc_2021q3.parquet,1658327,420729,420729,0,0,0,420729,0,3,report_id;case_id;outc_cod
2021q4,faers_modern,outc,ASCII/OUTC21Q4.txt,data/interim/parquet/outc/outc_2021q4.parquet,1479822,337168,337168,0,0,0,337168,0,3,report_id;case_id;outc_cod
2022q1,faers_modern,outc,ASCII/OUTC22Q1.txt,data/interim/parquet/outc/outc_2022q1.parquet,1584230,375497,375497,0,0,0,375497,0,3,report_id;case_id;outc_cod
2022q2,faers_modern,outc,ASCII/OUTC22Q2.txt,data/interim/parquet/outc/outc_2022q2.parquet,1458824,325309,325309,0,0,0,325309,0,3,report_id;case_id;outc_cod
2022q3,faers_modern,outc,ASCII/OUTC22Q3.txt,data/interim/parquet/outc/outc_2022q3.parquet,1514438,345763,345763,0,0,0,345763,0,3,report_id;case_id;outc_cod
2022q4,faers_modern,outc,ASCII/OUTC22Q4.txt,data/interim/parquet/outc/outc_2022q4.parquet,1498891,334611,334611,0,0,0,334611,0,3,report_id;case_id;outc_cod
2023q1,faers_modern,outc,ASCII/OUTC23Q1.txt,data/interim/parquet/outc/outc_2023q1.parquet,1450509,309217,309217,0,0,0,309217,0,3,report_id;case_id;outc_cod
2023q2,faers_modern,outc,ASCII/OUTC23Q2.txt,data/interim/parquet/outc/outc_2023q2.parquet,1451628,303513,303513,0,0,0,303513,0,3,report_id;case_id;outc_cod
2023q3,faers_modern,outc,ASCII/OUTC23Q3.txt,data/interim/parquet/outc/outc_2023q3.parquet,1414844,307396,307396,0,0,0,307396,0,3,report_id;case_id;outc_cod
2023q4,faers_modern,outc,ASCII/OUTC23Q4.txt,data/interim/parquet/outc/outc_2023q4.parquet,1476418,327797,327797,0,0,0,327797,0,3,report_id;case_id;outc_cod
2024q1,faers_modern,outc,ASCII/OUTC24Q1.txt,data/interim/parquet/outc/outc_2024q1.parquet,1392466,295044,295044,0,0,0,295044,0,3,report_id;case_id;outc_cod
2024q2,faers_modern,outc,ASCII/OUTC24Q2.txt,data/interim/parquet/outc/outc_2024q2.parquet,1396689,291572,291572,0,0,0,291572,0,3,report_id;case_id;outc_cod
2024q3,faers_modern,outc,ASCII/OUTC24Q3.txt,data/interim/parquet/outc/outc_2024q3.parquet,1387480,288275,288275,0,0,0,288275,0,3,report_id;case_id;outc_cod
2024q4,faers_modern,outc,ASCII/OUTC24Q4.txt,data/interim/parquet/outc/outc_2024q4.parquet,1423679,308960,308960,0,0,0,308960,0,3,report_id;case_id;outc_cod
2025q1,faers_modern,outc,ASCII/OUTC25Q1.txt,data/interim/parquet/outc/outc_2025q1.parquet,1415275,304027,304027,0,0,0,304027,0,3,report_id;case_id;outc_cod
2025q2,faers_modern,outc,ASCII/OUTC25Q2.txt,data/interim/parquet/outc/outc_2025q2.parquet,1418501,295583,295583,0,0,0,295583,0,3,report_id;case_id;outc_cod
2025q3,faers_modern,outc,ASCII/OUTC25Q3.txt,data/interim/parquet/outc/outc_2025q3.parquet,1540138,343251,343251,0,0,0,343251,0,3,report_id;case_id;outc_cod
2025q4,faers_modern,outc,ASCII/OUTC25Q4.txt,data/interim/parquet/outc/outc_2025q4.parquet,1404396,289721,289721,0,0,0,289721,0,3,report_id;case_id;outc_cod
2026q1,faers_modern,outc,ASCII/OUTC26Q1.txt,data/interim/parquet/outc/outc_2026q1.parquet,1370273,291580,291580,0,0,0,291580,0,3,report_id;case_id;outc_cod
2026q2,faers_modern,outc,ASCII/OUTC26Q2.txt,data/interim/parquet/outc/outc_2026q2.parquet,1415998,303705,303705,0,0,0,303705,0,3,report_id;case_id;outc_cod
2004q1,laers,reac,ascii/REAC04Q1.TXT,data/interim/parquet/reac/reac_2004q1.parquet,774990,264410,264410,0,0,0,264410,0,2,report_id;pt
2004q2,laers,reac,ascii/REAC04Q2.TXT,data/interim/parquet/reac/reac_2004q2.parquet,745665,254101,254101,0,0,0,254101,0,2,report_id;pt
2004q3,laers,reac,ascii/REAC04Q3.TXT,data/interim/parquet/reac/reac_2004q3.parquet,871591,290812,290812,0,0,0,290812,0,2,report_id;pt
2004q4,laers,reac,ascii/REAC04Q4.TXT,data/interim/parquet/reac/reac_2004q4.parquet,875524,291641,291641,0,0,0,291641,0,2,report_id;pt
2005q1,laers,reac,ascii/REAC05Q1.TXT,data/interim/parquet/reac/reac_2005q1.parquet,932767,313159,313159,0,0,0,313159,0,2,report_id;pt
2005q2,laers,reac,ascii/REAC05Q2.TXT,data/interim/parquet/reac/reac_2005q2.parquet,1017532,337031,337031,0,0,0,337031,0,2,report_id;pt
2005q3,laers,reac,ascii/REAC05Q3.TXT,data/interim/parquet/reac/reac_2005q3.parquet,1010762,335886,335886,0,0,0,335886,0,2,report_id;pt
2005q4,laers,reac,ascii/REAC05Q4.TXT,data/interim/parquet/reac/reac_2005q4.parquet,1088224,359401,359401,0,0,0,359401,0,2,report_id;pt
2006q1,laers,reac,ascii/REAC06Q1.TXT,data/interim/parquet/reac/reac_2006q1.parquet,1179261,408690,408690,0,0,0,408690,0,2,report_id;pt
2006q2,laers,reac,ascii/REAC06Q2.TXT,data/interim/parquet/reac/reac_2006q2.parquet,1091564,389166,389166,0,0,0,389166,0,2,report_id;pt
2006q3,laers,reac,ascii/REAC06Q3.TXT,data/interim/parquet/reac/reac_2006q3.parquet,854892,285873,285873,0,0,0,285873,0,2,report_id;pt
2006q4,laers,reac,ascii/REAC06Q4.TXT,data/interim/parquet/reac/reac_2006q4.parquet,976792,305634,305634,0,0,0,305634,0,2,report_id;pt
2007q1,laers,reac,ascii/REAC07Q1.TXT,data/interim/parquet/reac/reac_2007q1.parquet,993502,300852,300852,0,0,0,300852,0,2,report_id;pt
2007q2,laers,reac,ascii/REAC07Q2.TXT,data/interim/parquet/reac/reac_2007q2.parquet,977691,297934,297934,0,0,0,297934,0,2,report_id;pt
2007q3,laers,reac,ascii/REAC07Q3.TXT,data/interim/parquet/reac/reac_2007q3.parquet,1058312,314690,314690,0,0,0,314690,0,2,report_id;pt
2007q4,laers,reac,ascii/REAC07Q4.TXT,data/interim/parquet/reac/reac_2007q4.parquet,1217915,365023,365023,0,0,0,365023,0,2,report_id;pt
2008q1,laers,reac,ascii/REAC08Q1.TXT,data/interim/parquet/reac/reac_2008q1.parquet,1210140,366000,366000,0,0,0,366000,0,2,report_id;pt
2008q2,laers,reac,ascii/REAC08Q2.TXT,data/interim/parquet/reac/reac_2008q2.parquet,1301524,403652,403652,0,0,0,403652,0,2,report_id;pt
2008q3,laers,reac,ascii/REAC08Q3.TXT,data/interim/parquet/reac/reac_2008q3.parquet,1303907,401834,401834,0,0,0,401834,0,2,report_id;pt
2008q4,laers,reac,ascii/REAC08Q4.TXT,data/interim/parquet/reac/reac_2008q4.parquet,1385650,407957,407957,0,0,0,407957,0,2,report_id;pt
2009q1,laers,reac,ascii/REAC09Q1.TXT,data/interim/parquet/reac/reac_2009q1.parquet,1257541,378445,378445,0,0,0,378445,0,2,report_id;pt
2009q2,laers,reac,ascii/REAC09Q2.TXT,data/interim/parquet/reac/reac_2009q2.parquet,1352641,413833,413833,0,0,0,413833,0,2,report_id;pt
2009q3,laers,reac,ascii/REAC09Q3.TXT,data/interim/parquet/reac/reac_2009q3.parquet,1504400,453563,453563,0,0,0,453563,0,2,report_id;pt
2009q4,laers,reac,ascii/REAC09Q4.TXT,data/interim/parquet/reac/reac_2009q4.parquet,1614982,509323,509323,0,0,0,509323,0,2,report_id;pt
2010q1,laers,reac,ascii/REAC10Q1.TXT,data/interim/parquet/reac/reac_2010q1.parquet,1622315,506409,506409,0,0,0,506409,0,2,report_id;pt
2010q2,laers,reac,ascii/REAC10Q2.TXT,data/interim/parquet/reac/reac_2010q2.parquet,1709857,549395,549395,0,0,0,549395,0,2,report_id;pt
2010q3,laers,reac,ascii/REAC10Q3.TXT,data/interim/parquet/reac/reac_2010q3.parquet,2061907,735882,735882,0,0,0,735882,0,2,report_id;pt
2010q4,laers,reac,ascii/REAC10Q4.TXT,data/interim/parquet/reac/reac_2010q4.parquet,1906186,652383,652383,0,0,0,652383,0,2,report_id;pt
2011q1,laers,reac,ascii/REAC11Q1.TXT,data/interim/parquet/reac/reac_2011q1.parquet,1943970,660777,660777,0,0,0,660777,0,2,report_id;pt
2011q2,laers,reac,ascii/REAC11Q2.TXT,data/interim/parquet/reac/reac_2011q2.parquet,2119050,751373,751373,0,0,0,751373,0,2,report_id;pt
2011q3,laers,reac,ascii/REAC11Q3.TXT,data/interim/parquet/reac/reac_2011q3.parquet,2077635,742211,742211,0,0,0,742211,0,2,report_id;pt
2011q4,laers,reac,ascii/REAC11Q4.TXT,data/interim/parquet/reac/reac_2011q4.parquet,2167577,773537,773537,0,0,0,773537,0,2,report_id;pt
2012q1,laers,reac,ascii/REAC12Q1.TXT,data/interim/parquet/reac/reac_2012q1.parquet,2294962,838238,838238,0,0,0,838238,0,2,report_id;pt
2012q2,laers,reac,ascii/REAC12Q2.TXT,data/interim/parquet/reac/reac_2012q2.parquet,2284416,834716,834716,0,0,0,834716,0,2,report_id;pt
2012q3,laers,reac,ascii/REAC12Q3.TXT,data/interim/parquet/reac/reac_2012q3.parquet,1622476,503470,503470,0,0,0,503470,0,2,report_id;pt
2012q4,faers_early,reac,ascii/reac12q4.txt,data/interim/parquet/reac/reac_2012q4.parquet,3096817,738098,738098,0,0,0,738098,0,3,report_id;case_id;pt
2013q1,faers_early,reac,ascii/REAC13Q1.txt,data/interim/parquet/reac/reac_2013q1.parquet,2892752,658002,658002,0,0,0,658002,0,3,report_id;case_id;pt
2013q2,faers_early,reac,ascii/REAC13Q2.txt,data/interim/parquet/reac/reac_2013q2.parquet,2623773,544835,544835,0,0,0,544835,0,3,report_id;case_id;pt
2013q3,faers_early,reac,ASCII/REAC13Q3.txt,data/interim/parquet/reac/reac_2013q3.parquet,2673189,584833,584833,0,0,0,584833,0,3,report_id;case_id;pt
2013q4,faers_early,reac,ascii/REAC13Q4.txt,data/interim/parquet/reac/reac_2013q4.parquet,2963535,690690,690690,0,0,0,690690,0,3,report_id;case_id;pt
2014q1,faers_early,reac,ascii/REAC14Q1.txt,data/interim/parquet/reac/reac_2014q1.parquet,3046423,754668,754668,0,0,0,754668,0,3,report_id;case_id;pt
2014q2,faers_early,reac,ascii/REAC14Q2.txt,data/interim/parquet/reac/reac_2014q2.parquet,2707774,652959,652959,0,0,0,652959,0,3,report_id;case_id;pt
2014q3,faers_modern,reac,ascii/REAC14Q3.txt,data/interim/parquet/reac/reac_2014q3.parquet,2880517,667778,667778,0,0,0,667778,0,4,report_id;case_id;pt;drug_rec_act
2014q4,faers_modern,reac,ascii/REAC14Q4.txt,data/interim/parquet/reac/reac_2014q4.parquet,2805574,635465,635465,0,0,0,635465,0,4,report_id;case_id;pt;drug_rec_act
2015q1,faers_modern,reac,ascii/REAC15Q1.txt,data/interim/parquet/reac/reac_2015q1.parquet,3356637,872848,872848,0,0,0,872848,0,4,report_id;case_id;pt;drug_rec_act
2015q2,faers_modern,reac,ascii/REAC15Q2.txt,data/interim/parquet/reac/reac_2015q2.parquet,3337774,845134,845134,0,0,0,845134,0,4,report_id;case_id;pt;drug_rec_act
2015q3,faers_modern,reac,ascii/REAC15Q3.txt,data/interim/parquet/reac/reac_2015q3.parquet,4351814,1133196,1133196,0,0,0,1133196,0,4,report_id;case_id;pt;drug_rec_act
2015q4,faers_modern,reac,ascii/REAC15Q4.txt,data/interim/parquet/reac/reac_2015q4.parquet,3734182,968664,968664,0,0,0,968664,0,4,report_id;case_id;pt;drug_rec_act
2016q1,faers_modern,reac,ascii/REAC16Q1.txt,data/interim/parquet/reac/reac_2016q1.parquet,3858363,1013744,1013744,0,0,0,1013744,0,4,report_id;case_id;pt;drug_rec_act
2016q2,faers_modern,reac,ascii/REAC16Q2.txt,data/interim/parquet/reac/reac_2016q2.parquet,3580634,914638,914638,0,0,0,914638,0,4,report_id;case_id;pt;drug_rec_act
2016q3,faers_modern,reac,ascii/REAC16Q3.txt,data/interim/parquet/reac/reac_2016q3.parquet,3672293,936744,936744,0,0,0,936744,0,4,report_id;case_id;pt;drug_rec_act
2016q4,faers_modern,reac,ascii/REAC16Q4.txt,data/interim/parquet/reac/reac_2016q4.parquet,3589605,916308,916308,0,0,0,916308,0,4,report_id;case_id;pt;drug_rec_act
2017q1,faers_modern,reac,ascii/REAC17Q1.txt,data/interim/parquet/reac/reac_2017q1.parquet,3934543,1041509,1041509,0,0,0,1041509,0,4,report_id;case_id;pt;drug_rec_act
2017q2,faers_modern,reac,ascii/REAC17Q2.txt,data/interim/parquet/reac/reac_2017q2.parquet,3775938,987728,987728,0,0,0,987728,0,4,report_id;case_id;pt;drug_rec_act
2017q3,faers_modern,reac,ascii/REAC17Q3.txt,data/interim/parquet/reac/reac_2017q3.parquet,3867869,1025153,1025153,0,0,0,1025153,0,4,report_id;case_id;pt;drug_rec_act
2017q4,faers_modern,reac,ascii/REAC17Q4.txt,data/interim/parquet/reac/reac_2017q4.parquet,3613461,961640,961640,0,0,0,961640,0,4,report_id;case_id;pt;drug_rec_act
2018q1,faers_modern,reac,ascii/REAC18Q1.txt,data/interim/parquet/reac/reac_2018q1.parquet,4768883,1206259,1206259,0,0,0,1206259,0,4,report_id;case_id;pt;drug_rec_act
2018q2,faers_modern,reac,ascii/REAC18Q2.txt,data/interim/parquet/reac/reac_2018q2.parquet,5790291,1392439,1392439,0,0,0,1392439,0,4,report_id;case_id;pt;drug_rec_act
2018q3,faers_modern,reac,ascii/REAC18Q3.txt,data/interim/parquet/reac/reac_2018q3.parquet,5525279,1329530,1329530,0,0,0,1329530,0,4,report_id;case_id;pt;drug_rec_act
2018q4,faers_modern,reac,ascii/REAC18Q4.txt,data/interim/parquet/reac/reac_2018q4.parquet,5068860,1250978,1250978,0,0,0,1250978,0,4,report_id;case_id;pt;drug_rec_act
2019q1,faers_modern,reac,ascii/REAC19Q1.txt,data/interim/parquet/reac/reac_2019q1.parquet,5334415,1303532,1303532,0,0,0,1303532,0,4,report_id;case_id;pt;drug_rec_act
2019q2,faers_modern,reac,ascii/REAC19Q2.txt,data/interim/parquet/reac/reac_2019q2.parquet,5988237,1408482,1408482,0,0,0,1408482,0,4,report_id;case_id;pt;drug_rec_act
2019q3,faers_modern,reac,ascii/REAC19Q3.txt,data/interim/parquet/reac/reac_2019q3.parquet,6179232,1504790,1504790,0,0,0,1504790,0,4,report_id;case_id;pt;drug_rec_act
2019q4,faers_modern,reac,ascii/REAC19Q4.txt,data/interim/parquet/reac/reac_2019q4.parquet,5701289,1359922,1359922,0,0,0,1359922,0,4,report_id;case_id;pt;drug_rec_act
2020q1,faers_modern,reac,ASCII/REAC20Q1.txt,data/interim/parquet/reac/reac_2020q1.parquet,6222356,1517264,1517264,0,0,0,1517264,0,4,report_id;case_id;pt;drug_rec_act
2020q2,faers_modern,reac,ASCII/REAC20Q2.txt,data/interim/parquet/reac/reac_2020q2.parquet,5951866,1437285,1437285,0,0,0,1437285,0,4,report_id;case_id;pt;drug_rec_act
2020q3,faers_modern,reac,ASCII/REAC20Q3.txt,data/interim/parquet/reac/reac_2020q3.parquet,6074655,1454044,1454044,0,0,0,1454044,0,4,report_id;case_id;pt;drug_rec_act
2020q4,faers_modern,reac,ASCII/REAC20Q4.txt,data/interim/parquet/reac/reac_2020q4.parquet,6161860,1522657,1522657,0,0,0,1522657,0,4,report_id;case_id;pt;drug_rec_act
2021q1,faers_modern,reac,ASCII/REAC21Q1.txt,data/interim/parquet/reac/reac_2021q1.parquet,6192800,1505167,1505167,0,0,0,1505167,0,4,report_id;case_id;pt;drug_rec_act
2021q2,faers_modern,reac,ASCII/REAC21Q2.txt,data/interim/parquet/reac/reac_2021q2.parquet,6181806,1526544,1526544,0,0,0,1526544,0,4,report_id;case_id;pt;drug_rec_act
2021q3,faers_modern,reac,ASCII/REAC21Q3.txt,data/interim/parquet/reac/reac_2021q3.parquet,6280622,1544374,1544374,0,0,0,1544374,0,4,report_id;case_id;pt;drug_rec_act
2021q4,faers_modern,reac,ASCII/REAC21Q4.txt,data/interim/parquet/reac/reac_2021q4.parquet,5622619,1355734,1355734,0,0,0,1355734,0,4,report_id;case_id;pt;drug_rec_act
2022q1,faers_modern,reac,ASCII/REAC22Q1.txt,data/interim/parquet/reac/reac_2022q1.parquet,6244655,1543059,1543059,0,0,0,1543059,0,4,report_id;case_id;pt;drug_rec_act
2022q2,faers_modern,reac,ASCII/REAC22Q2.txt,data/interim/parquet/reac/reac_2022q2.parquet,5995590,1464627,1464627,0,0,0,1464627,0,4,report_id;case_id;pt;drug_rec_act
2022q3,faers_modern,reac,ASCII/REAC22Q3.txt,data/interim/parquet/reac/reac_2022q3.parquet,5992214,1449509,1449509,0,0,0,1449509,0,4,report_id;case_id;pt;drug_rec_act
2022q4,faers_modern,reac,ASCII/REAC22Q4.txt,data/interim/parquet/reac/reac_2022q4.parquet,6454786,1617584,1617584,0,0,0,1617584,0,4,report_id;case_id;pt;drug_rec_act
2023q1,faers_modern,reac,ASCII/REAC23Q1.txt,data/interim/parquet/reac/reac_2023q1.parquet,6096421,1491473,1491473,0,0,0,1491473,0,4,report_id;case_id;pt;drug_rec_act
2023q2,faers_modern,reac,ASCII/REAC23Q2.txt,data/interim/parquet/reac/reac_2023q2.parquet,6083621,1478973,1478973,0,0,0,1478973,0,4,report_id;case_id;pt;drug_rec_act
2023q3,faers_modern,reac,ASCII/REAC23Q3.txt,data/interim/parquet/reac/reac_2023q3.parquet,5702223,1373338,1373338,0,0,0,1373338,0,4,report_id;case_id;pt;drug_rec_act
2023q4,faers_modern,reac,ASCII/REAC23Q4.txt,data/interim/parquet/reac/reac_2023q4.parquet,6109164,1500033,1500033,0,0,0,1500033,0,4,report_id;case_id;pt;drug_rec_act
2024q1,faers_modern,reac,ASCII/REAC24Q1.txt,data/interim/parquet/reac/reac_2024q1.parquet,5988775,1445416,1445416,0,0,0,1445416,0,4,report_id;case_id;pt;drug_rec_act
2024q2,faers_modern,reac,ASCII/REAC24Q2.txt,data/interim/parquet/reac/reac_2024q2.parquet,5909647,1445044,1445044,0,0,0,1445044,0,4,report_id;case_id;pt;drug_rec_act
2024q3,faers_modern,reac,ASCII/REAC24Q3.txt,data/interim/parquet/reac/reac_2024q3.parquet,5908407,1431718,1431718,0,0,0,1431718,0,4,report_id;case_id;pt;drug_rec_act
2024q4,faers_modern,reac,ASCII/REAC24Q4.txt,data/interim/parquet/reac/reac_2024q4.parquet,5992078,1472750,1472750,0,0,0,1472750,0,4,report_id;case_id;pt;drug_rec_act
2025q1,faers_modern,reac,ASCII/REAC25Q1.txt,data/interim/parquet/reac/reac_2025q1.parquet,5895004,1432926,1432926,0,0,0,1432926,0,4,report_id;case_id;pt;drug_rec_act
2025q2,faers_modern,reac,ASCII/REAC25Q2.txt,data/interim/parquet/reac/reac_2025q2.parquet,5549901,1340666,1340666,0,0,0,1340666,0,4,report_id;case_id;pt;drug_rec_act
2025q3,faers_modern,reac,ASCII/REAC25Q3.txt,data/interim/parquet/reac/reac_2025q3.parquet,6345773,1535133,1535133,0,0,0,1535133,0,4,report_id;case_id;pt;drug_rec_act
2025q4,faers_modern,reac,ASCII/REAC25Q4.txt,data/interim/parquet/reac/reac_2025q4.parquet,5568234,1349105,1349105,0,0,0,1349105,0,4,report_id;case_id;pt;drug_rec_act
2026q1,faers_modern,reac,ASCII/REAC26Q1.txt,data/interim/parquet/reac/reac_2026q1.parquet,5538215,1330675,1330675,0,0,0,1330675,0,4,report_id;case_id;pt;drug_rec_act
2026q2,faers_modern,reac,ASCII/REAC26Q2.txt,data/interim/parquet/reac/reac_2026q2.parquet,5821818,1394751,1394751,0,0,0,1394751,0,4,report_id;case_id;pt;drug_rec_act
2004q1,laers,rpsr,ascii/RPSR04Q1.TXT,data/interim/parquet/rpsr/rpsr_2004q1.parquet,200273,78306,78306,0,0,0,78306,0,2,report_id;rpsr_cod
2004q2,laers,rpsr,ascii/RPSR04Q2.TXT,data/interim/parquet/rpsr/rpsr_2004q2.parquet,215568,79231,79231,0,0,0,79231,0,2,report_id;rpsr_cod
2004q3,laers,rpsr,ascii/RPSR04Q3.TXT,data/interim/parquet/rpsr/rpsr_2004q3.parquet,241017,87737,87737,0,0,0,87737,0,2,report_id;rpsr_cod
2004q4,laers,rpsr,ascii/RPSR04Q4.TXT,data/interim/parquet/rpsr/rpsr_2004q4.parquet,187884,73001,73001,0,0,0,73001,0,2,report_id;rpsr_cod
2005q1,laers,rpsr,ascii/RPSR05Q1.TXT,data/interim/parquet/rpsr/rpsr_2005q1.parquet,178160,69159,69159,0,0,0,69159,0,2,report_id;rpsr_cod
2005q2,laers,rpsr,ascii/RPSR05Q2.TXT,data/interim/parquet/rpsr/rpsr_2005q2.parquet,204194,81944,81944,0,0,0,81944,0,2,report_id;rpsr_cod
2005q3,laers,rpsr,ascii/RPSR05Q3.TXT,data/interim/parquet/rpsr/rpsr_2005q3.parquet,196091,74416,74416,0,0,0,74416,0,2,report_id;rpsr_cod
2005q4,laers,rpsr,ascii/RPSR05Q4.TXT,data/interim/parquet/rpsr/rpsr_2005q4.parquet,199843,74459,74459,0,0,0,74459,0,2,report_id;rpsr_cod
2006q1,laers,rpsr,ascii/RPSR06Q1.TXT,data/interim/parquet/rpsr/rpsr_2006q1.parquet,185725,68831,68831,0,0,0,68831,0,2,report_id;rpsr_cod
2006q2,laers,rpsr,ascii/RPSR06Q2.TXT,data/interim/parquet/rpsr/rpsr_2006q2.parquet,193786,71326,71326,0,0,0,71326,0,2,report_id;rpsr_cod
2006q3,laers,rpsr,ascii/RPSR06Q3.TXT,data/interim/parquet/rpsr/rpsr_2006q3.parquet,176402,66964,66964,0,0,0,66964,0,2,report_id;rpsr_cod
2006q4,laers,rpsr,ascii/RPSR06Q4.TXT,data/interim/parquet/rpsr/rpsr_2006q4.parquet,168379,62334,62334,0,0,0,62334,0,2,report_id;rpsr_cod
2007q1,laers,rpsr,ascii/RPSR07Q1.TXT,data/interim/parquet/rpsr/rpsr_2007q1.parquet,160245,58849,58849,0,0,0,58849,0,2,report_id;rpsr_cod
2007q2,laers,rpsr,ascii/RPSR07Q2.TXT,data/interim/parquet/rpsr/rpsr_2007q2.parquet,136890,50048,50048,0,0,0,50048,0,2,report_id;rpsr_cod
2007q3,laers,rpsr,ascii/RPSR07Q3.TXT,data/interim/parquet/rpsr/rpsr_2007q3.parquet,130533,47623,47623,0,0,0,47623,0,2,report_id;rpsr_cod
2007q4,laers,rpsr,ascii/RPSR07Q4.TXT,data/interim/parquet/rpsr/rpsr_2007q4.parquet,131724,47997,47997,0,0,0,47997,0,2,report_id;rpsr_cod
2008q1,laers,rpsr,ascii/RPSR08Q1.TXT,data/interim/parquet/rpsr/rpsr_2008q1.parquet,126464,47161,47161,0,0,0,47161,0,2,report_id;rpsr_cod
2008q2,laers,rpsr,ascii/RPSR08Q2.TXT,data/interim/parquet/rpsr/rpsr_2008q2.parquet,117868,43311,43311,0,0,0,43311,0,2,report_id;rpsr_cod
2008q3,laers,rpsr,ascii/RPSR08Q3.TXT,data/interim/parquet/rpsr/rpsr_2008q3.parquet,119074,43613,43613,0,0,0,43613,0,2,report_id;rpsr_cod
2008q4,laers,rpsr,ascii/RPSR08Q4.TXT,data/interim/parquet/rpsr/rpsr_2008q4.parquet,103071,37683,37683,0,0,0,37683,0,2,report_id;rpsr_cod
2009q1,laers,rpsr,ascii/RPSR09Q1.TXT,data/interim/parquet/rpsr/rpsr_2009q1.parquet,99659,37107,37107,0,0,0,37107,0,2,report_id;rpsr_cod
2009q2,laers,rpsr,ascii/RPSR09Q2.TXT,data/interim/parquet/rpsr/rpsr_2009q2.parquet,89036,33813,33813,0,0,0,33813,0,2,report_id;rpsr_cod
2009q3,laers,rpsr,ascii/RPSR09Q3.TXT,data/interim/parquet/rpsr/rpsr_2009q3.parquet,95751,35643,35643,0,0,0,35643,0,2,report_id;rpsr_cod
2009q4,laers,rpsr,ascii/RPSR09Q4.TXT,data/interim/parquet/rpsr/rpsr_2009q4.parquet,105912,39412,39412,0,0,0,39412,0,2,report_id;rpsr_cod
2010q1,laers,rpsr,ascii/RPSR10Q1.TXT,data/interim/parquet/rpsr/rpsr_2010q1.parquet,96430,35888,35888,0,0,0,35888,0,2,report_id;rpsr_cod
2010q2,laers,rpsr,ascii/RPSR10Q2.TXT,data/interim/parquet/rpsr/rpsr_2010q2.parquet,99904,36999,36999,0,0,0,36999,0,2,report_id;rpsr_cod
2010q3,laers,rpsr,ascii/RPSR10Q3.TXT,data/interim/parquet/rpsr/rpsr_2010q3.parquet,103361,37795,37795,0,0,0,37795,0,2,report_id;rpsr_cod
2010q4,laers,rpsr,ascii/RPSR10Q4.TXT,data/interim/parquet/rpsr/rpsr_2010q4.parquet,91034,33087,33087,0,0,0,33087,0,2,report_id;rpsr_cod
2011q1,laers,rpsr,ascii/RPSR11Q1.TXT,data/interim/parquet/rpsr/rpsr_2011q1.parquet,95519,34241,34241,0,0,0,34241,0,2,report_id;rpsr_cod
2011q2,laers,rpsr,ascii/RPSR11Q2.TXT,data/interim/parquet/rpsr/rpsr_2011q2.parquet,98103,35626,35626,0,0,0,35626,0,2,report_id;rpsr_cod
2011q3,laers,rpsr,ascii/RPSR11Q3.TXT,data/interim/parquet/rpsr/rpsr_2011q3.parquet,115386,41193,41193,0,0,0,41193,0,2,report_id;rpsr_cod
2011q4,laers,rpsr,ascii/RPSR11Q4.TXT,data/interim/parquet/rpsr/rpsr_2011q4.parquet,99013,35032,35032,0,0,0,35032,0,2,report_id;rpsr_cod
2012q1,laers,rpsr,ascii/RPSR12Q1.TXT,data/interim/parquet/rpsr/rpsr_2012q1.parquet,124306,44313,44313,0,0,0,44313,0,2,report_id;rpsr_cod
2012q2,laers,rpsr,ascii/RPSR12Q2.TXT,data/interim/parquet/rpsr/rpsr_2012q2.parquet,110212,40036,40036,0,0,0,40036,0,2,report_id;rpsr_cod
2012q3,laers,rpsr,ascii/RPSR12Q3.TXT,data/interim/parquet/rpsr/rpsr_2012q3.parquet,30127,11056,11056,0,0,0,11056,0,2,report_id;rpsr_cod
2012q4,faers_early,rpsr,ascii/rpsr12q4.txt,data/interim/parquet/rpsr/rpsr_2012q4.parquet,145421,25933,25933,0,0,0,25933,0,3,report_id;case_id;rpsr_cod
2013q1,faers_early,rpsr,ascii/RPSR13Q1.txt,data/interim/parquet/rpsr/rpsr_2013q1.parquet,305282,54000,54000,0,0,0,54000,0,3,report_id;case_id;rpsr_cod
2013q2,faers_early,rpsr,ascii/RPSR13Q2.txt,data/interim/parquet/rpsr/rpsr_2013q2.parquet,160457,27142,27142,0,0,0,27142,0,3,report_id;case_id;rpsr_cod
2013q3,faers_early,rpsr,ASCII/RPSR13Q3.txt,data/interim/parquet/rpsr/rpsr_2013q3.parquet,140857,24861,24861,0,0,0,24861,0,3,report_id;case_id;rpsr_cod
2013q4,faers_early,rpsr,ascii/RPSR13Q4.txt,data/interim/parquet/rpsr/rpsr_2013q4.parquet,154125,26575,26575,0,0,0,26575,0,3,report_id;case_id;rpsr_cod
2014q1,faers_early,rpsr,ascii/RPSR14Q1.txt,data/interim/parquet/rpsr/rpsr_2014q1.parquet,213935,37839,37839,0,0,0,37839,0,3,report_id;case_id;rpsr_cod
2014q2,faers_early,rpsr,ascii/RPSR14Q2.txt,data/interim/parquet/rpsr/rpsr_2014q2.parquet,130829,22556,22556,0,0,0,22556,0,3,report_id;case_id;rpsr_cod
2014q3,faers_modern,rpsr,ascii/RPSR14Q3.txt,data/interim/parquet/rpsr/rpsr_2014q3.parquet,141504,24337,24337,0,0,0,24337,0,3,report_id;case_id;rpsr_cod
2014q4,faers_modern,rpsr,ascii/RPSR14Q4.txt,data/interim/parquet/rpsr/rpsr_2014q4.parquet,134201,23333,23333,0,0,0,23333,0,3,report_id;case_id;rpsr_cod
2015q1,faers_modern,rpsr,ascii/RPSR15Q1.txt,data/interim/parquet/rpsr/rpsr_2015q1.parquet,161073,28234,28234,0,0,0,28234,0,3,report_id;case_id;rpsr_cod
2015q2,faers_modern,rpsr,ascii/RPSR15Q2.txt,data/interim/parquet/rpsr/rpsr_2015q2.parquet,119041,20463,20463,0,0,0,20463,0,3,report_id;case_id;rpsr_cod
2015q3,faers_modern,rpsr,ascii/RPSR15Q3.txt,data/interim/parquet/rpsr/rpsr_2015q3.parquet,75276,12075,12075,0,0,0,12075,0,3,report_id;case_id;rpsr_cod
2015q4,faers_modern,rpsr,ascii/RPSR15Q4.txt,data/interim/parquet/rpsr/rpsr_2015q4.parquet,38662,5688,5688,0,0,0,5688,0,3,report_id;case_id;rpsr_cod
2016q1,faers_modern,rpsr,ascii/RPSR16Q1.txt,data/interim/parquet/rpsr/rpsr_2016q1.parquet,43828,6480,6480,0,0,0,6480,0,3,report_id;case_id;rpsr_cod
2016q2,faers_modern,rpsr,ascii/RPSR16Q2.txt,data/interim/parquet/rpsr/rpsr_2016q2.parquet,62695,9437,9437,0,0,0,9437,0,3,report_id;case_id;rpsr_cod
2016q3,faers_modern,rpsr,ascii/RPSR16Q3.txt,data/interim/parquet/rpsr/rpsr_2016q3.parquet,47900,7356,7356,0,0,0,7356,0,3,report_id;case_id;rpsr_cod
2016q4,faers_modern,rpsr,ascii/RPSR16Q4.txt,data/interim/parquet/rpsr/rpsr_2016q4.parquet,70913,10886,10886,0,0,0,10886,0,3,report_id;case_id;rpsr_cod
2017q1,faers_modern,rpsr,ascii/RPSR17Q1.txt,data/interim/parquet/rpsr/rpsr_2017q1.parquet,86282,13426,13426,0,0,0,13426,0,3,report_id;case_id;rpsr_cod
2017q2,faers_modern,rpsr,ascii/RPSR17Q2.txt,data/interim/parquet/rpsr/rpsr_2017q2.parquet,99951,15768,15768,0,0,0,15768,0,3,report_id;case_id;rpsr_cod
2017q3,faers_modern,rpsr,ascii/RPSR17Q3.txt,data/interim/parquet/rpsr/rpsr_2017q3.parquet,98825,15478,15478,0,0,0,15478,0,3,report_id;case_id;rpsr_cod
2017q4,faers_modern,rpsr,ascii/RPSR17Q4.txt,data/interim/parquet/rpsr/rpsr_2017q4.parquet,97409,15363,15363,0,0,0,15363,0,3,report_id;case_id;rpsr_cod
2018q1,faers_modern,rpsr,ascii/RPSR18Q1.txt,data/interim/parquet/rpsr/rpsr_2018q1.parquet,128029,19433,19433,0,0,0,19433,0,3,report_id;case_id;rpsr_cod
2018q2,faers_modern,rpsr,ascii/RPSR18Q2.txt,data/interim/parquet/rpsr/rpsr_2018q2.parquet,104734,15860,15860,0,0,0,15860,0,3,report_id;case_id;rpsr_cod
2018q3,faers_modern,rpsr,ascii/RPSR18Q3.txt,data/interim/parquet/rpsr/rpsr_2018q3.parquet,156087,23783,23783,0,0,0,23783,0,3,report_id;case_id;rpsr_cod
2018q4,faers_modern,rpsr,ascii/RPSR18Q4.txt,data/interim/parquet/rpsr/rpsr_2018q4.parquet,139424,21075,21075,0,0,0,21075,0,3,report_id;case_id;rpsr_cod
2019q1,faers_modern,rpsr,ascii/RPSR19Q1.txt,data/interim/parquet/rpsr/rpsr_2019q1.parquet,102973,16018,16018,0,0,0,16018,0,3,report_id;case_id;rpsr_cod
2019q2,faers_modern,rpsr,ascii/RPSR19Q2.txt,data/interim/parquet/rpsr/rpsr_2019q2.parquet,155524,23643,23643,0,0,0,23643,0,3,report_id;case_id;rpsr_cod
2019q3,faers_modern,rpsr,ascii/RPSR19Q3.txt,data/interim/parquet/rpsr/rpsr_2019q3.parquet,137773,20652,20652,0,0,0,20652,0,3,report_id;case_id;rpsr_cod
2019q4,faers_modern,rpsr,ascii/RPSR19Q4.txt,data/interim/parquet/rpsr/rpsr_2019q4.parquet,158748,23774,23774,0,0,0,23774,0,3,report_id;case_id;rpsr_cod
2020q1,faers_modern,rpsr,ASCII/RPSR20Q1.txt,data/interim/parquet/rpsr/rpsr_2020q1.parquet,101410,15492,15492,0,0,0,15492,0,3,report_id;case_id;rpsr_cod
2020q2,faers_modern,rpsr,ASCII/RPSR20Q2.txt,data/interim/parquet/rpsr/rpsr_2020q2.parquet,86164,13094,13094,0,0,0,13094,0,3,report_id;case_id;rpsr_cod
2020q3,faers_modern,rpsr,ASCII/RPSR20Q3.txt,data/interim/parquet/rpsr/rpsr_2020q3.parquet,121478,17281,17281,0,0,0,17281,0,3,report_id;case_id;rpsr_cod
2020q4,faers_modern,rpsr,ASCII/RPSR20Q4.txt,data/interim/parquet/rpsr/rpsr_2020q4.parquet,93299,14477,14477,0,0,0,14477,0,3,report_id;case_id;rpsr_cod
2021q1,faers_modern,rpsr,ASCII/RPSR21Q1.txt,data/interim/parquet/rpsr/rpsr_2021q1.parquet,91434,14046,14046,0,0,0,14046,0,3,report_id;case_id;rpsr_cod
2021q2,faers_modern,rpsr,ASCII/RPSR21Q2.txt,data/interim/parquet/rpsr/rpsr_2021q2.parquet,85874,13123,13123,0,0,0,13123,0,3,report_id;case_id;rpsr_cod
2021q3,faers_modern,rpsr,ASCII/RPSR21Q3.txt,data/interim/parquet/rpsr/rpsr_2021q3.parquet,112965,16855,16855,0,0,0,16855,0,3,report_id;case_id;rpsr_cod
2021q4,faers_modern,rpsr,ASCII/RPSR21Q4.txt,data/interim/parquet/rpsr/rpsr_2021q4.parquet,33068,4936,4936,0,0,0,4936,0,3,report_id;case_id;rpsr_cod
2022q1,faers_modern,rpsr,ASCII/RPSR22Q1.txt,data/interim/parquet/rpsr/rpsr_2022q1.parquet,85854,13091,13091,0,0,0,13091,0,3,report_id;case_id;rpsr_cod
2022q2,faers_modern,rpsr,ASCII/RPSR22Q2.txt,data/interim/parquet/rpsr/rpsr_2022q2.parquet,90627,13867,13867,0,0,0,13867,0,3,report_id;case_id;rpsr_cod
2022q3,faers_modern,rpsr,ASCII/RPSR22Q3.txt,data/interim/parquet/rpsr/rpsr_2022q3.parquet,95716,14727,14727,0,0,0,14727,0,3,report_id;case_id;rpsr_cod
2022q4,faers_modern,rpsr,ASCII/RPSR22Q4.txt,data/interim/parquet/rpsr/rpsr_2022q4.parquet,93688,14398,14398,0,0,0,14398,0,3,report_id;case_id;rpsr_cod
2023q1,faers_modern,rpsr,ASCII/RPSR23Q1.txt,data/interim/parquet/rpsr/rpsr_2023q1.parquet,90030,13851,13851,0,0,0,13851,0,3,report_id;case_id;rpsr_cod
2023q2,faers_modern,rpsr,ASCII/RPSR23Q2.txt,data/interim/parquet/rpsr/rpsr_2023q2.parquet,91158,13884,13884,0,0,0,13884,0,3,report_id;case_id;rpsr_cod
2023q3,faers_modern,rpsr,ASCII/RPSR23Q3.txt,data/interim/parquet/rpsr/rpsr_2023q3.parquet,75909,11524,11524,0,0,0,11524,0,3,report_id;case_id;rpsr_cod
2023q4,faers_modern,rpsr,ASCII/RPSR23Q4.txt,data/interim/parquet/rpsr/rpsr_2023q4.parquet,85191,13238,13238,0,0,0,13238,0,3,report_id;case_id;rpsr_cod
2024q1,faers_modern,rpsr,ASCII/RPSR24Q1.txt,data/interim/parquet/rpsr/rpsr_2024q1.parquet,80030,12381,12381,0,0,0,12381,0,3,report_id;case_id;rpsr_cod
2024q2,faers_modern,rpsr,ASCII/RPSR24Q2.txt,data/interim/parquet/rpsr/rpsr_2024q2.parquet,75474,11517,11517,0,0,0,11517,0,3,report_id;case_id;rpsr_cod
2024q3,faers_modern,rpsr,ASCII/RPSR24Q3.txt,data/interim/parquet/rpsr/rpsr_2024q3.parquet,67382,10087,10087,0,0,0,10087,0,3,report_id;case_id;rpsr_cod
2024q4,faers_modern,rpsr,ASCII/RPSR24Q4.txt,data/interim/parquet/rpsr/rpsr_2024q4.parquet,75782,11627,11627,0,0,0,11627,0,3,report_id;case_id;rpsr_cod
2025q1,faers_modern,rpsr,ASCII/RPSR25Q1.txt,data/interim/parquet/rpsr/rpsr_2025q1.parquet,72227,11033,11033,0,0,0,11033,0,3,report_id;case_id;rpsr_cod
2025q2,faers_modern,rpsr,ASCII/RPSR25Q2.txt,data/interim/parquet/rpsr/rpsr_2025q2.parquet,73004,11105,11105,0,0,0,11105,0,3,report_id;case_id;rpsr_cod
2025q3,faers_modern,rpsr,ASCII/RPSR25Q3.txt,data/interim/parquet/rpsr/rpsr_2025q3.parquet,72229,11107,11107,0,0,0,11107,0,3,report_id;case_id;rpsr_cod
2025q4,faers_modern,rpsr,ASCII/RPSR25Q4.txt,data/interim/parquet/rpsr/rpsr_2025q4.parquet,69210,10694,10694,0,0,0,10694,0,3,report_id;case_id;rpsr_cod
2026q1,faers_modern,rpsr,ASCII/RPSR26Q1.txt,data/interim/parquet/rpsr/rpsr_2026q1.parquet,73467,11426,11426,0,0,0,11426,0,3,report_id;case_id;rpsr_cod
2026q2,faers_modern,rpsr,ASCII/RPSR26Q2.txt,data/interim/parquet/rpsr/rpsr_2026q2.parquet,73746,11295,11295,0,0,0,11295,0,3,report_id;case_id;rpsr_cod
2004q1,laers,ther,ascii/THER04Q1.TXT,data/interim/parquet/ther/ther_2004q1.parquet,803024,84964,84964,0,0,0,84964,0,6,report_id;drug_seq;start_dt;end_dt;dur;dur_cod
2004q2,laers,ther,ascii/THER04Q2.TXT,data/interim/parquet/ther/ther_2004q2.parquet,776370,81508,81508,0,0,0,81508,0,6,report_id;drug_seq;start_dt;end_dt;dur;dur_cod
2004q3,laers,ther,ascii/THER04Q3.TXT,data/interim/parquet/ther/ther_2004q3.parquet,868808,94841,94841,0,0,0,94841,0,6,report_id;drug_seq;start_dt;end_dt;dur;dur_cod
2004q4,laers,ther,ascii/THER04Q4.TXT,data/interim/parquet/ther/ther_2004q4.parquet,874579,93008,93008,0,0,0,93008,0,6,report_id;drug_seq;start_dt;end_dt;dur;dur_cod
2005q1,laers,ther,ascii/THER05Q1.TXT,data/interim/parquet/ther/ther_2005q1.parquet,913047,97988,97988,0,0,0,97988,0,6,report_id;drug_seq;start_dt;end_dt;dur;dur_cod
2005q2,laers,ther,ascii/THER05Q2.TXT,data/interim/parquet/ther/ther_2005q2.parquet,1012720,112041,112041,0,0,0,112041,0,6,report_id;drug_seq;start_dt;end_dt;dur;dur_cod
2005q3,laers,ther,ascii/THER05Q3.TXT,data/interim/parquet/ther/ther_2005q3.parquet,1009157,116424,116424,0,0,0,116424,0,6,report_id;drug_seq;start_dt;end_dt;dur;dur_cod
2005q4,laers,ther,ascii/THER05Q4.TXT,data/interim/parquet/ther/ther_2005q4.parquet,1007837,112825,112825,0,0,0,112825,0,6,report_id;drug_seq;start_dt;end_dt;dur;dur_cod
2006q1,laers,ther,ascii/THER06Q1.TXT,data/interim/parquet/ther/ther_2006q1.parquet,1114242,128926,128926,0,0,0,128926,0,6,report_id;drug_seq;start_dt;end_dt;dur;dur_cod
2006q2,laers,ther,ascii/THER06Q2.TXT,data/interim/parquet/ther/ther_2006q2.parquet,1039184,119161,119161,0,0,0,119161,0,6,report_id;drug_seq;start_dt;end_dt;dur;dur_cod
2006q3,laers,ther,ascii/THER06Q3.TXT,data/interim/parquet/ther/ther_2006q3.parquet,922271,103019,103019,0,0,0,103019,0,6,report_id;drug_seq;start_dt;end_dt;dur;dur_cod
2006q4,laers,ther,ascii/THER06Q4.TXT,data/interim/parquet/ther/ther_2006q4.parquet,983726,115366,115366,0,0,0,115366,0,6,report_id;drug_seq;start_dt;end_dt;dur;dur_cod
2007q1,laers,ther,ascii/THER07Q1.TXT,data/interim/parquet/ther/ther_2007q1.parquet,1022378,120625,120625,0,0,0,120625,0,6,report_id;drug_seq;start_dt;end_dt;dur;dur_cod
2007q2,laers,ther,ascii/THER07Q2.TXT,data/interim/parquet/ther/ther_2007q2.parquet,1015847,121886,121886,0,0,0,121886,0,6,report_id;drug_seq;start_dt;end_dt;dur;dur_cod
2007q3,laers,ther,ascii/THER07Q3.TXT,data/interim/parquet/ther/ther_2007q3.parquet,1066089,127979,127979,0,0,0,127979,0,6,report_id;drug_seq;start_dt;end_dt;dur;dur_cod
2007q4,laers,ther,ascii/THER07Q4.TXT,data/interim/parquet/ther/ther_2007q4.parquet,1224905,153765,153765,0,0,0,153765,0,6,report_id;drug_seq;start_dt;end_dt;dur;dur_cod
2008q1,laers,ther,ascii/THER08Q1.TXT,data/interim/parquet/ther/ther_2008q1.parquet,1186500,149881,149881,0,0,0,149881,0,6,report_id;drug_seq;start_dt;end_dt;dur;dur_cod
2008q2,laers,ther,ascii/THER08Q2.TXT,data/interim/parquet/ther/ther_2008q2.parquet,1228880,155462,155462,0,0,0,155462,0,6,report_id;drug_seq;start_dt;end_dt;dur;dur_cod
2008q3,laers,ther,ascii/THER08Q3.TXT,data/interim/parquet/ther/ther_2008q3.parquet,1274864,162485,162485,0,0,0,162485,0,6,report_id;drug_seq;start_dt;end_dt;dur;dur_cod
2008q4,laers,ther,ascii/THER08Q4.TXT,data/interim/parquet/ther/ther_2008q4.parquet,1383642,175732,175732,0,0,0,175732,0,6,report_id;drug_seq;start_dt;end_dt;dur;dur_cod
2009q1,laers,ther,ascii/THER09Q1.TXT,data/interim/parquet/ther/ther_2009q1.parquet,1273117,161364,161364,0,0,0,161364,0,6,report_id;drug_seq;start_dt;end_dt;dur;dur_cod
2009q2,laers,ther,ascii/THER09Q2.TXT,data/interim/parquet/ther/ther_2009q2.parquet,1471187,199954,199954,0,0,0,199954,0,6,report_id;drug_seq;start_dt;end_dt;dur;dur_cod
2009q3,laers,ther,ascii/THER09Q3.TXT,data/interim/parquet/ther/ther_2009q3.parquet,1637893,219841,219841,0,0,0,219841,0,6,report_id;drug_seq;start_dt;end_dt;dur;dur_cod
2009q4,laers,ther,ascii/THER09Q4.TXT,data/interim/parquet/ther/ther_2009q4.parquet,1635130,215121,215121,0,0,0,215121,0,6,report_id;drug_seq;start_dt;end_dt;dur;dur_cod
2010q1,laers,ther,ascii/THER10Q1.TXT,data/interim/parquet/ther/ther_2010q1.parquet,1601299,211673,211673,0,0,0,211673,0,6,report_id;drug_seq;start_dt;end_dt;dur;dur_cod
2010q2,laers,ther,ascii/THER10Q2.TXT,data/interim/parquet/ther/ther_2010q2.parquet,1796115,239932,239932,0,0,0,239932,0,6,report_id;drug_seq;start_dt;end_dt;dur;dur_cod
2010q3,laers,ther,ascii/THER10Q3.TXT,data/interim/parquet/ther/ther_2010q3.parquet,2247037,300909,300909,0,0,0,300909,0,6,report_id;drug_seq;start_dt;end_dt;dur;dur_cod
2010q4,laers,ther,ascii/THER10Q4.TXT,data/interim/parquet/ther/ther_2010q4.parquet,1976635,263518,263518,0,0,0,263518,0,6,report_id;drug_seq;start_dt;end_dt;dur;dur_cod
2011q1,laers,ther,ascii/THER11Q1.TXT,data/interim/parquet/ther/ther_2011q1.parquet,2376422,286050,286050,0,0,0,286050,0,6,report_id;drug_seq;start_dt;end_dt;dur;dur_cod
2011q2,laers,ther,ascii/THER11Q2.TXT,data/interim/parquet/ther/ther_2011q2.parquet,2722172,332487,332487,0,0,0,332487,0,6,report_id;drug_seq;start_dt;end_dt;dur;dur_cod
2011q3,laers,ther,ascii/THER11Q3.TXT,data/interim/parquet/ther/ther_2011q3.parquet,2690502,330605,330605,0,0,0,330605,0,6,report_id;drug_seq;start_dt;end_dt;dur;dur_cod
2011q4,laers,ther,ascii/THER11Q4.TXT,data/interim/parquet/ther/ther_2011q4.parquet,2586590,321898,321898,0,0,0,321898,0,6,report_id;drug_seq;start_dt;end_dt;dur;dur_cod
2012q1,laers,ther,ascii/THER12Q1.TXT,data/interim/parquet/ther/ther_2012q1.parquet,2794092,351431,351431,0,0,0,351431,0,6,report_id;drug_seq;start_dt;end_dt;dur;dur_cod
2012q2,laers,ther,ascii/THER12Q2.TXT,data/interim/parquet/ther/ther_2012q2.parquet,2747062,347668,347668,0,0,0,347668,0,6,report_id;drug_seq;start_dt;end_dt;dur;dur_cod
2012q3,laers,ther,ascii/THER12Q3.TXT,data/interim/parquet/ther/ther_2012q3.parquet,1765869,217074,217074,0,0,0,217074,0,6,report_id;drug_seq;start_dt;end_dt;dur;dur_cod
2012q4,faers_early,ther,ascii/ther12q4.txt,data/interim/parquet/ther/ther_2012q4.parquet,2234937,324367,324367,0,0,0,324367,0,7,report_id;case_id;dsg_drug_seq;start_dt;end_dt;dur;dur_cod
2013q1,faers_early,ther,ascii/THER13Q1.txt,data/interim/parquet/ther/ther_2013q1.parquet,2030178,281940,281940,0,0,0,281940,0,7,report_id;case_id;dsg_drug_seq;start_dt;end_dt;dur;dur_cod
2013q2,faers_early,ther,ascii/THER13Q2.txt,data/interim/parquet/ther/ther_2013q2.parquet,1753656,237513,237513,0,0,0,237513,0,7,report_id;case_id;dsg_drug_seq;start_dt;end_dt;dur;dur_cod
2013q3,faers_early,ther,ASCII/THER13Q3.txt,data/interim/parquet/ther/ther_2013q3.parquet,1765371,251263,251263,0,0,0,251263,0,7,report_id;case_id;dsg_drug_seq;start_dt;end_dt;dur;dur_cod
2013q4,faers_early,ther,ascii/THER13Q4.txt,data/interim/parquet/ther/ther_2013q4.parquet,2103060,291315,291315,0,0,0,291315,0,7,report_id;case_id;dsg_drug_seq;start_dt;end_dt;dur;dur_cod
2014q1,faers_early,ther,ascii/THER14Q1.txt,data/interim/parquet/ther/ther_2014q1.parquet,2201049,329817,329817,0,0,0,329817,0,7,report_id;case_id;dsg_drug_seq;start_dt;end_dt;dur;dur_cod
2014q2,faers_early,ther,ascii/THER14Q2.txt,data/interim/parquet/ther/ther_2014q2.parquet,1948749,266586,266586,0,0,0,266586,0,7,report_id;case_id;dsg_drug_seq;start_dt;end_dt;dur;dur_cod
2014q3,faers_modern,ther,ascii/THER14Q3.txt,data/interim/parquet/ther/ther_2014q3.parquet,1955778,270268,270268,0,0,0,270268,0,7,report_id;case_id;dsg_drug_seq;start_dt;end_dt;dur;dur_cod
2014q4,faers_modern,ther,ascii/THER14Q4.txt,data/interim/parquet/ther/ther_2014q4.parquet,1921353,270468,270468,0,0,0,270468,0,7,report_id;case_id;dsg_drug_seq;start_dt;end_dt;dur;dur_cod
2015q1,faers_modern,ther,ascii/THER15Q1.txt,data/interim/parquet/ther/ther_2015q1.parquet,2374476,374935,374935,0,0,0,374935,0,7,report_id;case_id;dsg_drug_seq;start_dt;end_dt;dur;dur_cod
2015q2,faers_modern,ther,ascii/THER15Q2.txt,data/interim/parquet/ther/ther_2015q2.parquet,2377892,373850,373850,0,0,0,373850,0,7,report_id;case_id;dsg_drug_seq;start_dt;end_dt;dur;dur_cod
2015q3,faers_modern,ther,ascii/THER15Q3.txt,data/interim/parquet/ther/ther_2015q3.parquet,2872554,494584,494584,0,0,0,494584,0,7,report_id;case_id;dsg_drug_seq;start_dt;end_dt;dur;dur_cod
2015q4,faers_modern,ther,ascii/THER15Q4.txt,data/interim/parquet/ther/ther_2015q4.parquet,2510213,401725,401725,0,0,0,401725,0,7,report_id;case_id;dsg_drug_seq;start_dt;end_dt;dur;dur_cod
2016q1,faers_modern,ther,ascii/THER16Q1.txt,data/interim/parquet/ther/ther_2016q1.parquet,2703584,458946,458946,0,0,0,458946,0,7,report_id;case_id;dsg_drug_seq;start_dt;end_dt;dur;dur_cod
2016q2,faers_modern,ther,ascii/THER16Q2.txt,data/interim/parquet/ther/ther_2016q2.parquet,2744397,464701,464701,0,0,0,464701,0,7,report_id;case_id;dsg_drug_seq;start_dt;end_dt;dur;dur_cod
2016q3,faers_modern,ther,ascii/THER16Q3.txt,data/interim/parquet/ther/ther_2016q3.parquet,2840555,483082,483082,0,0,0,483082,0,7,report_id;case_id;dsg_drug_seq;start_dt;end_dt;dur;dur_cod
2016q4,faers_modern,ther,ascii/THER16Q4.txt,data/interim/parquet/ther/ther_2016q4.parquet,2643463,433545,433545,0,0,0,433545,0,7,report_id;case_id;dsg_drug_seq;start_dt;end_dt;dur;dur_cod
2017q1,faers_modern,ther,ascii/THER17Q1.txt,data/interim/parquet/ther/ther_2017q1.parquet,2705178,455411,455411,0,0,0,455411,0,7,report_id;case_id;dsg_drug_seq;start_dt;end_dt;dur;dur_cod
2017q2,faers_modern,ther,ascii/THER17Q2.txt,data/interim/parquet/ther/ther_2017q2.parquet,2758447,454078,454078,0,0,0,454078,0,7,report_id;case_id;dsg_drug_seq;start_dt;end_dt;dur;dur_cod
2017q3,faers_modern,ther,ascii/THER17Q3.txt,data/interim/parquet/ther/ther_2017q3.parquet,2661837,443213,443213,0,0,0,443213,0,7,report_id;case_id;dsg_drug_seq;start_dt;end_dt;dur;dur_cod
2017q4,faers_modern,ther,ascii/THER17Q4.txt,data/interim/parquet/ther/ther_2017q4.parquet,2780047,442433,442433,0,0,0,442433,0,7,report_id;case_id;dsg_drug_seq;start_dt;end_dt;dur;dur_cod
2018q1,faers_modern,ther,ascii/THER18Q1.txt,data/interim/parquet/ther/ther_2018q1.parquet,3184986,551394,551394,0,0,0,551394,0,7,report_id;case_id;dsg_drug_seq;start_dt;end_dt;dur;dur_cod
2018q2,faers_modern,ther,ascii/THER18Q2.txt,data/interim/parquet/ther/ther_2018q2.parquet,3786879,688053,688053,0,0,0,688053,0,7,report_id;case_id;dsg_drug_seq;start_dt;end_dt;dur;dur_cod
2018q3,faers_modern,ther,ascii/THER18Q3.txt,data/interim/parquet/ther/ther_2018q3.parquet,3724623,663319,663319,0,0,0,663319,0,7,report_id;case_id;dsg_drug_seq;start_dt;end_dt;dur;dur_cod
2018q4,faers_modern,ther,ascii/THER18Q4.txt,data/interim/parquet/ther/ther_2018q4.parquet,3485577,620308,620308,0,0,0,620308,0,7,report_id;case_id;dsg_drug_seq;start_dt;end_dt;dur;dur_cod
2019q1,faers_modern,ther,ascii/THER19Q1.txt,data/interim/parquet/ther/ther_2019q1.parquet,3485464,627355,627355,0,0,0,627355,0,7,report_id;case_id;dsg_drug_seq;start_dt;end_dt;dur;dur_cod
2019q2,faers_modern,ther,ascii/THER19Q2.txt,data/interim/parquet/ther/ther_2019q2.parquet,4006653,747535,747535,0,0,0,747535,0,7,report_id;case_id;dsg_drug_seq;start_dt;end_dt;dur;dur_cod
2019q3,faers_modern,ther,ascii/THER19Q3.txt,data/interim/parquet/ther/ther_2019q3.parquet,4201619,776039,776039,0,0,0,776039,0,7,report_id;case_id;dsg_drug_seq;start_dt;end_dt;dur;dur_cod
2019q4,faers_modern,ther,ascii/THER19Q4.txt,data/interim/parquet/ther/ther_2019q4.parquet,3656861,643525,643525,0,0,0,643525,0,7,report_id;case_id;dsg_drug_seq;start_dt;end_dt;dur;dur_cod
2020q1,faers_modern,ther,ASCII/THER20Q1.txt,data/interim/parquet/ther/ther_2020q1.parquet,4014365,728199,728199,0,0,0,728199,0,7,report_id;case_id;dsg_drug_seq;start_dt;end_dt;dur;dur_cod
2020q2,faers_modern,ther,ASCII/THER20Q2.txt,data/interim/parquet/ther/ther_2020q2.parquet,3617014,636959,636959,0,0,0,636959,0,7,report_id;case_id;dsg_drug_seq;start_dt;end_dt;dur;dur_cod
2020q3,faers_modern,ther,ASCII/THER20Q3.txt,data/interim/parquet/ther/ther_2020q3.parquet,3688235,646462,646462,0,0,0,646462,0,7,report_id;case_id;dsg_drug_seq;start_dt;end_dt;dur;dur_cod
2020q4,faers_modern,ther,ASCII/THER20Q4.txt,data/interim/parquet/ther/ther_2020q4.parquet,3750710,681411,681411,0,0,0,681411,0,7,report_id;case_id;dsg_drug_seq;start_dt;end_dt;dur;dur_cod
2021q1,faers_modern,ther,ASCII/THER21Q1.txt,data/interim/parquet/ther/ther_2021q1.parquet,4163293,786472,786472,0,0,0,786472,0,7,report_id;case_id;dsg_drug_seq;start_dt;end_dt;dur;dur_cod
2021q2,faers_modern,ther,ASCII/THER21Q2.txt,data/interim/parquet/ther/ther_2021q2.parquet,4300342,789968,789968,0,0,0,789968,0,7,report_id;case_id;dsg_drug_seq;start_dt;end_dt;dur;dur_cod
2021q3,faers_modern,ther,ASCII/THER21Q3.txt,data/interim/parquet/ther/ther_2021q3.parquet,4551780,848661,848661,0,0,0,848661,0,7,report_id;case_id;dsg_drug_seq;start_dt;end_dt;dur;dur_cod
2021q4,faers_modern,ther,ASCII/THER21Q4.txt,data/interim/parquet/ther/ther_2021q4.parquet,4098612,671045,671045,0,0,0,671045,0,7,report_id;case_id;dsg_drug_seq;start_dt;end_dt;dur;dur_cod
2022q1,faers_modern,ther,ASCII/THER22Q1.txt,data/interim/parquet/ther/ther_2022q1.parquet,4426614,748899,748899,0,0,0,748899,0,7,report_id;case_id;dsg_drug_seq;start_dt;end_dt;dur;dur_cod
2022q2,faers_modern,ther,ASCII/THER22Q2.txt,data/interim/parquet/ther/ther_2022q2.parquet,4233020,690828,690828,0,0,0,690828,0,7,report_id;case_id;dsg_drug_seq;start_dt;end_dt;dur;dur_cod
2022q3,faers_modern,ther,ASCII/THER22Q3.txt,data/interim/parquet/ther/ther_2022q3.parquet,4302012,717902,717902,0,0,0,717902,0,7,report_id;case_id;dsg_drug_seq;start_dt;end_dt;dur;dur_cod
2022q4,faers_modern,ther,ASCII/THER22Q4.txt,data/interim/parquet/ther/ther_2022q4.parquet,4446666,726767,726767,0,0,0,726767,0,7,report_id;case_id;dsg_drug_seq;start_dt;end_dt;dur;dur_cod
2023q1,faers_modern,ther,ASCII/THER23Q1.txt,data/interim/parquet/ther/ther_2023q1.parquet,4182255,683408,683408,0,0,0,683408,0,7,report_id;case_id;dsg_drug_seq;start_dt;end_dt;dur;dur_cod
2023q2,faers_modern,ther,ASCII/THER23Q2.txt,data/interim/parquet/ther/ther_2023q2.parquet,4165852,678128,678128,0,0,0,678128,0,7,report_id;case_id;dsg_drug_seq;start_dt;end_dt;dur;dur_cod
2023q3,faers_modern,ther,ASCII/THER23Q3.txt,data/interim/parquet/ther/ther_2023q3.parquet,3735112,593027,593027,0,0,0,593027,0,7,report_id;case_id;dsg_drug_seq;start_dt;end_dt;dur;dur_cod
2023q4,faers_modern,ther,ASCII/THER23Q4.txt,data/interim/parquet/ther/ther_2023q4.parquet,3911658,633087,633087,0,0,0,633087,0,7,report_id;case_id;dsg_drug_seq;start_dt;end_dt;dur;dur_cod
2024q1,faers_modern,ther,ASCII/THER24Q1.txt,data/interim/parquet/ther/ther_2024q1.parquet,3761088,594449,594449,0,0,0,594449,0,7,report_id;case_id;dsg_drug_seq;start_dt;end_dt;dur;dur_cod
2024q2,faers_modern,ther,ASCII/THER24Q2.txt,data/interim/parquet/ther/ther_2024q2.parquet,3494135,539334,539334,0,0,0,539334,0,7,report_id;case_id;dsg_drug_seq;start_dt;end_dt;dur;dur_cod
2024q3,faers_modern,ther,ASCII/THER24Q3.txt,data/interim/parquet/ther/ther_2024q3.parquet,3414675,532854,532854,0,0,0,532854,0,7,report_id;case_id;dsg_drug_seq;start_dt;end_dt;dur;dur_cod
2024q4,faers_modern,ther,ASCII/THER24Q4.txt,data/interim/parquet/ther/ther_2024q4.parquet,3603018,561889,561889,0,0,0,561889,0,7,report_id;case_id;dsg_drug_seq;start_dt;end_dt;dur;dur_cod
2025q1,faers_modern,ther,ASCII/THER25Q1.txt,data/interim/parquet/ther/ther_2025q1.parquet,3364960,520395,520395,0,0,0,520395,0,7,report_id;case_id;dsg_drug_seq;start_dt;end_dt;dur;dur_cod
2025q2,faers_modern,ther,ASCII/THER25Q2.txt,data/interim/parquet/ther/ther_2025q2.parquet,3389922,512759,512759,0,0,0,512759,0,7,report_id;case_id;dsg_drug_seq;start_dt;end_dt;dur;dur_cod
2025q3,faers_modern,ther,ASCII/THER25Q3.txt,data/interim/parquet/ther/ther_2025q3.parquet,3387361,514480,514480,0,0,0,514480,0,7,report_id;case_id;dsg_drug_seq;start_dt;end_dt;dur;dur_cod
2025q4,faers_modern,ther,ASCII/THER25Q4.txt,data/interim/parquet/ther/ther_2025q4.parquet,3178603,454746,454746,0,0,0,454746,0,7,report_id;case_id;dsg_drug_seq;start_dt;end_dt;dur;dur_cod
2026q1,faers_modern,ther,ASCII/THER26Q1.txt,data/interim/parquet/ther/ther_2026q1.parquet,2905490,404946,404946,0,0,0,404946,0,7,report_id;case_id;dsg_drug_seq;start_dt;end_dt;dur;dur_cod
2026q2,faers_modern,ther,ASCII/THER26Q2.txt,data/interim/parquet/ther/ther_2026q2.parquet,2541624,326027,326027,0,0,0,326027,0,7,report_id;case_id;dsg_drug_seq;start_dt;end_dt;dur;dur_cod
