drug_a,drug_b,stratum,rr_a,rr_b,n_ab,n_abz,additive_expected,omega_add,omega_add_lower,expected,omega,omega_lower
DULOXETINE,ETHINYL ESTRADIOL,easy,1.8648810916774137,0.09363419179573759,59,0,0.2280323740522779,-0.5420745105451308,-10.533962326351993,0.0213558460748524,-0.06034031049053303,-10.052228126297395
MOMETASONE,TAMSULOSIN,easy,0.07737187679078766,1.8019326367078718,75,2,0.2800871382207798,1.6802209031621351,-0.9084194752451418,0.02171327922235393,2.260599034874813,-0.328041343532464
OXYCODONE,SILDENAFIL,easy,0.8173775172444036,0.5654556409715661,96,1,0.1626249860753124,1.1786979904278865,-2.6185292779334604,0.0916597567720416,1.342122825718943,-2.455104442642404
ALENDRONATE,IPRATROPIUM,easy,0.8184057502004282,0.2994169200350912,107,0,0.18148711680925894,-0.44675828893537983,-10.438646104742242,0.05441272353869073,-0.14903227221174825,-10.14092008801861
ETANERCEPT,HYDROCODONE,easy,0.04755602694621194,0.36538852979026465,140,0,0.10601719197707736,-0.2774306269102976,-10.26931844271716,0.0048848198759616265,-0.014026206350141646,-10.005914022157004
CARBIDOPA,METOPROLOL,easy,1.0768121312668408,1.7999073221293354,70,0,0.27226433009819023,-0.6271666417907766,-10.61905445759764,0.2815939404542125,-0.6444911875282686,-10.636379003335131
GABAPENTIN,METRONIDAZOLE,easy,1.6973240275835393,1.208111021941158,201,0,0.7937496713784656,-1.3715584961573017,-11.363446311964164,0.8528207538946738,-1.435970697704453,-11.427858513511316
HUMAN IMMUNOGLOBULIN G,TOPIRAMATE,easy,0.1782055276270678,1.7005847848561901,144,0,0.5075211351961484,-1.0108101030935417,-11.002697918900404,0.09050393850496767,-0.24001858716121138,-10.231906402968074
INSULIN ASPART,VALSARTAN,easy,0.738836127788696,1.1262743399204835,98,1,0.22875132420801886,1.0414639957837466,-2.7557632725776005,0.16908841197962732,1.1646937373621218,-2.6325335309992255
ADALIMUMAB,WARFARIN,easy,0.15095611229683062,1.4690751930517714,310,0,0.943841503386991,-1.5299123801560113,-11.521800195962873,0.13928573014780726,-0.3545327961157453,-10.346420611922609
ADALIMUMAB,ALEMTUZUMAB,easy,0.15095611229683062,0.22343615032949732,60,0,0.02778420930771012,-0.07802009265774304,-10.069907908464605,0.004079590994194432,-0.01172344928829007,-10.003611265095152
EMTRICITABINE,PREDNISONE,easy,1.5084069223569223,0.687312628926396,193,0,0.6033498058170713,-1.1418902552175612,-11.133778071024423,0.4146576186082927,-0.8713037093024948,-10.863191525109357
METOCLOPRAMIDE,SALMETEROL,easy,1.6981496919460144,0.3041750623644556,57,0,0.20060611985531332,-0.4866754953741521,-10.478563311181015,0.06103286651537075,-0.16615719460951023,-10.158045010416373
DEXTROSE,ESOMEPRAZOLE,easy,0.16459992484171662,1.5133417257394122,57,0,0.17877435249411358,-0.4410039587548572,-10.43289177456172,0.02937651880348357,-0.08236610871612433,-10.074253924522987
LEVODOPA,RIVASTIGMINE,easy,1.1638365540751652,1.342528251948723,668,8,2.0854509249993285,1.7170469202743417,0.5487690037296751,2.1448816934610786,1.6842596497519629,0.5159817332072965
GABAPENTIN,PREDNISOLONE,easy,1.6973240275835393,1.113408648178296,184,0,0.6905029101502005,-1.2515711472391846,-11.243458963046047,0.7221644306983628,-1.2894383992272642,-11.281326215034127
RANITIDINE,SECUKINUMAB,easy,0.07196295098397958,0.0424690401849379,63,0,0.009395996905918694,-0.02685952733434171,-10.018747343141204,0.0003884992579265561,-0.0011205366343014934,-9.993008352441164
ACETAMINOPHEN,VALACYCLOVIR,easy,1.4241685104647568,0.6969455901894963,731,2,2.157605832195353,-0.08819904956638337,-2.6768394279736603,1.4920882877307569,0.3276465069950358,-2.260993871412241
OXYCODONE,PALBOCICLIB,easy,0.8173775172444036,0.5100869419349053,67,0,0.11349868819839512,-0.295132164189582,-10.287019979996446,0.0576325727251007,-0.15738674023660074,-10.149274556043464
AMOXICILLIN,DICLOFENAC,easy,1.9074944534559102,1.9156056318399564,731,7,4.276977874561912,0.6507924008872046,-0.6094429401510969,5.47201517973486,0.32867276307304155,-0.9315625779652598
APIXABAN,MONTELUKAST,easy,0.29775760877570834,0.4433887033753939,164,0,0.15070297423959322,-0.38007105314381956,-10.371958868950681,0.04472182797855556,-0.12359158482165994,-10.115479400628523
BEVACIZUMAB,PEGFILGRASTIM,easy,0.4653070517151916,0.08174724126126075,494,0,0.47638703630267853,-0.965525045391479,-10.957412861198343,0.03890894462729712,-0.10811343740042414,-10.100001253207287
FLUDARABINE,PEGFILGRASTIM,easy,0.23302925076622694,0.08174724126126075,218,0,0.10528349270742779,-0.27568291151533175,-10.267570727322195,0.008621308493417676,-0.024663809558703575,-10.016551625365567
DICLOFENAC,ETHINYL ESTRADIOL,easy,1.9156056318399564,0.09363419179573759,95,0,0.37715777236735315,-0.8109082653883816,-10.802796081195245,0.03535525212690918,-0.098568460915093,-10.090456276721955
ECULIZUMAB,MYCOPHENOLATE MOFETIL,easy,0.37326055658620966,0.6428222670492816,492,0,0.6554647884414794,-1.2084732958809377,-11.200361111687801,0.24529314193738389,-0.5758798893950409,-10.567767705201904
PACLITAXEL,TOCILIZUMAB,easy,0.7029329437548383,0.2305753522308547,73,0,0.10634819154622535,-0.2782183951117013,-10.270106210918565,0.024409400326371615,-0.06876545200466008,-10.060653267811523
NAPROXEN,TIOTROPIUM,easy,0.7382349550742802,0.1639557165910122,60,0,0.09179926560587516,-0.24317981133115774,-10.23506762713802,0.014984174132314345,-0.04260000293927938,-10.034487818746141
SODIUM CHLORIDE,VALACYCLOVIR,easy,0.3186522820464445,0.6969455901894963,82,0,0.11844209440288883,-0.3067104250860547,-10.298598240892918,0.03762125383839363,-0.10466207857370154,-10.096549894380564
VALSARTAN,ZOLEDRONIC ACID,easy,1.1262743399204835,1.1363403219371224,121,1,0.31662816935879223,0.8772112618278484,-2.9200160065334986,0.321310344450203,0.8689631265927558,-2.928264141768591
CLINDAMYCIN,SECUKINUMAB,easy,1.2109212610843265,0.0424690401849379,190,0,0.4768292155250746,-0.9661782549699227,-10.958066070776786,0.02027688182102917,-0.05735150859648575,-10.049239324403349
FENTANYL,INFLIXIMAB,easy,1.6641959255224423,0.2281513595789778,185,0,0.6380717752610678,-1.1865915475810698,-11.178479363387932,0.14535839104017031,-0.3681724693410826,-10.360060285147945
ACETAMINOPHEN,UPADACITINIB,easy,1.4241685104647568,0.4024220840629575,100,0,0.2951581165793916,-0.6693136728345614,-10.661201488641424,0.11946742406911806,-0.3091003224750711,-10.300988138281934
EMTRICITABINE,INSULIN ASPART,easy,1.5084069223569223,0.738836127788696,94,0,0.29385949091608654,-0.6669555854065917,-10.658843401213455,0.21724932294560703,-0.5205466062613683,-10.512434422068232
ACETAMINOPHEN,RITONAVIR,easy,1.4241685104647568,1.552853002981992,322,25,1.3193518136562075,3.809000793627636,3.1880252710027714,1.4884378278392674,3.680789887633351,3.0598143650084864
PREDNISONE,VALACYCLOVIR,easy,0.687312628926396,0.6969455901894963,703,0,1.0154242971369616,-1.5997217842416864,-11.59160960004855,0.7046072307852465,-1.2685628239926234,-11.260450639799487
CYCLOPHOSPHAMIDE,TOCILIZUMAB,easy,0.3489363419813354,0.2305753522308547,821,0,0.5937214132074072,-1.1292453094589059,-11.121133125265768,0.13689603547244092,-0.34912979666877775,-10.34101761247564
IPILIMUMAB,OXYCODONE,easy,1.505343456959052,0.8173775172444036,66,0,0.20590784163220838,-0.4975517527751844,-10.489439568582046,0.16813757867321663,-0.4182171090587998,-10.410104924865662
CLINDAMYCIN,SODIUM CHLORIDE,easy,1.2109212610843265,0.3186522820464445,73,0,0.18320280385963392,-0.4503858008937703,-10.442273616700634,0.05820774288467766,-0.15887404123975052,-10.150761857046612
DARBEPOETIN ALFA,LENALIDOMIDE,easy,0.13070687401192022,0.1509802183237506,87,0,0.027222791265043306,-0.07648464293648902,-10.068372458743351,0.00349245724488817,-0.010042070679545472,-10.001929886486408
DABIGATRAN ETEXILATE,PANTOPRAZOLE,easy,0.40148153244019796,1.7685018115627529,200,0,0.7330419961297433,-1.3022219372722443,-11.294109753079107,0.29465103748035104,-0.6683933604505699,-10.660281176257433
EPINEPHRINE,PREDNISONE,easy,1.3398485061250733,0.687312628926396,299,0,0.8302717019822282,-1.411720939763492,-11.403608755570355,0.5714479490774363,-1.099561765617027,-11.09144958142389
ESTROGENS CONJUGATED,HYDROCODONE,easy,0.04442187135302426,0.36538852979026465,73,2,0.05528039295947605,2.1706397347410538,-0.418000643666223,0.0024400148594021054,2.31490482319576,-0.2737355552115172
DASATINIB,TACROLIMUS,easy,0.36787089566800807,0.8883454192721698,97,0,0.1785858120936655,-0.44060317153628487,-10.432490987343147,0.06562324199640428,-0.17791330818786782,-10.16980112399473
CARBIDOPA,RIVASTIGMINE,easy,1.0768121312668408,1.342528251948723,494,0,1.453138000321208,-1.9657938874455836,-11.957681703252446,1.473949178070925,-1.9810848461829105,-11.972972661989774
LEVOTHYROXINE,SECUKINUMAB,easy,1.2167115580314125,0.0424690401849379,149,0,0.3757225433526012,-0.8085457558362265,-10.80043357164309,0.015890823069579965,-0.04513768843252779,-10.03702550423939
ACETAMINOPHEN,PEGFILGRASTIM,easy,1.4241685104647568,0.08174724126126075,194,0,0.5726067461640197,-1.1011212323383772,-11.09300904814524,0.04700717666947588,-0.12963166624297892,-10.121519482049841
DICLOFENAC,LEVOTHYROXINE,easy,1.9156056318399564,1.2167115580314125,388,0,1.7146555325582953,-2.1470823194951576,-12.13897013530202,1.8723651559394723,-2.246326087505159,-12.238213903312023
FENTANYL,RITONAVIR,easy,1.6641959255224423,1.552853002981992,76,0,0.3492064217000674,-0.7641871860589571,-10.75607500186582,0.40939659403198314,-0.8629815058716144,-10.854869321678477
IFOSFAMIDE,ONDANSETRON,easy,1.102880838026399,1.3281320303786115,417,0,1.2367244465327258,-1.7963688702507052,-11.788256686057569,1.2563179107638385,-1.8125540104598383,-11.804441826266702
PIRFENIDONE,RITUXIMAB,easy,0.05041773899705332,0.16796801934731603,85,0,0.02958958528506852,-0.08294665602415122,-10.074834471831014,0.0014780980295367996,-0.004258597865988799,-9.996146413672852
ADALIMUMAB,MYCOPHENOLATE MOFETIL,easy,0.15095611229683062,0.6428222670492816,1435,0,1.9117722996209814,-2.270093705863862,-12.261981521670725,0.28356540834919797,-0.6481256142232148,-10.640013430030077
BUDESONIDE,CANAGLIFLOZIN,easy,0.26886302654389993,1.0075622505171569,111,0,0.2317865429234339,-0.5494947908140497,-10.541382606620912,0.062317678997599484,-0.16945731034316258,-10.161345126150024
RILPIVIRINE,RITONAVIR,easy,1.098342631111039,1.552853002981992,467,0,1.5981177078051922,-2.0690956177165374,-12.0609834335234,1.6361086582875743,-2.0949850350336883,-12.086872850840551
OXYCODONE,SALMETEROL,easy,0.8173775172444036,0.3041750623644556,86,0,0.14568488335913402,-0.3689021565155388,-10.3607899723224,0.04409925392480266,-0.12194175527161173,-10.113829571078474
AMOXICILLIN,FORMOTEROL,easy,1.9074944534559102,0.16948715238722878,284,0,1.1227290898591926,-1.698422166035149,-11.690309981842011,0.19058645846310257,-0.4658939501355791,-10.457781765942443
CLAVULANATE,OXYCODONE,easy,1.5019938068512264,0.8173775172444036,183,0,0.5696558782141486,-1.0971467380801436,-11.089034553887007,0.46538658635151586,-0.9491786863818007,-10.941066502188663
CARVEDILOL,ESOMEPRAZOLE,easy,1.2559062467821966,1.5133417257394122,183,1,0.6710164202862312,0.3572011949081382,-3.440026073453209,0.7194495813749405,0.29873239015083614,-3.4984948782105105
APIXABAN,TAMSULOSIN,easy,0.29775760877570834,1.8019326367078718,451,0,1.684257324500956,-2.12714282828747,-12.119030644094332,0.5056947905725911,-1.0081925407939,-11.000080356600764
CLAVULANATE,TOCILIZUMAB,easy,1.5019938068512264,0.2305753522308547,89,0,0.27704575497846573,-0.6360714568177396,-10.627959272624603,0.06390072225562131,-0.17351309589853042,-10.165400911705394
PEMBROLIZUMAB,RITUXIMAB,easy,1.280594158798573,0.16796801934731603,231,0,0.6130795753561382,-1.1545567363167824,-11.146444552123645,0.10251387532714788,-0.26906637074597356,-10.260954186552837
ETANERCEPT,THALIDOMIDE,easy,0.04755602694621194,0.2858304405168826,120,0,0.07108583614714768,-0.19177950897906162,-10.183667324785924,0.0032947157969635634,-0.009475355851215865,-10.00136317165808
BUDESONIDE,PREDNISOLONE,easy,0.26886302654389993,1.113408648178296,869,0,2.005246274834437,-2.3249524325694453,-12.316840248376309,0.5407565178527056,-1.0576325935435467,-11.049520409350409
ASPIRIN,DOXYCYCLINE,easy,1.4037989449123882,0.9330989278467624,165,2,0.4800452838457184,1.3510077780261704,-1.2376326003811062,0.44790103838462647,1.3991197412885357,-1.1895206371187415
MEPOLIZUMAB,VALACYCLOVIR,easy,0.10088965220195956,0.6969455901894963,64,0,0.09244261026566933,-0.24474731246498033,-10.236635128271843,0.009332661217514159,-0.026680138872141063,-10.018567954679003
HYDROCORTISONE,MELPHALAN,easy,1.7706437401827775,0.535552365503269,76,0,0.27889333278357314,-0.6394976739631735,-10.631385489770036,0.14934907738262754,-0.3770661565550731,-10.368953972361936
FLUTICASONE,GABAPENTIN,easy,0.170907796311199,1.6973240275835393,445,0,1.5653740199194743,-2.0464030638830324,-12.038290879689894,0.2674473845246861,-0.6181397491624336,-10.610027564969297
METOPROLOL,TOCILIZUMAB,easy,1.7999073221293354,0.2305753522308547,62,0,0.2312784588441331,-0.5484927705208391,-10.540380586327702,0.053344690048424834,-0.14625035068551717,-10.13813816649238
ALBUTEROL,LAMIVUDINE,easy,0.3205170454188135,1.4168577519364294,61,0,0.17912220927104816,-0.4417431185290726,-10.433630934335936,0.05730689901133303,-0.15654391804387377,-10.148431733850737
APIXABAN,DOXORUBICIN,easy,0.29775760877570834,0.46115871799345265,105,0,0.10035362706680685,-0.2638844487192601,-10.255772264526122,0.029633509175868232,-0.08306630745509348,-10.074954123261957
CISPLATIN,LANSOPRAZOLE,easy,0.4576706606206084,1.5788646382413933,56,0,0.1832425287726877,-0.450469684139898,-10.44235749994676,0.08392087447255268,-0.22384479178632774,-10.215732607593191
FORMOTEROL,HYDROXYCHLOROQUINE,easy,0.16948715238722878,0.5766988598320626,62,0,0.07410271733398953,-0.19938078927955197,-10.191268605086416,0.012513004808710272,-0.03566051799412296,-10.027548333800986
LIDOCAINE,SODIUM CHLORIDE,easy,0.806249336212324,0.3186522820464445,656,0,1.0961413497539994,-1.6745884182014663,-11.666476234008329,0.35231622406945373,-0.7694606997122618,-10.761348515519124
DEXAMETHASONE,TEMOZOLOMIDE,easy,0.7259250103640954,0.35010782503825777,813,0,1.2231385566697264,-1.7850387125804779,-11.77692652838734,0.43258475370553523,-0.8993067491876001,-10.891194564994462
TIRZEPATIDE,TREPROSTINIL,easy,0.15092991683754123,0.03184886908492076,55,0,0.017204076844876574,-0.048805552303931125,-10.040693368110794,0.0005411240948463899,-0.001560509819048968,-9.993448325625911
ASPIRIN,POTASSIUM CHLORIDE,easy,1.4037989449123882,1.9381770244265069,713,2,3.4607108605325143,-0.6638312907021765,-3.2524716691094535,3.961833147812513,-0.8357084694960698,-3.4243488479033464
METOCLOPRAMIDE,NAPROXEN,easy,1.6981496919460144,0.7382349550742802,86,0,0.3026688825887183,-0.682876874219493,-10.674764690026356,0.2235149021938192,-0.5330946372804317,-10.524982453087295
ANASTROZOLE,INSULIN ASPART,easy,0.6175263215887037,0.738836127788696,66,0,0.10106142335131373,-0.2655843347118668,-10.25747215051873,0.062459084183304106,-0.16982005709954115,-10.161707872906405
NIVOLUMAB,ONDANSETRON,easy,1.4525856692309949,1.3281320303786115,72,0,0.26571796843583045,-0.6148850172857665,-10.606772833092629,0.28804227393206094,-0.6563449291550454,-10.648232744961907
LACOSAMIDE,METHOTREXATE,easy,1.8084382700308597,0.24755311801321087,78,0,0.29234228902828735,-0.6641957091603858,-10.656083524967249,0.071974479734822,-0.19402268361740166,-10.185910499424265
FLUOROURACIL,GEMCITABINE,easy,0.25313903476097227,1.2381450732297883,1907,1,4.893454768874914,-1.8462471843676986,-5.643474452729046,1.2605040507818284,-0.23102604601191415,-4.028253314373261
AMOXICILLIN,CETIRIZINE,easy,1.9074944534559102,0.3300110995603862,335,0,1.3243459334606673,-1.867379320055075,-11.859267135861938,0.43661750846162634,-0.9055319121168055,-10.897419727923669
CETIRIZINE,INFLIXIMAB,easy,0.3300110995603862,0.2281513595789778,1419,0,0.9705195632178486,-1.556325977403919,-11.548213793210781,0.22616828526252156,-0.53837582823669,-10.530263644043552
CYTARABINE,VALACYCLOVIR,easy,0.48866075196298014,0.6969455901894963,433,0,0.6254320350786691,-1.1704789349656783,-11.162366750772541,0.30921795937423885,-0.6946002438084308,-10.686488059615293
INSULIN HUMAN,SODIUM CHLORIDE,easy,0.513070979055687,0.3186522820464445,79,17,0.08400359898574038,4.905233851934432,4.138377002526249,0.02662380489488864,5.05443837505225,4.287581525644067
DAPAGLIFLOZIN PROPANEDIOL,SEMAGLUTIDE,easy,0.4473441462507283,0.5133779537157089,118,0,0.1255488021132703,-0.3231943455714364,-10.3150821613783,0.05620352605223155,-0.15368479579138308,-10.145572611598245
HYDROCORTISONE,LIDOCAINE,easy,1.7706437401827775,0.806249336212324,184,0,0.6752154372654929,-1.232925251925905,-11.224813067732768,0.5433133560469318,-1.0611725320840673,-11.05306034789093
LEFLUNOMIDE,MYCOPHENOLATE MOFETIL,easy,0.8103629619793417,0.6428222670492816,1062,3,1.7835999496158206,0.6160449864427596,-1.434398369399158,1.1554635121040642,1.080119709260862,-0.9703236465810553
MYCOPHENOLATE MOFETIL,OMALIZUMAB,easy,0.6428222670492816,0.09327476640953981,261,0,0.347716076795175,-0.7616530529347434,-10.753540868741606,0.032361470706886386,-0.09047806608529135,-10.082365881892153
NINTEDANIB,TADALAFIL,easy,0.10235326851049309,0.21233403828069017,55,0,0.02420335999585825,-0.06819850607737835,-10.060086321884242,0.00247379719844452,-0.00712027028479474,-9.999008086091658
CARFILZOMIB,PREDNISOLONE,easy,0.15199912544241242,1.113408648178296,67,0,0.15460471854304633,-0.38869590681416283,-10.380583722621026,0.023501126723587704,-0.06626454736286307,-10.058152363169725
FILGRASTIM,METHOTREXATE,easy,0.6992528527286156,0.24755311801321087,1126,0,1.6317964682518384,-2.09206970439139,-12.083957520198252,0.4193311223573138,-0.8786564864773928,-10.870544302284255
MEPOLIZUMAB,SODIUM CHLORIDE,easy,0.10088965220195956,0.3186522820464445,100,0,0.06604050484297036,-0.17897719853241542,-10.170865014339277,0.006619063262229656,-0.018973269483300966,-10.010861085290164
ROFECOXIB,TOCILIZUMAB,easy,0.5952361977702864,0.2305753522308547,57,0,0.07031654782758875,-0.18983479845930884,-10.181722614266171,0.016154466602103224,-0.045874782490344684,-10.037762598297208
DULOXETINE,RIVASTIGMINE,easy,1.8648810916774137,1.342528251948723,87,0,0.39801137172277856,-0.8448056193710227,-10.836693435177885,0.45051733242506825,-0.9267848393780566,-10.918672655184919
ATEZOLIZUMAB,CAPECITABINE,easy,1.1820240439651915,0.42713136180705835,319,1,0.7814664639297179,0.22716677703147523,-3.5700604913298717,0.33466293653630874,0.8456968865990104,-2.9515303817623364
CLINDAMYCIN,MORPHINE,easy,1.2109212610843265,1.291544779201578,328,0,1.0213435716397457,-1.6053459999572697,-11.597233815764133,1.0603741821637211,-1.6418920329467166,-11.63377984875358
MELPHALAN,TACROLIMUS,easy,0.535552365503269,0.8883454192721698,1175,0,2.163281744433577,-2.4132050570864085,-12.405092872893272,1.169204882366215,-1.7391610455529254,-11.731048861359788
ESOMEPRAZOLE,TACROLIMUS,easy,1.5133417257394122,0.8883454192721698,282,6,0.8844625860235094,2.231113651570722,0.8551246855049571,0.7867614531219298,2.3366950944941185,0.9607061284283538
METHOTREXATE,MORPHINE,easy,0.24755311801321087,1.291544779201578,850,0,2.275211349289554,-2.4725976456829826,-12.464485461489845,0.561202859661703,-1.0857004683669573,-11.07758828417382
INFLIXIMAB,RUXOLITINIB,easy,0.2281513595789778,0.10781362520466525,168,0,0.07943752312816084,-0.21272501857505097,-10.204612834381914,0.008481004540887028,-0.02426578506259753,-10.01615360086946
FILGRASTIM,LANSOPRAZOLE,easy,0.6992528527286156,1.5788646382413933,77,0,0.2519584770624456,-0.5887249039968945,-10.580612719803757,0.1761533664577586,-0.43542242370991285,-10.427310239516775
ABATACEPT,USTEKINUMAB,easy,0.04578015674894162,0.10682222467542636,428,0,0.09475425881475613,-0.25036560240437666,-10.24225341821124,0.0043250161896268525,-0.012425694630741509,-10.004313510437605
CODEINE,TOPIRAMATE,easy,1.996416441410018,1.7005847848561901,303,0,1.6936244857392042,-2.1333165800123104,-12.125204395819173,2.110971500348066,-2.3845867102241325,-12.376474526030995
MYCOPHENOLATE MOFETIL,SULFASALAZINE,easy,0.6428222670492816,0.29206718806252,623,0,0.829988949591548,-1.4114142589327032,-11.403302074739566,0.24444383825275195,-0.5742349193593005,-10.566122735166163
DOCETAXEL,METHOTREXATE,easy,0.7224371015655817,0.24755311801321087,327,0,0.48959970302542843,-0.9849169724804712,-10.976804788287334,0.12023484259810466,-0.3108864788405883,-10.30277429464745
RITONAVIR,WARFARIN,easy,1.552853002981992,1.4690751930517714,117,2,0.49028086294805584,1.3360184301222269,-1.25262194828505,0.5544880252793266,1.2453853828455854,-1.3432549955616915
CODEINE,MEPOLIZUMAB,easy,1.996416441410018,0.10088965220195956,90,0,0.3723805583274515,-0.8030295238795748,-10.794917339686437,0.0376392266074825,-0.1047103073058264,-10.09659812311269
OXYCODONE,SUNITINIB MALATE,easy,0.8173775172444036,0.5869490113785872,67,0,0.11349868819839512,-0.295132164189582,-10.287019979996446,0.06642655926651186,-0.17996081888056095,-10.171848634687423
CETIRIZINE,CODEINE,easy,0.3300110995603862,1.996416441410018,218,0,0.9019884635042713,-1.4874744779407938,-11.479362293747657,0.2977926818068278,-0.6740857946828355,-10.665973610489699
CARFILZOMIB,FLUDARABINE,easy,0.15199912544241242,0.23302925076622694,126,0,0.060851926977687626,-0.1656918338567954,-10.157579649663658,0.009289787677101665,-0.026558693592308058,-10.01844650939917
CLAVULANATE,RITONAVIR,easy,1.5019938068512264,1.552853002981992,100,0,0.4258658366569417,-0.8888750588435337,-10.880762874650395,0.48336557758984067,-0.9757997600580204,-10.967687575864883
ADALIMUMAB,TIMOLOL,easy,0.15095611229683062,0.0,76,0,0.023777032221156194,-0.0670247035809706,-10.058912519387833,0.0,0.0,-9.991887815806862
DENOSUMAB,HYDROXYCHLOROQUINE,easy,0.2014242475963959,0.5766988598320626,62,0,0.07410271733398953,-0.19938078927955197,-10.191268605086416,0.01481275595538662,-0.04211970600144542,-10.034007521808308
FORMOTEROL,UMECLIDINIUM,easy,0.16948715238722878,0.021186895874091047,971,0,0.34107458895688947,-0.7503056536864253,-10.742193469493287,0.00740090738345468,-0.021198004483823106,-10.013085820290685
BENDAMUSTINE,THALIDOMIDE,easy,0.30746200083042663,0.2858304405168826,305,0,0.1943500424808836,-0.47373505672882177,-10.465622872535684,0.056252014888153255,-0.1538105619017445,-10.145698377708607
INFLIXIMAB DYYB,TOFACITINIB,easy,0.17568191029912597,0.09062200011955265,60,0,0.02184598580010923,-0.06169598718011941,-10.053583802986982,0.0019657614419839823,-0.005660867929250082,-9.997548683736113
AZACITIDINE,IPILIMUMAB,easy,0.619628059889521,1.505343456959052,117,0,0.36501844652982396,-0.7908028036808882,-10.78269061948775,0.22608561746425693,-0.5382115808932987,-10.530099396700162
ASPIRIN,LAMIVUDINE,easy,1.4037989449123882,1.4168577519364294,128,1,0.48298248765334584,0.6097248811797179,-3.1875023871816293,0.528890891489817,0.5438725006588911,-3.2533547677024557
DEXTROAMPHETAMINE SACCHARATE,LISDEXAMFETAMINE DIMESYLATE,easy,1.2708169437825525,0.7838413939326634,1167,3,3.073598985514315,-0.030022828138984468,-2.080466183980902,2.4038701828546496,0.2693779627797488,-1.7810653930621687
ASPIRIN,METHYLPREDNISOLONE,easy,1.4037989449123882,1.3769744019482795,882,7,3.255146833175076,0.9980212747259923,-0.2622140663123091,3.5242220981593335,0.8981806654474699,-0.36205467559083127
POMALIDOMIDE,VINCRISTINE,easy,0.08727953571960498,0.44559148212939004,143,0,0.1320584724193076,-0.3381299349821427,-10.330017750789006,0.011460206926959144,-0.03269390363185769,-10.02458171943872
ETOPOSIDE,SODIUM CHLORIDE,easy,0.6191935721090637,0.3186522820464445,349,0,0.44786303385029497,-0.9227505099525398,-10.914638325759402,0.1423252004078617,-0.3613758040642255,-10.353263619871088
HYDROXYCHLOROQUINE,THALIDOMIDE,easy,0.5766988598320626,0.2858304405168826,126,0,0.15059584490455935,-0.379833513604918,-10.37172132941178,0.043051778787931407,-0.11916166748697253,-10.111049483293835
CYTARABINE,POMALIDOMIDE,easy,0.48866075196298014,0.08727953571960498,57,0,0.05772655840754322,-0.15762987749080087,-10.149517693297664,0.005009609962644346,-0.014382746667240482,-10.006270562474104
FILGRASTIM,LETROZOLE,easy,0.6992528527286156,0.44423660650716645,59,0,0.08550265686221889,-0.22774762243733615,-10.219635438244199,0.03800992190653004,-0.10570468412753944,-10.097592499934402
ACETAMINOPHEN,ANASTROZOLE,easy,1.4241685104647568,0.6175263215887037,61,0,0.1800464511134289,-0.4437051992729474,-10.43559301507981,0.11192239710097614,-0.29142060963776545,-10.283308425444629
CLAVULANATE,HUMAN IMMUNOGLOBULIN G,easy,1.5019938068512264,0.1782055276270678,61,0,0.18988529273804955,-0.46442840996717916,-10.456316225774042,0.03382535330926389,-0.09443973105887461,-10.086327546865737
AMOXICILLIN,VENETOCLAX,easy,1.9074944534559102,0.2606119237866196,55,0,0.2174299293741394,-0.5209098372758986,-10.512797653082762,0.05678177626374095,-0.15518389696704807,-10.147071712773911
ENOXAPARIN,LANSOPRAZOLE,easy,1.4072691300975575,1.5788646382413933,479,0,1.971684218239744,-2.305494436656336,-12.297382252463198,2.1856576001313712,-2.425275384407837,-12.4171632002147
DOXYCYCLINE,HYDROCORTISONE,easy,0.9330989278467624,1.7706437401827775,167,0,0.6128314023007463,-1.1542350360858444,-11.146122851892708,0.5689321878326579,-1.09617033259005,-11.088058148396913
GABAPENTIN,INSULIN GLARGINE,easy,1.6973240275835393,0.3262384726407933,185,17,0.6507734689552871,3.926679151658728,3.1598223022505447,0.2123463196489648,4.618632308607494,3.851775459199311
LEUPROLIDE,PALBOCICLIB,easy,0.29096889825121564,0.5100869419349053,202,0,0.21354476379253387,-0.5130758442400933,-10.504963660046956,0.06193498070376996,-0.16847511662144787,-10.16036293242831
ALENDRONATE,ESOMEPRAZOLE,easy,0.8184057502004282,1.5133417257394122,256,7,0.8029163901490014,2.525146088362185,1.2649107473238836,0.6569531592940705,2.6965601393066807,1.4363247982683796
CLAVULANATE,VANCOMYCIN,easy,1.5019938068512264,1.1977717372568502,459,2,1.6169442952782949,0.2399447877445523,-2.3486955906627243,1.696660646612905,0.18661608414466427,-2.4020242942626124
TENOFOVIR DISOPROXIL,VINCRISTINE,easy,1.6607132304586378,0.44559148212939004,199,0,0.684921932693322,-1.2447920118439706,-11.236679827650834,0.30543335535544885,-0.6878371248627204,-10.679724940669583
DARATUMUMAB,RITUXIMAB,easy,0.25323643200763607,0.16796801934731603,326,0,0.17109492881978614,-0.42458876043647525,-10.416476576243339,0.028730495203332148,-0.08060444350134689,-10.07249225930821
PEMBROLIZUMAB,TOCILIZUMAB,easy,1.280594158798573,0.2305753522308547,55,0,0.1459713274657472,-0.36954203498384025,-10.361429850790703,0.033606006704804556,-0.09384681187962293,-10.085734627686486
SUNITINIB MALATE,WARFARIN,easy,0.5869490113785872,1.4690751930517714,101,0,0.30750965110350353,-0.6915514076634207,-10.683439223470284,0.1805963392077666,-0.44487129646697754,-10.43675911227384
ENOXAPARIN,LIDOCAINE,easy,1.4072691300975575,0.806249336212324,160,0,0.4666491673228921,-0.9510642825069863,-10.94295209831385,0.3760216190631435,-0.809038379197445,-10.800926195004308
BUDESONIDE,RUXOLITINIB,easy,0.26886302654389993,0.10781362520466525,247,0,0.1376326233553567,-0.35079734929195777,-10.342685165098821,0.014794130920465007,-0.042067510846453264,-10.033955326653317
IPRATROPIUM,MORPHINE,easy,0.2994169200350912,1.291544779201578,104,1,0.2783788003836631,0.946418177624449,-2.850809090736898,0.08341630188435602,1.3623648968610564,-2.4348623715002904
CARVEDILOL,FENTANYL,easy,1.2559062467821966,1.6641959255224423,93,0,0.370084280818859,-0.7992270596719706,-10.791114875478833,0.403404712203146,-0.8534443440755586,-10.845332159882421
ABATACEPT,MELPHALAN,easy,0.04578015674894162,0.535552365503269,70,0,0.07769504694075752,-0.20838003042138503,-10.200267846228249,0.0035444003431316148,-0.010190899493001426,-10.002078715299865
LIDOCAINE,MOXIFLOXACIN,easy,0.806249336212324,1.5859630144572765,65,0,0.21364845828768195,-0.513285485838535,-10.505173301645398,0.17225035031630923,-0.4270705070136425,-10.418958322820504
IBUPROFEN,METHOTREXATE,easy,1.613575934691527,0.24755311801321087,1766,0,5.90572824482272,-3.6793625948402253,-13.671250410647088,1.4643880748829297,-1.9740799695724127,-11.965967785379275
ATOMOXETINE,DEXTROAMPHETAMINE SACCHARATE,easy,0.4576069165465928,1.2708169437825525,137,0,0.360825245086085,-0.7837922929821337,-10.775680108788997,0.16541447128534428,-0.41232514708421103,-10.404212962891075
ETANERCEPT,MYCOPHENOLATE MOFETIL,easy,0.04755602694621194,0.6428222670492816,1327,4,1.7678897850850468,0.9885744715567347,-0.7481830155123571,0.08281646752633734,2.9488114548865103,1.2120539678174183
METHOTREXATE,RIVAROXABAN,easy,0.24755311801321087,0.5112275935756754,263,4,0.2786527842865584,2.530872949117808,0.7941154620487163,0.06813025173798277,2.9856313708357796,1.2488738837666875
DABIGATRAN ETEXILATE,WARFARIN,easy,0.40148153244019796,1.4690751930517714,371,2,1.1295651540534635,0.6174410591344964,-1.9711993192727804,0.4538814639722316,1.3900461918505675,-1.1985941865567094
PACLITAXEL,PREDNISOLONE,easy,0.7029329437548383,1.113408648178296,306,0,0.706105132450331,-1.2703556679793393,-11.262243483786202,0.4962396469406486,-0.9945647316084756,-10.986452547415338
SILDENAFIL,VARENICLINE,easy,0.5654556409715661,0.16791629425022722,92,0,0.1078151322053761,-0.2817044978502661,-10.27359231365713,0.018041127938067246,-0.05113854494895743,-10.043026360755821
CISPLATIN,LENALIDOMIDE,easy,0.4576706606206084,0.1509802183237506,1257,0,1.1922894515413447,-1.7589763501296276,-11.750864165936491,0.17967755394258153,-0.4429223843339478,-10.434810200140811
POTASSIUM CHLORIDE,VALSARTAN,easy,1.9381770244265069,1.1262743399204835,400,2,1.7114255005443533,0.17695145396465822,-2.4116889244426187,1.8042031915454946,0.11766015132349032,-2.4709802270837864
CETIRIZINE,SULFASALAZINE,easy,0.3300110995603862,0.29206718806252,912,0,0.6237588736114714,-1.1683325078329108,-11.160220323639773,0.18798103792063708,-0.460440707140509,-10.452328522947372
HYDROMORPHONE,PREDNISONE,easy,0.3916573749765484,0.687312628926396,720,1,1.0256051000035027,-0.024419070890514247,-3.821646339251861,0.4015643416215236,0.7344601399731983,-3.0627671283881486
CLINDAMYCIN,PANTOPRAZOLE,easy,1.2109212610843265,1.7685018115627529,293,0,1.201986527933931,-1.7672196174235046,-11.759107433230367,1.2905340655086452,-1.8403899666745636,-11.832277782481427
NIACIN,OXYCODONE,easy,1.5216783351496688,0.8173775172444036,68,0,0.2144495412844037,-0.5149040282470755,-10.506791844053938,0.17513605946406782,-0.433250181399744,-10.425137997206606
APIXABAN,EVOLOCUMAB,easy,0.29775760877570834,0.31466983722229647,64,0,0.0417376930626582,-0.11566637934917463,-10.107554195156037,0.012285341597379127,-0.03501951658631351,-10.026907332393176
MORPHINE,PEMETREXED,easy,1.291544779201578,0.787840445784882,66,0,0.17666346947424771,-0.43651041006188945,-10.428398225868753,0.1393503640853097,-0.3546786500637264,-10.34656646587059
ELTROMBOPAG,METHOTREXATE,easy,0.2377483944994085,0.24755311801321087,85,0,0.0436094568864938,-0.12064245923959854,-10.112530275046462,0.010274298235081039,-0.02934488224053448,-10.021232698047397
IXAZOMIB,METOCLOPRAMIDE,easy,0.2153391202019679,1.6981496919460144,63,0,0.22172255352429368,-0.5295162441900372,-10.5214040599969,0.04779201419437496,-0.13170013945430317,-10.123587955261167
TACROLIMUS,VALACYCLOVIR,easy,0.8883454192721698,0.6969455901894963,258,2,0.4750014383522237,1.358451842602641,-1.2301885358046358,0.3314155760248268,1.5882864136150865,-1.0003539647921902
ACETAMINOPHEN,OMALIZUMAB,easy,1.4241685104647568,0.09327476640953981,231,0,0.6818152492983947,-1.2410045196494075,-11.23289233545627,0.06388368868120621,-0.17346951619818915,-10.165357332005051
AZATHIOPRINE,UPADACITINIB,easy,1.2566055883323952,0.4024220840629575,190,1,0.4948185122890782,0.5924572411104437,-3.204770027250903,0.1993198154435809,1.1009382106305594,-2.6962890577307874
DURVALUMAB,OLAPARIB,easy,0.7321498465850727,0.2418234684691773,333,0,0.5052863436123348,-1.0076064941104046,-10.999494309917267,0.1240809307740962,-0.3198050349301358,-10.311692850736998
IXAZOMIB,ZOLEDRONIC ACID,easy,0.2153391202019679,1.1363403219371224,56,0,0.13188329708242705,-0.3377300358767887,-10.329617851683652,0.028403100109223135,-0.07971083592728424,-10.071598651734147
INSULIN GLARGINE,INSULIN HUMAN,easy,0.3262384726407933,0.513070979055687,1423,0,1.513128118439349,-2.009438990418894,-12.001326806225757,0.5065264379070114,-1.0093850672780371,-11.0012728830849
LEVOTHYROXINE,NICOTINE,easy,1.2167115580314125,0.24023212581695086,75,0,0.18912208558016838,-0.46283150002807516,-10.454719315834938,0.04540775944572899,-0.12540713054777464,-10.117294946354637
LENALIDOMIDE,OXALIPLATIN,easy,0.1509802183237506,0.5390082292070726,493,0,0.5507261094749669,-1.0713866540784436,-11.063274469885306,0.08206709093777151,-0.2192573575326765,-10.211145173339538
VALACYCLOVIR,VANCOMYCIN,easy,0.6969455901894963,1.1977717372568502,211,0,0.5237811538079634,-1.033907353952143,-11.025795169759006,0.36492032402529684,-0.7906391437257012,-10.782526959532564
INFLIXIMAB,SARILUMAB,easy,0.2281513595789778,0.022998587542256886,113,0,0.053431191151679616,-0.14647586104415627,-10.13836367685102,0.0012223512770938585,-0.003522656080525577,-9.995410471887388
METHOTREXATE,SARILUMAB,easy,0.24755311801321087,0.022998587542256886,880,0,0.45148614188370056,-0.9282545493352591,-10.920142365142121,0.010625945700850105,-0.03033875030567236,-10.022226566112534
BUDESONIDE,ONDANSETRON,easy,0.26886302654389993,1.3281320303786115,66,0,0.18166804293971925,-0.4471412552189294,-10.439029071025793,0.04881389552540808,-0.1343889149612048,-10.126276730768067
METHYLPREDNISOLONE,PROPRANOLOL,easy,1.3769744019482795,1.9511692793488442,125,0,0.6031330729549889,-1.1416068363618446,-11.133494652168707,0.6947772337099349,-1.2567416526988195,-11.248629468505682
DEXAMETHASONE,VALACYCLOVIR,easy,0.7259250103640954,0.6969455901894963,875,0,1.3164160357761507,-1.861094678404619,-11.852982494211481,0.9284052508929502,-1.514405342469335,-11.506293158276197
ACETAMINOPHEN,MEPOLIZUMAB,easy,1.4241685104647568,0.10088965220195956,249,0,0.7349437102826851,-1.304445284120254,-11.296333099927116,0.0745134967668606,-0.20041269091683075,-10.192300506723694
CLINDAMYCIN,MOMETASONE,easy,1.2109212610843265,0.07737187679078766,60,0,0.15057764700791829,-0.37979315923956475,-10.371680975046427,0.011666806552821547,-0.03327654929716705,-10.025164365104029
CARBOPLATIN,OCTREOTIDE,easy,0.729515412990319,0.26217282981105694,70,0,0.10583415909857084,-0.2769948298500153,-10.268882645656879,0.027708024668306134,-0.07781182736101634,-10.06969964316788
DABIGATRAN ETEXILATE,IPRATROPIUM,easy,0.40148153244019796,0.2994169200350912,82,0,0.06822959243255868,-0.18454587170520118,-10.176433687512064,0.020415671449130993,-0.05773631217511673,-10.04962412798198
APIXABAN,INSULIN ASPART,easy,0.29775760877570834,0.738836127788696,175,0,0.2679658952496955,-0.619114148550415,-10.611001964357278,0.07963478022806043,-0.21321606963671255,-10.205103885443576
ACETAMINOPHEN,TEMOZOLOMIDE,easy,1.4241685104647568,0.35010782503825777,83,0,0.24498123676089506,-0.575275995153349,-10.567163810960212,0.08631850426276037,-0.22975649414593383,-10.221644309952797
FINASTERIDE,LEVOTHYROXINE,easy,1.1417426371029462,1.2167115580314125,62,2,0.17455409442378267,1.889922048116895,-0.6987183302903819,0.17851778838111443,1.881469551178766,-0.7071708272285108
TACROLIMUS,TELAPREVIR,easy,0.8883454192721698,0.9023229591707214,94,0,0.17578556654294053,-0.434637442800959,-10.426525258607821,0.15608144533004992,-0.3919468258710076,-10.38383464167787
HYDROCORTISONE,METOCLOPRAMIDE,easy,1.7706437401827775,1.6981496919460144,129,1,0.660036290960158,0.3707925609120441,-3.4264347074493027,0.7990418858001382,0.2075145514889286,-3.5897127168724183
DOXORUBICIN,METRONIDAZOLE,easy,0.46115871799345265,1.208111021941158,68,4,0.1702586206896552,2.7471352264392817,1.0103777393701898,0.07842173216434628,2.9597313388249877,1.222973851755896
CAPECITABINE,WARFARIN,easy,0.42713136180705835,1.4690751930517714,150,0,0.45669750163886663,-0.9361347359128107,-10.928022551719673,0.19510357258274433,-0.4752998649900075,-10.46718768079687
ESOMEPRAZOLE,VALACYCLOVIR,easy,1.5133417257394122,0.6969455901894963,489,4,1.5336957608705535,1.1458211320369713,-0.5909363550321205,1.0595360021949702,1.5288081434473906,-0.20794934362170123
GABAPENTIN,VANCOMYCIN,easy,1.6973240275835393,1.1977717372568502,170,0,0.6676877893186027,-1.2236545849948184,-11.21554240080168,0.7163144393416583,-1.2825162398314356,-11.274404055638298
ALBUTEROL,HYDROXYCHLOROQUINE,easy,0.3205170454188135,0.5766988598320626,319,0,0.381270432734559,-0.8176567075688308,-10.809544523375694,0.12209489018625994,-0.31520656128828073,-10.307094377095144
LANSOPRAZOLE,METRONIDAZOLE,easy,1.5788646382413933,1.208111021941158,487,1,1.8036030035483628,-0.6189296074818962,-4.416156875843243,1.9086604455327332,-0.6832685271127111,-4.480495795474058
CARBOPLATIN,LEUCOVORIN,easy,0.729515412990319,0.13805732950974237,267,0,0.4036817211331202,-0.8538866465634901,-10.845774462370352,0.055776520682919724,-0.15257679289002146,-10.144464608696884
OXYCODONE,WARFARIN,easy,0.8173775172444036,1.4690751930517714,380,1,1.1569670041517954,-0.14358237315954858,-3.9408096415208953,0.9454322538737323,0.05346150815717478,-3.7437657602041723
APIXABAN,OXYCODONE,easy,0.29775760877570834,0.8173775172444036,190,1,0.3218619516073891,0.8679945112600923,-2.929232757101255,0.09509783952393448,1.333763715436746,-2.4634635529246007
CISPLATIN,LENVATINIB,easy,0.4576706606206084,0.6969013433630691,120,0,0.1733188900924923,-0.4293618455993472,-10.42124966140621,0.07930216891126728,-0.21238797159253112,-10.204275787399395
MORPHINE,RITONAVIR,easy,1.291544779201578,1.552853002981992,62,0,0.23699524487422546,-0.5597272161310765,-10.551615031937938,0.25874358048053425,-0.6016843102890929,-10.593572126095955
PANTOPRAZOLE,SUMATRIPTAN,easy,1.7685018115627529,0.24090309418062614,71,0,0.2602299086260589,-0.6045076892939802,-10.596395505100842,0.0628025777837811,-0.17070084162482418,-10.162588657431687
BUDESONIDE,TAMSULOSIN,easy,0.26886302654389993,1.8019326367078718,81,0,0.30249410927844217,-0.6825627072591417,-10.674450523066005,0.08139729947005926,-0.21759627543405036,-10.209484091240913
ALENDRONATE,USTEKINUMAB,easy,0.8184057502004282,0.10682222467542636,71,0,0.12042603077997556,-0.31133112290080456,-10.303218938707667,0.012828768960734142,-0.03654910246862851,-10.028436918275492
GOLIMUMAB,VEDOLIZUMAB,easy,0.10322496803092393,0.1146822237439885,287,0,0.06821366024518388,-0.1845054204329299,-10.176393236239793,0.007034800958514835,-0.020156676891968584,-10.01204449269883
ACETAMINOPHEN,TIMOLOL,easy,1.4241685104647568,0.0,169,0,0.49881721701917187,-0.998292594915104,-10.990180410721967,0.0,0.0,-9.991887815806862
BORTEZOMIB,HEPARIN,easy,0.4052305223209832,0.773848026948925,55,0,0.08820876073373651,-0.23440017688095555,-10.22628799268782,0.03570562244692867,-0.09951234291694161,-10.091400158723804
MEPOLIZUMAB,PREDNISOLONE,easy,0.10088965220195956,1.113408648178296,302,0,0.6968749999999999,-1.2592724870375946,-11.251160302844458,0.07036788489139183,-0.18996465685885902,-10.181852472665723
DULAGLUTIDE,INSULIN GLARGINE,easy,0.17060106724617405,0.3262384726407933,1307,0,0.8836984927677161,-1.468529614667804,-11.460417430474667,0.1524608088565052,-0.3839631515209169,-10.37585096732778
VALSARTAN,WARFARIN,easy,1.1262743399204835,1.4690751930517714,556,3,1.8383321927686505,0.5818750226345467,-1.468568333207371,1.906433456391129,0.5404583921526382,-1.5099849636892795
LEVOTHYROXINE,RITUXIMAB,easy,1.2167115580314125,0.16796801934731603,223,0,0.562323001125034,-1.08722248673647,-11.079110302543333,0.09400811986623091,-0.24855455736877533,-10.240442373175638
NIVOLUMAB,ZOLEDRONIC ACID,easy,1.4525856692309949,1.1363403219371224,103,0,0.339183131403252,-0.7470575834026189,-10.738945399209483,0.3528776825735837,-0.7704107540441361,-10.762298569851
PREDNISONE,ZOLEDRONIC ACID,easy,0.687312628926396,1.1363403219371224,324,0,0.7630390759768994,-1.33689927399959,-11.328787089806452,0.5240005430220017,-1.0342164803915663,-11.02610429619843
LEVOTHYROXINE,PROPRANOLOL,easy,1.2167115580314125,1.9511692793488442,475,2,2.1341373552939125,-0.07540248101639356,-2.6640428594236703,2.317616169619424,-0.17254699869693046,-2.7611873771042075
IXEKIZUMAB,SULFASALAZINE,easy,0.1111903137772899,0.29206718806252,181,0,0.10956067412150754,-0.28584173530610846,-10.277729551112971,0.01224210469932313,-0.03489774794327435,-10.026785563750137
LENALIDOMIDE,NIVOLUMAB,easy,0.1509802183237506,1.4525856692309949,57,0,0.17159710727735258,-0.4256679213828072,-10.41755573718967,0.02554469559919248,-0.07188537030341391,-10.063773186110277
OXYCODONE,VARENICLINE,easy,0.8173775172444036,0.16791629425022722,167,0,0.2828997153601789,-0.6468994240996169,-10.63878723990648,0.04725473640903139,-0.13028444088569507,-10.122172256692558
ADALIMUMAB,OXYCODONE,easy,0.15095611229683062,0.8173775172444036,905,2,1.533079295814143,0.2982616094406523,-2.2903787689666246,0.22493028896460063,1.7860139209927002,-0.8026264574145766
DULOXETINE,POTASSIUM CHLORIDE,easy,1.8648810916774137,1.9381770244265069,136,0,0.7900677998847717,-1.3674468888943838,-11.359334704701247,1.013586702931859,-1.597971319570515,-11.589859135377377
METHYLPREDNISOLONE,TRASTUZUMAB,easy,1.3769744019482795,0.2391072036058819,127,0,0.36242899871031475,-0.7864775938619082,-10.77836540966877,0.08667793418411145,-0.23064063627000772,-10.22252845207687
CAPECITABINE,IMATINIB,easy,0.42713136180705835,0.6890161678876885,71,0,0.10138672928632628,-0.2663649376337221,-10.258252753440585,0.043182700579708924,-0.11950943810969539,-10.111397253916559
DIGOXIN,METHOTREXATE,easy,1.7087213658292646,0.24755311801321087,56,0,0.19831365935919054,-0.48194709793651247,-10.473834913743376,0.04880501868397841,-0.1343655797672793,-10.126253395574143
BUPROPION,LURASIDONE,easy,1.713431248898844,1.65572518991953,359,8,1.7627127215205616,1.9094094124327874,0.741131495888121,2.079131864740566,1.720577304748288,0.5522993882036215
CETIRIZINE,SECUKINUMAB,easy,0.3300110995603862,0.0424690401849379,149,0,0.10190797386854084,-0.2676148343031182,-10.259502650109981,0.004303327551156683,-0.012363649792593547,-10.004251465599456
ADALIMUMAB,SALMETEROL,easy,0.15095611229683062,0.3041750623644556,66,0,0.041606472117885,-0.11531688412264296,-10.107204699929506,0.006083882111373993,-0.017448432871101597,-10.009336248677965
HYDROCODONE,RANITIDINE,easy,0.36538852979026465,0.07196295098397958,121,0,0.091629144494474,-0.24276502851309326,-10.234652844319957,0.0064418591998230395,-0.018468558623374726,-10.010356374430238
RIBAVIRIN,RITUXIMAB,easy,0.9461939007856713,0.16796801934731603,153,0,0.30003016894609813,-0.6781263098229668,-10.67001412562983,0.05005668489409969,-0.1376522052075475,-10.12954002101441
BUPROPION,SULFASALAZINE,easy,1.713431248898844,0.29206718806252,204,0,0.724419616539876,-1.2920980637133257,-11.283985879520188,0.2115444796781231,-0.5090258496441672,-10.50091366545103
CARBOPLATIN,TOCILIZUMAB,easy,0.729515412990319,0.2305753522308547,114,0,0.17235848767481537,-0.42730255848732057,-10.419190374294184,0.039581884100522956,-0.10991381722930084,-10.101801633036164
LACOSAMIDE,RITUXIMAB,easy,1.8084382700308597,0.16796801934731603,147,0,0.5509527754763878,-1.0716978433089177,-11.06358565911578,0.09241233399472344,-0.24467358288960686,-10.23656139869647
OXALIPLATIN,VENETOCLAX,easy,0.5390082292070726,0.2606119237866196,116,0,0.12958261399410986,-0.33246760629665445,-10.324355422103517,0.03369659465465466,-0.09409171109782134,-10.085979526904683
IBUPROFEN,VALACYCLOVIR,easy,1.613575934691527,0.6969455901894963,152,0,0.5083073008001435,-1.0119353945672116,-11.003823210374074,0.3540360412915877,-0.772368859613518,-10.76425667542038
VINCRISTINE,ZIDOVUDINE,easy,0.44559148212939004,1.2889359387503645,77,0,0.2056910569105691,-0.49710863221787716,-10.48899644802474,0.09168916505049991,-0.24291138196322712,-10.23479919777009
MEPOLIZUMAB,TOPIRAMATE,easy,0.10088965220195956,1.7005847848561901,55,0,0.19384487802630668,-0.47268506256034415,-10.464572878367207,0.019579344985232373,-0.05541598509075356,-10.047303800897616
FLUTICASONE,METHYLPREDNISOLONE,easy,0.170907796311199,1.3769744019482795,418,0,1.1928765469363114,-1.7594767684983104,-11.751364584305174,0.20366676273840423,-0.4929642749353148,-10.484852090742178
METHOTREXATE,RITONAVIR,easy,0.24755311801321087,1.552853002981992,70,1,0.22527953330092368,1.0483534576095346,-2.7488738107518125,0.05544446508405177,1.4332479215333254,-2.3639793468280215
INSULIN GLARGINE,TACROLIMUS,easy,0.3262384726407933,0.8883454192721698,65,0,0.11967090501121914,-0.309574137128099,-10.301461952934963,0.0388530126836117,-0.10796369610123048,-10.099851511908094
GUAIFENESIN,OXYMORPHONE,easy,0.22624390051884913,0.28204610062051705,644,0,0.37644308052023967,-0.8097323051475034,-10.801620120954366,0.08781441580637864,-0.233432645791822,-10.225320461598685
FLUTICASONE,RIVAROXABAN,easy,0.170907796311199,0.5112275935756754,208,2,0.22037938833309562,1.7950992866746711,-0.7935410917326056,0.03730775656700057,2.2181075248546267,-0.3705328535526498
FLUDARABINE,METHYLPREDNISOLONE,easy,0.23302925076622694,1.3769744019482795,1398,0,3.9895727574568505,-3.166578159882739,-13.158465975689602,0.9278003034577248,-1.5137942137103986,-11.505682029517262
DALFAMPRIDINE,RITUXIMAB,easy,0.13009176776396592,0.16796801934731603,101,0,0.03515938957402259,-0.09804054672150597,-10.089928362528369,0.004526069042263065,-0.013000720938470595,-10.004888536745334
POMALIDOMIDE,THALIDOMIDE,easy,0.08727953571960498,0.2858304405168826,819,0,0.4851608317042829,-0.978431175022893,-10.970318990829757,0.04325423147350933,-0.1196994118907049,-10.111587227697568
PANTOPRAZOLE,UMECLIDINIUM,easy,1.7685018115627529,0.021186895874091047,105,0,0.38484704796811525,-0.8235000018807219,-10.815387817687585,0.0081689827841148,-0.023380225113960238,-10.015268040920823
CARVEDILOL,TIOTROPIUM,easy,1.2559062467821966,0.1639557165910122,113,0,0.29412301931595053,-0.6674344208051651,-10.659322236612027,0.04828037333969258,-0.13298573586519333,-10.124873551672056
DUPILUMAB,TIRZEPATIDE,easy,0.03409434246066283,0.15092991683754123,200,0,0.06256027943591481,-0.17007959732474573,-10.161967413131608,0.0020714657502912516,-0.0059646396975247635,-9.997852455504388
CELECOXIB,IXEKIZUMAB,easy,0.7217016592342094,0.1111903137772899,62,0,0.09273480108713497,-0.24545866969069902,-10.237346485497563,0.010297938172912222,-0.029411717727264995,-10.021299533534128
NAPROXEN,ROFECOXIB,easy,0.7382349550742802,0.5952361977702864,251,0,0.38402692778457775,-0.8221622204189323,-10.814050036225796,0.2287068574360957,-0.5434104722347695,-10.535298288041632
CORTICOTROPIN,PREDNISONE,easy,0.147646991014856,0.687312628926396,448,1,0.6381542844466239,0.39826636283160294,-3.3989609055297443,0.09473198024100311,1.3346509404516438,-2.462576327909703
ASPIRIN,EMTRICITABINE,easy,1.4037989449123882,1.5084069223569223,82,3,0.3249689373704039,2.084943218489974,0.03449986264805694,0.3614188117656817,2.0225681872765975,-0.02787516856532007
NICOTINE,RIVAROXABAN,easy,0.24023212581695086,0.5112275935756754,85,0,0.09005888465535157,-0.2389308398603647,-10.230818655667228,0.021518770248843563,-0.06079108356735555,-10.052678899374218
EPINEPHRINE,POTASSIUM CHLORIDE,easy,1.3398485061250733,1.9381770244265069,315,0,1.4871764250907022,-1.9907199633296069,-11.982607779136469,1.6670675512253486,-2.1157441254199885,-12.10763194122685
NATALIZUMAB,RITUXIMAB,easy,0.06921998522906653,0.16796801934731603,216,0,0.07519235790088001,-0.20211641313646947,-10.194004228943331,0.005123581076963783,-0.014708298908448783,-10.006596114715311
LATANOPROST,METHOTREXATE,easy,0.041402983236360866,0.24755311801321087,65,0,0.03334840820731879,-0.09315018215132358,-10.085037997958187,0.0013668172929493126,-0.003938420408782312,-9.995826236215645
AZATHIOPRINE,LEVOTHYROXINE,easy,1.2566055883323952,1.2167115580314125,286,0,0.8732842504448088,-1.4576302738922162,-11.44951808969908,0.9049316565728908,-1.490499951712027,-11.48238776751889
ASPIRIN,ETHINYL ESTRADIOL,easy,1.4037989449123882,0.09363419179573759,61,0,0.17747128675508378,-0.4382317071748934,-10.430119522981757,0.016605526136185465,-0.04713498117913689,-10.039022796986
AMOXICILLIN,ONDANSETRON,easy,1.9074944534559102,1.3281320303786115,416,0,1.9274624579738786,-2.279448983754157,-12.27133679956102,2.1541437447581595,-2.4082465071941446,-12.400134323001007
OFATUMUMAB,TEMOZOLOMIDE,easy,0.029408811277902694,0.35010782503825777,241,0,0.17486875240087071,-0.43267886109611314,-10.424566676902977,0.005200517053894599,-0.014928020783446995,-10.00681583659031
LEFLUNOMIDE,MOXIFLOXACIN,easy,0.8103629619793417,1.5859630144572765,110,0,0.3615589294099233,-0.7850213832342083,-10.776909199041071,0.2929902006162754,-0.6653749430347602,-10.657262758841624
OMALIZUMAB,RITUXIMAB,easy,0.09327476640953981,0.16796801934731603,755,0,0.2628251398850204,-0.609424295420087,-10.60131211122695,0.02447923532925387,-0.06895756126976749,-10.06084537707663
ESOMEPRAZOLE,IVACAFTOR,easy,1.5133417257394122,0.9272818344854682,59,0,0.18504713679215268,-0.45427516570640764,-10.44616298151327,0.17191194480746788,-0.42634408288837006,-10.418231898695232
CYCLOPHOSPHAMIDE,ESOMEPRAZOLE,easy,0.3489363419813354,1.5133417257394122,161,0,0.5049591359921454,-1.0071368392150728,-10.999024655021936,0.17597059333092052,-0.4350323915928217,-10.426920207399684
ESOMEPRAZOLE,VANCOMYCIN,easy,1.5133417257394122,1.1977717372568502,325,0,1.152538709894032,-1.7246840665396594,-11.716571882346523,1.218772378523348,-1.7813784976261733,-11.773266313433036
IMATINIB,RITUXIMAB,easy,0.6890161678876885,0.16796801934731603,352,0,0.5026497001237584,-1.0038176536403904,-10.995705469447254,0.0840626646678476,-0.22419507071706343,-10.216082886523926
DESVENLAFAXINE,IBUPROFEN,easy,0.4893377939521678,1.613575934691527,164,0,0.5484368245475233,-1.0682399318608964,-11.060127747667758,0.2682769785808118,-0.6196984290608527,-10.611586244867716
PACLITAXEL,PEGFILGRASTIM,easy,0.7029329437548383,0.08174724126126075,1133,4,1.6505822057790867,1.0651977222392215,-0.6715597648298706,0.1361208502587623,2.8225522215331855,1.0857947344640937
METOPROLOL,POLYETHYLENE GLYCOL 3350,easy,1.7999073221293354,0.39707207723693405,69,0,0.2573905429071804,-0.5991093123580856,-10.590997128164949,0.10234535653729193,-0.26866280289741934,-10.260550618704283
PANTOPRAZOLE,RANITIDINE,easy,1.7685018115627529,0.07196295098397958,776,3,2.844202944983404,0.06569252115885915,-1.9847508346830587,0.20343946253017028,2.3148567453886115,0.26441338954669397
HYDROMORPHONE,OCTREOTIDE,easy,0.3916573749765484,0.26217282981105694,65,0,0.05276099983288371,-0.14472773478136985,-10.136615550588232,0.01380096470783049,-0.039281504144470715,-10.031169319951333
CARVEDILOL,NIACIN,easy,1.2559062467821966,1.5216783351496688,55,0,0.20262186839168084,-0.49082038478885304,-10.482708200595717,0.21774003731742578,-0.5215333051706645,-10.513421120977528
GABAPENTIN,MEPOLIZUMAB,easy,1.6973240275835393,0.10088965220195956,97,0,0.34121635939817757,-0.7505488119977451,-10.742436627804608,0.03449408220597812,-0.09624587996326583,-10.088133695770129
ALBUTEROL,INSULIN ASPART,easy,0.3205170454188135,0.738836127788696,187,0,0.28634069949538893,-0.6532264325773203,-10.645114248384184,0.09178241056813453,-0.2431387213415887,-10.235026537148451
BELIMUMAB,MYCOPHENOLATE MOFETIL,easy,0.11174394780837181,0.6428222670492816,775,0,1.0324902663458262,-1.6158779106278334,-11.607765726434696,0.11683874586095264,-0.3029652940780085,-10.29485310988487
PANTOPRAZOLE,PSEUDOEPHEDRINE,easy,1.7685018115627529,0.2534858768776199,85,0,0.3115428483551409,-0.6987391742266285,-10.690626990033492,0.07907114910642218,-0.21181252475508786,-10.20370034056195
BENDAMUSTINE,CARFILZOMIB,easy,0.30746200083042663,0.15199912544241242,221,0,0.14082412914188616,-0.3580003761082581,-10.34988819191512,0.02166231830245809,-0.06118813076972334,-10.053075946576586
ABATACEPT,ROFECOXIB,easy,0.04578015674894162,0.5952361977702864,108,0,0.13323135377858922,-0.3408045958704386,-10.332692411677302,0.0060739788433333275,-0.01742020131505179,-10.009308017121915
PANTOPRAZOLE,TENOFOVIR DISOPROXIL,easy,1.7685018115627529,1.6607132304586378,103,0,0.5185570438047667,-1.0265267800187843,-11.018414595825647,0.6284963339082006,-1.174401731723325,-11.166289547530187
DEXTROMETHORPHAN,HYDROCODONE,easy,1.1117394603933426,0.36538852979026465,415,3,0.9561905980991391,1.265155722471431,-0.7852876333704865,0.3507400900654035,2.0405645760403335,-0.00987877980158375
ALENDRONATE,GOLIMUMAB,easy,0.8184057502004282,0.10322496803092393,1141,0,1.935297198872565,-2.284097846712374,-12.275985662519236,0.20486689060940672,-0.49542274505109873,-10.487310560857962
IBANDRONATE,ZOLEDRONIC ACID,easy,0.23283808649160329,1.1363403219371224,357,0,0.8407560189004725,-1.4230467298995495,-11.414934545706412,0.19607263798518687,-0.4773097700845678,-10.46919758589143
DARBEPOETIN ALFA,WARFARIN,easy,0.13070687401192022,1.4690751930517714,136,0,0.41407240148590574,-0.870380347341074,-10.862268163147936,0.05416790827923725,-0.14839507225289647,-10.14028288805976
MOXIFLOXACIN,VANCOMYCIN,easy,1.5859630144572765,1.1977717372568502,448,0,1.656157512922121,-2.1084625745705052,-12.100350390377368,1.7481052785796438,-2.1687095984273133,-12.160597414234177
CAPECITABINE,LENVATINIB,easy,0.42713136180705835,0.6969013433630691,85,0,0.12276754714884872,-0.31676567164375335,-10.308653487450616,0.05235187018042981,-0.14365951928292017,-10.135547335089782
ACETAMINOPHEN,ROFECOXIB,easy,1.4241685104647568,0.5952361977702864,214,2,0.6316383694798982,1.1435150960028113,-1.4451252824044654,0.37802289714561943,1.5095976268162488,-1.079042751591028
DIGOXIN,FLUTICASONE,easy,1.7087213658292646,0.170907796311199,157,0,0.5559865092748735,-1.078591403705304,-11.070479219512167,0.09518399433182749,-0.25140763517319714,-10.24329545098006
LIDOCAINE,PREDNISONE,easy,0.806249336212324,0.687312628926396,223,0,0.3726212210291797,-0.8034274637471657,-10.795315279554028,0.2559359893147477,-0.5963359810828528,-10.588223796889716
ATEZOLIZUMAB,MYCOPHENOLATE MOFETIL,easy,1.1820240439651915,0.6428222670492816,91,0,0.2229261699611421,-0.5319202221787744,-10.523808037985637,0.1432288061931027,-0.3634039223591875,-10.35529173816605
INSULIN HUMAN,METOPROLOL,easy,0.513070979055687,1.7999073221293354,106,0,0.39541155866900174,-0.8406228469042586,-10.83251066271112,0.2030306103839257,-0.49165941160485366,-10.483547227411716
IPRATROPIUM,UMECLIDINIUM,easy,0.2994169200350912,0.021186895874091047,608,0,0.37728824076946943,-0.8111228358176377,-10.8030106516245,0.008250774229814017,-0.023612412874061864,-10.015500228680924
FLUTICASONE,VALSARTAN,easy,0.170907796311199,1.1262743399204835,412,0,0.9616892405479976,-1.547636622661625,-11.539524438468488,0.16372536400790005,-0.40865831242943573,-10.400546128236298
AMOXICILLIN,TENOFOVIR DISOPROXIL,easy,1.9074944534559102,1.6607132304586378,104,0,0.5535499703124535,-1.075258743402743,-11.067146559209606,0.6841478797690161,-1.2438492600946167,-11.23573707590148
CELECOXIB,DABIGATRAN ETEXILATE,easy,0.7217016592342094,0.40148153244019796,61,0,0.09123907848895538,-0.24181353399959604,-10.23370134980646,0.036549736379217754,-0.1017838153336666,-10.093671631140529
APREMILAST,DUPILUMAB,easy,0.014453450155735934,0.03409434246066283,131,0,0.009256503427026079,-0.026464404264547145,-10.01835222007141,0.0001298389811781681,-0.00037458747456813914,-9.992262403281432
ALBUTEROL,MESALAMINE,easy,0.3205170454188135,0.4064151133538791,60,0,0.05053758113263638,-0.13891295439385032,-10.130800770200713,0.016147007854403754,-0.045853934514082345,-10.037741750320945
BORTEZOMIB,OXALIPLATIN,easy,0.4052305223209832,0.5390082292070726,76,0,0.08489895399614095,-0.22625931415029546,-10.218147129957158,0.034311028372676966,-0.09575170032754426,-10.087639516134407
IPILIMUMAB,OXALIPLATIN,easy,1.505343456959052,0.5390082292070726,126,0,0.3930967885705796,-0.8368884397245689,-10.828776255531432,0.2119753057957713,-0.5098991086304295,-10.501786924437292
IPRATROPIUM,METHOTREXATE,easy,0.2994169200350912,0.24755311801321087,64,0,0.03971455165994415,-0.11026849056034521,-10.102156306367208,0.009739246542345485,-0.02783134058517032,-10.019719156392034
CYTARABINE,DEXTROSE,easy,0.48866075196298014,0.16459992484171662,191,0,0.19343460799720624,-0.4718317456049252,-10.463719561411787,0.03169943979340639,-0.0886828514888171,-10.08057066729568
RIVAROXABAN,SELEXIPAG,easy,0.5112275935756754,0.07665383922419236,56,0,0.05933291224352574,-0.1617791289342812,-10.153666944741143,0.00453191004001603,-0.013017423206659174,-10.004905239013523
ATOMOXETINE,GABAPENTIN,easy,0.4576069165465928,1.6973240275835393,61,0,0.2145793600339055,-0.5151661487212843,-10.507053964528147,0.09836260417819843,-0.2590919191541859,-10.25097973496105
PACLITAXEL,SODIUM CHLORIDE,easy,0.7029329437548383,0.3186522820464445,512,0,0.7458941653653066,-1.3171815213413869,-11.30906933714825,0.23702875433844414,-0.5597928106368448,-10.551680626443707
BELIMUMAB,LEFLUNOMIDE,easy,0.11174394780837181,0.8103629619793417,76,0,0.12763992106478567,-0.32800902301858825,-10.319896838825452,0.014259793397325455,-0.040569268342615504,-10.032457084149478
ACETAMINOPHEN,PANCRELIPASE LIPASE,easy,1.4241685104647568,0.0,73,0,0.21546542510295588,-0.5169539554499938,-10.508841771256856,0.0,0.0,-9.991887815806862
RANITIDINE,SODIUM CHLORIDE,easy,0.07196295098397958,0.3186522820464445,171,0,0.11292926328147931,-0.29379249060854107,-10.285680306415404,0.007933668802730987,-0.02271201246923727,-10.0145998282761
FILGRASTIM,PEGINTERFERON ALFA 2A,easy,0.6992528527286156,0.7657135550391047,135,3,0.21423649537491385,2.292881163682977,0.24243780784105917,0.15004116948260743,2.428751924761563,0.3783085689196452
FEXOFENADINE,LORATADINE,easy,0.24964158015148885,0.07754492419294201,435,0,0.22506063055780115,-0.5361735454094856,-10.528061361216349,0.01776131840961111,-0.05035909162686906,-10.042246907433732
BUPROPION,LORATADINE,easy,1.713431248898844,0.07754492419294201,98,0,0.34800550206327374,-0.7621455304832447,-10.754033346290107,0.027028547975972376,-0.07595301670542096,-10.067840832512283
METOPROLOL,SODIUM CHLORIDE,easy,1.7999073221293354,0.3186522820464445,112,0,0.4177933450087566,-0.8762412508063038,-10.868129066613166,0.13295223513796336,-0.34016853789480533,-10.332056353701669
ENZALUTAMIDE,PACLITAXEL,easy,0.23284154369142498,0.7029329437548383,56,0,0.0815821743368304,-0.21805495602425765,-10.20994277183112,0.01893565313635332,-0.053627563818379055,-10.045515379625241
CELECOXIB,PANTOPRAZOLE,easy,0.7217016592342094,1.7685018115627529,557,0,2.041521959221335,-2.3456926959930695,-12.337580511799933,1.4686928910142936,-1.9772380735720545,-11.969125889378917
FENTANYL,HYDROCORTISONE,easy,1.6641959255224423,1.7706437401827775,182,2,0.9184068359968428,0.8176567004677768,-1.7709836779395,1.1095883614095405,0.6352363164139913,-1.9534040619932855
FLUTICASONE,HYDROCODONE,easy,0.170907796311199,0.36538852979026465,197,2,0.14918133442488743,1.9452346703567707,-0.6434057080505059,0.025224082621269035,2.250923121446201,-0.33771725696107596
METOPROLOL,RIVASTIGMINE,easy,1.7999073221293354,1.342528251948723,62,0,0.2752915062090146,-0.6328107645174309,-10.624698580324294,0.3100827037146229,-0.696141109588999,-10.688028925395862
ADALIMUMAB,CODEINE,easy,0.15095611229683062,1.996416441410018,1288,0,5.32917954584175,-3.543292839096163,-13.535180654903026,0.8047886569169315,-1.3838161452549982,-11.37570396106186
DEVICE,INTERFERON BETA 1B,easy,0.12769891931627617,0.2730454782906909,138,0,0.07809215844785773,-0.20937140811071497,-10.201259223917578,0.010033655856155808,-0.028664355206027933,-10.020552171012891
DABIGATRAN ETEXILATE,RIVAROXABAN,easy,0.40148153244019796,0.5112275935756754,586,1,0.6208765459768943,0.4203351131352935,-3.3768921552260536,0.24936865839481978,1.001214955977146,-2.7960123123842013
CALCIUM CHLORIDE,ONDANSETRON,easy,0.08306553140912258,1.3281320303786115,78,1,0.21469859620148637,1.0695556410488463,-2.7276716273125006,0.017786714351422858,1.5345326473369205,-2.2626946210244263
CELECOXIB,HYDROCORTISONE,easy,0.7217016592342094,1.7706437401827775,114,0,0.41833999917535974,-0.8771002900270003,-10.868988105833862,0.3020135862901318,-0.6816985815775899,-10.673586397384453
MESALAMINE,SULFASALAZINE,easy,0.4064151133538791,0.29206718806252,339,1,0.2855373333993955,0.9332107530231566,-2.8640165153381902,0.08472361106109084,1.3591357472828447,-2.4380915210785026
LEUCOVORIN,PANTOPRAZOLE,easy,0.13805732950974237,1.7685018115627529,247,0,0.9053068652202331,-1.4908851942128598,-11.482773010019722,0.12504353806048185,-0.32202859081740004,-10.313916406624262
EPINEPHRINE,ONDANSETRON,easy,1.3398485061250733,1.3281320303786115,117,0,0.40445498431732246,-0.8551206052855245,-10.847008421092386,0.43036766316874114,-0.8958728589779049,-10.887760674784767
APIXABAN,UMECLIDINIUM,easy,0.29775760877570834,0.021186895874091047,140,0,0.08639413391090757,-0.2299425764220615,-10.221830392228924,0.0018187366284451018,-0.00523824340913676,-9.997126059215999
LEUPROLIDE,OLAPARIB,easy,0.29096889825121564,0.2418234684691773,60,0,0.03618188354536072,-0.10079437963488237,-10.092682195441744,0.008730191774624184,-0.024972621941426378,-10.016860437748289
DABIGATRAN ETEXILATE,ENOXAPARIN,easy,0.40148153244019796,1.4072691300975575,162,0,0.47248228191442826,-0.9597438703507496,-10.951631686157612,0.1898906218242247,-0.4644395541625753,-10.456327369969438
ALENDRONATE,HYDROCORTISONE,easy,0.8184057502004282,1.7706437401827775,273,0,1.0018142085515194,-1.586706346154117,-11.57859416196098,0.8179857732250989,-1.3983347975019784,-11.390222613308842
PANTOPRAZOLE,SODIUM CHLORIDE,easy,1.7685018115627529,0.3186522820464445,527,13,1.9315656598018738,2.473001952827625,1.5833783359630569,0.6159142816977705,3.5966612905152386,2.707037673650671
DEVICE,GLATIRAMER,easy,0.12769891931627617,0.1488391833358375,268,0,0.08266952151113208,-0.22074975275556363,-10.212637568562426,0.010657972435278848,-0.030429234078364637,-10.022317049885228
ESOMEPRAZOLE,TOPIRAMATE,easy,1.5133417257394122,1.7005847848561901,131,0,0.6010738689610051,-1.1389112598276543,-11.130799075634517,0.6995246729007603,-1.2624628325838185,-11.254350648390682
NIRAPARIB,ONDANSETRON,easy,0.021958240039890303,1.3281320303786115,56,0,0.15414258188824664,-0.3876770358868511,-10.379564851693713,0.0033892301568446176,-0.009746255966871646,-10.001634071773735
LEVOTHYROXINE,VALSARTAN,easy,1.2167115580314125,1.1262743399204835,779,22,2.168214585309761,3.075978399554848,2.4102238685724933,2.2113439131325263,3.052844976771789,2.387090445789435
CYTARABINE,GEMCITABINE,easy,0.48866075196298014,1.2381450732297883,1505,0,3.8619032129820376,-3.1249577581263,-13.116845573933162,1.900271086918934,-2.2631973531952783,-12.255085169002141
ENOXAPARIN,POLYETHYLENE GLYCOL 3350,easy,1.4072691300975575,0.39707207723693405,145,0,0.42290080788637097,-0.8842475024306409,-10.876135318237504,0.1681042170833059,-0.4181450702998218,-10.410032886106684
INFLIXIMAB,TRIAMCINOLONE ACETONIDE,easy,0.2281513595789778,0.1654983250339734,168,0,0.07943752312816084,-0.21272501857505097,-10.204612834381914,0.013129251100161226,-0.037394174287057436,-10.02928199009392
APREMILAST,INFLIXIMAB,easy,0.014453450155735934,0.2281513595789778,937,0,0.44305332839932565,-0.9154112607870004,-10.907299076593864,0.006369371294343748,-0.018262048389702037,-10.010149864196565
DICLOFENAC,OXYCODONE,easy,1.9156056318399564,0.8173775172444036,1204,0,4.779978504529402,-3.4005320561988883,-13.392419872005751,3.9081993639386465,-3.1401894722896464,-13.132077288096509
MELPHALAN,POMALIDOMIDE,easy,0.535552365503269,0.08727953571960498,656,0,0.728113582759099,-1.2964439953216622,-11.288331811128526,0.0651749662823674,-0.17676946982884828,-10.16865728563571
TACROLIMUS,TOCILIZUMAB,easy,0.8883454192721698,0.2305753522308547,674,0,1.2408952304240262,-1.7998293821413227,-11.791717197948186,0.28633330427348663,-0.6532128645397749,-10.645100680346637
DICLOFENAC,PANTOPRAZOLE,easy,1.9156056318399564,1.7685018115627529,1314,22,7.309515866397555,1.5266199818672317,0.8608654508848771,9.040132932190529,1.2378437274494216,0.5720891964670668
DEXTROMETHORPHAN,DULOXETINE,easy,1.1117394603933426,1.8648810916774137,128,0,0.5243564660148212,-1.0347178464518592,-11.026605662258723,0.5496642264456421,-1.06992790283137,-11.061815718638233
ASPIRIN,OXALIPLATIN,easy,1.4037989449123882,0.5390082292070726,82,0,0.23856795924453883,-0.5628025816262844,-10.554690397433147,0.12882939058130072,-0.3307405537762372,-10.3226283695831
ALBUTEROL,SODIUM OXYBATE,easy,0.3205170454188135,0.33925388822170116,61,0,0.04288920738797696,-0.11872970855505523,-10.110617524361919,0.013657326738765511,-0.03887812857442844,-10.030765944381292
ONDANSETRON,PEGFILGRASTIM,easy,1.3281320303786115,0.08174724126126075,311,5,0.8560418387007983,2.0200299272168882,0.49256429983094197,0.07048185456394757,3.269178714384818,1.7417130869988715
HEPARIN,MAGNESIUM CHLORIDE,easy,0.773848026948925,0.05244373876549362,133,0,0.21330482141067192,-0.5125906302536098,-10.504478446060473,0.01115505640210378,-0.03183289719515116,-10.023720713002014
LANSOPRAZOLE,METOPROLOL,easy,1.5788646382413933,1.7999073221293354,151,10,0.7444287021641195,3.076833847325891,2.04669140141361,0.8889651549363428,2.9183070159944484,1.8881645700821674
MESALAMINE,POTASSIUM CHLORIDE,easy,0.4064151133538791,1.9381770244265069,63,0,0.2530622365484751,-0.5908410059321281,-10.582728821738991,0.10289162160826221,-0.26997058547819985,-10.261858401285062
CLAVULANATE,ESOMEPRAZOLE,easy,1.5019938068512264,1.5133417257394122,424,3,1.7709511026155504,0.6240582793212656,-1.426385076520652,1.980843065533919,0.4965244466970485,-1.553918909144869
AMOXICILLIN,IPRATROPIUM,easy,1.9074944534559102,0.2994169200350912,213,3,0.8420468173943944,1.3829199211271221,-0.6675234347147954,0.2514116118555767,2.2196796062660344,0.16923625042411677
CARBIDOPA,OXYCODONE,easy,1.0768121312668408,0.8173775172444036,129,0,0.28788762799381545,-0.6560617859408149,-10.647949601747678,0.23489534082316527,-0.5556107101276168,-10.54749852593448
ETHINYL ESTRADIOL,WARFARIN,easy,0.09363419179573759,1.4690751930517714,95,0,0.28924175103794886,-0.6585391820334315,-10.650426997840295,0.02704125783397897,-0.07598780842228103,-10.067875624229144
CELECOXIB,RITUXIMAB,easy,0.7217016592342094,0.16796801934731603,1385,0,2.0715757984787406,-2.3626526784726907,-12.354540494279552,0.3528459407662873,-0.770357059826205,-10.762244875633067
INSULIN GLARGINE,PREDNISONE,easy,0.3262384726407933,0.687312628926396,349,0,0.49713358319614226,-0.9958586965013816,-10.987746512308245,0.16132586163605883,-0.40343322544491567,-10.395321041251778
BEVACIZUMAB,CELECOXIB,easy,0.4653070517151916,0.7217016592342094,286,0,0.4277766630793645,-0.8918494627865868,-10.88373727859345,0.19895201027842535,-0.4832653093398437,-10.475153125146706
MACITENTAN,MYCOPHENOLATE MOFETIL,easy,0.09230133692673324,0.6428222670492816,67,0,0.08926044883247787,-0.2369773408454362,-10.228865156652299,0.008211187212252426,-0.02350003878410077,-10.015387854590964
EVEROLIMUS,HUMAN IMMUNOGLOBULIN G,easy,0.6932762508376293,0.1782055276270678,56,0,0.08046142162195447,-0.21527209161059194,-10.207159907417454,0.014284819505518843,-0.04063947442164727,-10.03252729022851
MELPHALAN,ZOLEDRONIC ACID,easy,0.535552365503269,1.1363403219371224,175,0,0.41213530338258453,-0.867319750380455,-10.859207566187317,0.22076323687298108,-0.5275973322829045,-10.519485148089768
PREDNISOLONE,TOFACITINIB,easy,1.113408648178296,0.09062200011955265,670,0,1.5460471854304634,-2.03283941654051,-12.024727232347372,0.14008721679380765,-0.35634040188630045,-10.348228217693164
FLUDARABINE,IMATINIB,easy,0.23302925076622694,0.6890161678876885,192,0,0.2741725637038682,-0.6307270852438326,-10.622614901050696,0.06399444010090036,-0.17375284561189144,-10.165640661418754
ALBUTEROL,VANCOMYCIN,easy,0.3205170454188135,1.1977717372568502,185,1,0.459239400258167,0.6449996776928476,-3.1522275906684993,0.1471132253864101,1.2128724329857958,-2.584354835375551
HYDROCODONE,LENALIDOMIDE,easy,0.36538852979026465,0.1509802183237506,58,0,0.04392140810478919,-0.12147011480775742,-10.11335793061462,0.0064818179639464625,-0.018582384200109662,-10.010470200006973
GABAPENTIN,VILANTEROL TRIFENATATE,easy,1.6973240275835393,0.05269470593718655,76,0,0.26734477643568555,-0.617946847237154,-10.609834663044017,0.014109707155346497,-0.040148157684569814,-10.032035973491432
BOSENTAN,WARFARIN,easy,0.24687151017475034,1.4690751930517714,262,0,0.7976983028625537,-1.3759550154204303,-11.367842831227293,0.19707370832016027,-0.47938311932063343,-10.471270935127496
CYCLOPHOSPHAMIDE,GABAPENTIN,easy,0.3489363419813354,1.6973240275835393,101,0,0.3552871371053189,-0.7744807481917233,-10.766368563998586,0.12387813129243036,-0.319336144855192,-10.311223960662055
ETOPOSIDE,PANTOPRAZOLE,easy,0.6191935721090637,1.7685018115627529,96,0,0.3518601581422768,-0.7686885213461818,-10.760576337153045,0.21823696922172195,-0.5225318186835434,-10.514419634490407
LOPERAMIDE,PREDNISOLONE,easy,0.7971200351397586,1.113408648178296,133,0,0.3069019039735099,-0.6904651991198592,-10.682353014926722,0.24464031203159758,-0.5746156255107912,-10.566503441317654
DICLOFENAC,LEUCOVORIN,easy,1.9156056318399564,0.13805732950974237,62,0,0.24614507249237785,-0.5775280651071245,-10.569415880913986,0.034092576862741454,-0.09516173804567597,-10.08704955385254
ACETAMINOPHEN,DALFAMPRIDINE,easy,1.4241685104647568,0.13009176776396592,108,0,0.318770765905743,-0.7115314971713935,-10.703419312978257,0.04169769185465505,-0.1155598486870874,-10.10744766449395
ABATACEPT,FLUDARABINE,easy,0.04578015674894162,0.23302925076622694,202,0,0.09755626388486428,-0.2571464639066621,-10.249034279713525,0.0044634367850458646,-0.01282161254045252,-10.004709428347315
AMOXICILLIN,INFLIXIMAB,easy,1.9074944534559102,0.2281513595789778,418,0,1.6524674632434595,-2.105991429969583,-12.097879245776445,0.37697142813306284,-0.8106017453171762,-10.80248956112404
METHOTREXATE,PEGFILGRASTIM,easy,0.24755311801321087,0.08174724126126075,569,0,0.2919268349225291,-0.6634390528792368,-10.6553268686861,0.023662632590458577,-0.06670956603923356,-10.058597381846097
DARBEPOETIN ALFA,FILGRASTIM,easy,0.13070687401192022,0.6992528527286156,262,0,0.37968976437120927,-0.8150667307762816,-10.806954546583144,0.0502101385811913,-0.1380546291834144,-10.129942444990277
LEVODOPA,PANTOPRAZOLE,easy,1.1638365540751652,1.7685018115627529,254,6,1.017209118828604,2.099019770390984,0.7230308043252194,1.0837636341333943,2.03708267900423,0.6610937129384653
ADALIMUMAB,DULOXETINE,easy,0.15095611229683062,1.8648810916774137,498,0,1.924747835220922,-2.277834720168891,-12.269722535975754,0.28511363455923117,-0.6509733847862731,-10.642861200593137
DARATUMUMAB,VALACYCLOVIR,easy,0.25323643200763607,0.6969455901894963,243,0,0.3509930358524632,-0.7672192306992858,-10.759107046506148,0.08976982610667703,-0.23822391801783044,-10.230111733824693
OXALIPLATIN,TEMOZOLOMIDE,easy,0.5390082292070726,0.35010782503825777,72,0,0.08043058799634406,-0.2151954548202571,-10.20708327062712,0.02813559389708834,-0.0789802807737628,-10.070868096580625
NAPROXEN,OXYCODONE,easy,0.7382349550742802,0.8173775172444036,919,2,1.5567954396167927,0.28152977838258547,-2.3071106000246915,1.148276528739176,0.6009697934017417,-1.9876705850055352
ENZALUTAMIDE,GABAPENTIN,easy,0.23284154369142498,1.6973240275835393,81,0,0.2849332485696122,-0.6506418762477567,-10.64252969205462,0.0664729012164594,-0.18007884753843195,-10.171966663345295
ADALIMUMAB,DEXAMETHASONE,easy,0.15095611229683062,0.7259250103640954,237,0,0.35656068626165455,-0.7766273681962247,-10.768515184003087,0.05224227777462507,-0.14337324505055146,-10.135261060857415
RIOCIGUAT,WARFARIN,easy,0.025724282488486936,1.4690751930517714,146,0,0.4445189015951635,-0.9176515730494708,-10.909539388856333,0.01143539793378364,-0.032623922274501845,-10.024511738081365
CELECOXIB,PREDNISONE,easy,0.7217016592342094,0.687312628926396,1699,0,2.541232694307134,-2.6046562057405027,-12.596544021547366,1.7622630887794575,-2.1777667165984633,-12.169654532405326
GABAPENTIN,NATALIZUMAB,easy,1.6973240275835393,0.06921998522906653,78,0,0.2743801652892562,-0.6311139054972298,-10.623001721304092,0.01893576945782377,-0.053627887204118284,-10.045515703010981
MEPOLIZUMAB,SEMAGLUTIDE,easy,0.10088965220195956,0.5133779537157089,86,0,0.09150166933679021,-0.24245414525929132,-10.234341961066153,0.009205097824808477,-0.02631876773320407,-10.018206583540067
ETONOGESTREL,LEVONORGESTREL,easy,0.05120627904291944,0.011861644975356567,139,0,0.0147513365082313,-0.04194757581046688,-10.03383539161733,0.00017271232976390685,-0.0004982563932324611,-9.992386072200095
IBRUTINIB,METHOTREXATE,easy,0.29585643208158724,0.24755311801321087,776,0,0.47581276418097374,-0.9646762597643143,-10.956564075571176,0.11733368052674144,-0.3041224092604714,-10.296010225067334
CLINDAMYCIN,EPINEPHRINE,easy,1.2109212610843265,1.3398485061250733,75,0,0.24104711646188046,-0.5676371784465899,-10.559524994253453,0.25186357947695676,-0.588542823576457,-10.58043063938332
AZATHIOPRINE,NAPROXEN,easy,1.2566055883323952,0.7382349550742802,233,2,0.6068037545439748,1.1755286518507222,-1.4131117265565545,0.448155603155332,1.398732348500322,-1.1899080299069549
DEXAMETHASONE,TRIAMCINOLONE ACETONIDE,easy,0.7259250103640954,0.1654983250339734,287,0,0.4317844597345774,-0.8980681745471848,-10.889955990354048,0.07167570558566444,-0.19326888669824918,-10.185156702505113
CYCLOPHOSPHAMIDE,LEVOTHYROXINE,easy,0.3489363419813354,1.2167115580314125,108,0,0.2723358032354425,-0.6273001571757866,-10.61918797298265,0.09471052627770338,-0.2502595165157476,-10.24214733232261
IBRUTINIB,VALACYCLOVIR,easy,0.29585643208158724,0.6969455901894963,245,0,0.3538818674232654,-0.7721083952495894,-10.763996211056453,0.10538280413366716,-0.27591960118420994,-10.267807416991072
ANASTROZOLE,PALBOCICLIB,easy,0.6175263215887037,0.5100869419349053,1259,1,1.6112931299273061,-0.4931643942755126,-4.29039166263686,0.8504732701119104,0.151497415823278,-3.645729852538069
DICLOFENAC,WARFARIN,easy,1.9156056318399564,1.4690751930517714,348,2,1.7198986476645368,0.17143428491092136,-2.4172060934963553,2.026380287240853,-0.015143724452709171,-2.603784102859986
FLUTICASONE,TENOFOVIR DISOPROXIL,easy,0.170907796311199,1.6607132304586378,69,0,0.23748549425044835,-0.5606865780965079,-10.55257439390337,0.040476278457532454,-0.11230320447368607,-10.104191020280549
INSULIN GLARGINE,LANSOPRAZOLE,easy,0.3262384726407933,1.5788646382413933,128,0,0.41884006576614335,-0.8778856715170584,-10.869773487323922,0.13650822321805223,-0.34825105791840566,-10.340138873725268
DIGOXIN,IBUPROFEN,easy,1.7087213658292646,1.613575934691527,69,0,0.3320934114906471,-0.7348174007021544,-10.726705216509018,0.3945362663880344,-0.839211878477071,-10.831099694283933
CELECOXIB,THALIDOMIDE,easy,0.7217016592342094,0.2858304405168826,304,0,0.45469966984659727,-0.9331188655203602,-10.925006681327222,0.13050361871178762,-0.33457655589225255,-10.326464371699116
BENRALIZUMAB,PREDNISONE,easy,0.23754681361681226,0.687312628926396,183,0,0.2606746295842236,-0.6053513934490936,-10.597239209255957,0.0619303047522088,-0.16846311167349567,-10.160350927480359
ACETAMINOPHEN,VARENICLINE,easy,1.4241685104647568,0.16791629425022722,374,0,1.1038913560069248,-1.681576420185274,-11.673464235992137,0.18612686361490796,-0.4565472578759023,-10.448435073682765
NAPROXEN,USTEKINUMAB,easy,0.7382349550742802,0.10682222467542636,134,0,0.2050183598531212,-0.49573273329662904,-10.487620549103491,0.021818485935556436,-0.061619959070896534,-10.05350777487776
DABIGATRAN ETEXILATE,TIOTROPIUM,easy,0.40148153244019796,0.1639557165910122,218,0,0.18139086768655843,-0.44655451701475257,-10.438442332821616,0.02966878944669662,-0.08316240593774624,-10.07505022174461
ALEMTUZUMAB,DOXORUBICIN,easy,0.22343615032949732,0.46115871799345265,510,0,0.487431902895919,-0.9817531629181977,-10.973640978725062,0.11061358339372075,-0.2883315884614393,-10.280219404268301
AMOXICILLIN,FLUDARABINE,easy,1.9074944534559102,0.23302925076622694,82,0,0.324168258339626,-0.721010806467235,-10.712898622274098,0.0756789719132822,-0.20333642035390448,-10.195224236160767
ENZALUTAMIDE,HYDROCODONE,easy,0.23284154369142498,0.36538852979026465,58,0,0.04392140810478919,-0.12147011480775742,-10.11335793061462,0.010158497894047441,-0.029017443571190665,-10.020905259378054
INTERFERON BETA 1B,METHYLPREDNISOLONE,easy,0.2730454782906909,1.3769744019482795,119,0,0.3395988255632083,-0.7477720536920613,-10.739659869498924,0.09276376931327401,-0.24552917558120954,-10.237416991388072
GABAPENTIN,WARFARIN,easy,1.6973240275835393,1.4690751930517714,215,0,0.9653177727214243,-1.5512135652724273,-11.543101381079289,1.1120729633373323,-1.6889170425400426,-11.680804858346905
DOXYCYCLINE,POTASSIUM CHLORIDE,easy,0.9330989278467624,1.9381770244265069,60,0,0.24101165385569057,-0.5675681370197292,-10.559455952826593,0.22451423996991854,-0.5350859506327195,-10.526973766439582
GABAPENTIN,VALSARTAN,easy,1.6973240275835393,1.1262743399204835,255,3,0.9637463065406011,1.2576893916674288,-0.7927539641744888,1.0130365313888638,1.2099081010480328,-0.840535254793885
ETHINYL ESTRADIOL,PREDNISONE,easy,0.09363419179573759,0.687312628926396,112,0,0.15953857111165598,-0.399528938697603,-10.391416754504466,0.014830751783771193,-0.042170136062286125,-10.03405795186915
ASPIRIN,TENOFOVIR DISOPROXIL,easy,1.4037989449123882,1.6607132304586378,66,3,0.2823935256029924,2.1613885850739183,0.11094522923200097,0.3203649947181737,2.093017084152005,0.042573728310087655
DOXYCYCLINE,VENETOCLAX,easy,0.9330989278467624,0.2606119237866196,205,0,0.39643765903307887,-0.8422751623489949,-10.834162978155858,0.10390911099129492,-0.2724033437542582,-10.264291159561122
CLAVULANATE,DICLOFENAC,easy,1.5019938068512264,1.9156056318399564,293,3,1.468065112205321,0.8305769699262966,-1.219866385915621,1.731111860643138,0.6495920746568569,-1.4008512811850609
CLINDAMYCIN,LEVOTHYROXINE,easy,1.2109212610843265,1.2167115580314125,65,0,0.19231946017943619,-0.46950980607643333,-10.461397621883297,0.19851377406815884,-0.4823604696863846,-10.474248285493248
GABAPENTIN,LATANOPROST,easy,1.6973240275835393,0.041402983236360866,59,0,0.20754397118033482,-0.5008917138805998,-10.492779529687462,0.00861335546348225,-0.024641250758350774,-10.016529066565214
SECUKINUMAB,TAMSULOSIN,easy,0.0424690401849379,1.8019326367078718,64,0,0.2390076912817321,-0.5636612845263785,-10.555549100333241,0.010128797937274137,-0.028933451580819683,-10.020821267387683
FLUTICASONE,LEVOTHYROXINE,easy,0.170907796311199,1.2167115580314125,945,0,2.3829382783101214,-2.5275399500728133,-12.519427765879676,0.40861942734693274,-0.8617480573457726,-10.853635873152635
IBRUTINIB,METHYLPREDNISOLONE,easy,0.29585643208158724,1.3769744019482795,175,3,0.4994100375929534,1.8082063090644267,-0.24223704677749103,0.14776461038756888,2.433813366059508,0.38337001021759026
CETIRIZINE,METRONIDAZOLE,easy,0.3300110995603862,1.208111021941158,80,0,0.20030425963488846,-0.4860537678801396,-10.477941583687002,0.06613704023458117,-0.17922322201466884,-10.171111037821532
AMOXICILLIN,DEXTROMETHORPHAN,easy,1.9074944534559102,1.1117394603933426,102,0,0.4268547858325381,-0.8904152286775716,-10.882303044484434,0.44822425570223023,-0.9233002029794632,-10.915188018786326
DOCETAXEL,RITUXIMAB,easy,0.7224371015655817,0.16796801934731603,80,0,0.11977974385943203,-0.3098275094864409,-10.301715325293303,0.019943940827885327,-0.05642798865598618,-10.048315804462849
IPRATROPIUM,MOMETASONE,easy,0.2994169200350912,0.07737187679078766,514,2,0.31895749301892645,1.6100676172762791,-0.9785727611309977,0.025491743825461568,2.2501880920680186,-0.3384522863392584
FLUTICASONE,OXYCODONE,easy,0.170907796311199,0.8173775172444036,203,0,0.343884085138421,-0.7551167508689405,-10.747004566675804,0.05826085920445043,-0.15901131451557918,-10.150899130322442
TACROLIMUS,TENOFOVIR ALAFENAMIDE,easy,0.8883454192721698,1.6167330748474102,67,0,0.22449489897979596,-0.5350474372102885,-10.526935253017152,0.19945194975426297,-0.48429685709553955,-10.476184672902402
BEVACIZUMAB,TRASTUZUMAB,easy,0.4653070517151916,0.2391072036058819,1202,1,1.1591441652546957,-0.14547674872008465,-3.9427040170814314,0.280758461091306,0.9420142967698747,-2.8552129715914725
METOPROLOL,OMALIZUMAB,easy,1.7999073221293354,0.09327476640953981,102,0,0.3804903677758319,-0.8163791267295414,-10.808266942536404,0.03552058655479163,-0.09901394143201861,-10.090901757238882
INSULIN GLARGINE,TOCILIZUMAB,easy,0.3262384726407933,0.2305753522308547,99,0,0.06693661115838094,-0.18125934243218986,-10.173147158239052,0.015315610997767166,-0.04352820334376694,-10.03541601915063
ESOMEPRAZOLE,TOFACITINIB,easy,1.5133417257394122,0.09062200011955265,407,0,1.2765116046509515,-1.8290471127714134,-11.820934928578277,0.1155666274257856,-0.29998692405554345,-10.291874739862406
BENDAMUSTINE,VENETOCLAX,easy,0.30746200083042663,0.2606119237866196,732,0,0.46644010195412067,-0.9507522249349769,-10.94264004074184,0.1250231167166835,-0.32198145449660287,-10.313869270303465
GABAPENTIN,GUAIFENESIN,easy,1.6973240275835393,0.22624390051884913,97,0,0.34121635939817757,-0.7505488119977451,-10.742436627804608,0.07728868904747904,-0.20736486367334966,-10.199252679480212
ESOMEPRAZOLE,VARENICLINE,easy,1.5133417257394122,0.16791629425022722,65,0,0.20386548968626989,-0.49337165797550875,-10.48525947378237,0.03424400213488923,-0.095570711200673,-10.087458527007536
DOXORUBICIN,TENOFOVIR DISOPROXIL,easy,0.46115871799345265,1.6607132304586378,173,0,0.5954346450047473,-1.1315034139126703,-11.123391229719534,0.27474557248500203,-0.631794510235929,-10.623682326042792
DULOXETINE,PREDNISOLONE,easy,1.8648810916774137,1.113408648178296,74,0,0.3033995761993509,-0.6841896054613447,-10.676077421268207,0.3193178144922495,-0.7124950889107684,-10.704382904717631
LEVOTHYROXINE,SEMAGLUTIDE,easy,1.2167115580314125,0.5133779537157089,59,0,0.14877604065639913,-0.37579244682495855,-10.367680262631822,0.07632431042620476,-0.20495278166805997,-10.196840597474923
TOCILIZUMAB,VANCOMYCIN,easy,0.2305753522308547,1.1977717372568502,137,1,0.34008539370469665,0.836354611987767,-2.9608726563735797,0.07837893752207087,1.3748755801205563,-2.4223516882407905
IBUPROFEN,RUXOLITINIB,easy,1.613575934691527,0.10781362520466525,58,0,0.19395936477900214,-0.47292309248652736,-10.46481090829339,0.02094200793077722,-0.0591946835140084,-10.051082499320872
AMOXICILLIN,FILGRASTIM,easy,1.9074944534559102,0.6992528527286156,123,0,0.486252387509439,-0.9800287927039896,-10.971916608510853,0.33928670668616884,-0.7472356355115356,-10.739123451318399
ANASTROZOLE,CYCLOPHOSPHAMIDE,easy,0.6175263215887037,0.3489363419813354,661,1,0.84596088870687,0.1563260123839584,-3.6409012559773886,0.3004819291136641,0.9060217613521494,-2.8912055070091975
NAPROXEN,SUMATRIPTAN,easy,0.7382349550742802,0.24090309418062614,1109,0,1.6967564259485926,-2.1353749141139717,-12.127262729920835,0.41604994465509604,-0.8734981638517892,-10.865385979658653
BUDESONIDE,TACROLIMUS,easy,0.26886302654389993,0.8883454192721698,662,0,1.2188021402681088,-1.781403478682637,-11.7732912944895,0.3279585304208435,-0.727630415041997,-10.719518230848859
DEXAMETHASONE,ELTROMBOPAG,easy,0.7259250103640954,0.2377483944994085,372,0,0.5596648746385463,-1.0836080759759328,-11.075495891782795,0.13344001470997757,-0.3412799110960815,-10.333167726902944
DABIGATRAN ETEXILATE,NAPROXEN,easy,0.40148153244019796,0.7382349550742802,63,0,0.09638922888616891,-0.25432610711220666,-10.24621392291907,0.03858672565828359,-0.10725057783568893,-10.099138393642551
CETIRIZINE,SODIUM CHLORIDE,easy,0.3300110995603862,0.3186522820464445,137,0,0.09370062026838989,-0.24780752547484067,-10.239695341281703,0.029705559508195718,-0.08326255558824826,-10.075150371395111
LURASIDONE,PROPRANOLOL,easy,1.65572518991953,1.9511692793488442,85,0,0.4592357909995357,-0.9399573946969416,-10.931845210503804,0.5655608019459506,-1.0916129170654265,-11.08350073287229
GLATIRAMER,PREDNISONE,easy,0.1488391833358375,0.687312628926396,57,1,0.08119373708361063,1.3678714389679418,-2.429355829393405,0.01202522792408369,1.5506757008044998,-2.246551567556847
FEXOFENADINE,FORMOTEROL,easy,0.24964158015148885,0.16948715238722878,56,0,0.028973322554567502,-0.08126687057344904,-10.073154686380311,0.00489389547529088,-0.014052139402495844,-10.005939955209358
BUPROPION,CARBIDOPA,easy,1.713431248898844,1.0768121312668408,72,0,0.267139386601037,-0.6175606394093982,-10.609448455216262,0.27582187552668613,-0.6337973606273913,-10.625685176434255
ETANERCEPT,PSEUDOEPHEDRINE,easy,0.04755602694621194,0.2534858768776199,309,0,0.16233254531126873,-0.4056276553950615,-10.397515471201924,0.007600730830487065,-0.021766051448394875,-10.013653867255258
ENOXAPARIN,METOPROLOL,easy,1.4072691300975575,1.7999073221293354,378,16,1.7291083396975193,2.887927382820911,2.0949995027927977,1.9662729266735461,2.7420616569369427,1.9491337769088297
FLUTICASONE,INSULIN LISPRO,easy,0.170907796311199,0.14232411181597227,249,0,0.08819715434952273,-0.23437170971204074,-10.226259525518904,0.012443973504552813,-0.03546618570031576,-10.02735400150718
GEMCITABINE,LEUPROLIDE,easy,1.2381450732297883,0.29096889825121564,55,0,0.1411326755574831,-0.3586948431770851,-10.350582658983948,0.041004822432548084,-0.11371335918046557,-10.105601174987328
DICLOFENAC,MONTELUKAST,easy,1.9156056318399564,0.4433887033753939,81,0,0.3215766269658485,-0.7164670441201224,-10.708354859926985,0.1429416315501008,-0.3627596757989268,-10.354647491605789
EPIRUBICIN,RITUXIMAB,easy,0.7017652106024378,0.16796801934731603,1225,0,1.7816454162020652,-2.1900746040566865,-12.181962419863549,0.31261227552258075,-0.7006390635553603,-10.692526879362223
METHYLPHENIDATE,METOCLOPRAMIDE,easy,1.00826405844647,1.6981496919460144,58,0,0.20511890389562273,-0.4959384641789802,-10.487826279985843,0.2058521249356699,-0.4974378776069745,-10.489325693413837
ASPIRIN,NIVOLUMAB,easy,1.4037989449123882,1.4525856692309949,88,0,0.33856649999743915,-0.7459971020356382,-10.737884917842502,0.37350561780481284,-0.8048888867355904,-10.796776702542454
CELECOXIB,METHYLPREDNISOLONE,easy,0.7217016592342094,1.3769744019482795,229,0,0.6535137063359219,-1.206035146582996,-11.197922962389859,0.4716980408080222,-0.9585799651273339,-10.950467780934197
AFLIBERCEPT,ASPIRIN,easy,0.032685975249732394,1.4037989449123882,79,0,0.2298398631746167,-0.5456518568485735,-10.537539672655436,0.007528147501576393,-0.02155974146926948,-10.013447557276132
GABAPENTIN,PANTOPRAZOLE,easy,1.6973240275835393,1.7685018115627529,933,1,4.768012600351915,-1.8122962956028617,-5.609523563964208,5.742546418611829,-2.0571721431299057,-5.8543994114912525
MYCOPHENOLIC ACID,PANTOPRAZOLE,easy,0.39641009418053685,1.7685018115627529,61,0,0.22357780881957173,-0.5332200681894244,-10.525107883996288,0.08874200643750961,-0.23570747198030487,-10.227595287787167
DOXYCYCLINE,HYDROCODONE,easy,0.9330989278467624,0.36538852979026465,84,0,0.16244274809160306,-0.4058676795045674,-10.39775549531143,0.0592360567910215,-0.16152928670688452,-10.153417102513748
BUPROPION,RIVAROXABAN,easy,1.713431248898844,0.5112275935756754,81,0,0.28763720068495074,-0.6556031575103792,-10.647490973317241,0.14702414787571672,-0.3718914617978607,-10.363779277604724
INTERFERON BETA 1B,RITONAVIR,easy,0.2730454782906909,1.552853002981992,90,0,0.2896451142440447,-0.6592763217520118,-10.651164137558874,0.07919545839097447,-0.21212219506395738,-10.204010010870821
LACOSAMIDE,PREDNISONE,easy,1.8084382700308597,0.687312628926396,176,0,0.6596441393458792,-1.213682152623261,-11.205569968430124,0.45348774686791715,-0.9312863039060687,-10.92317411971293
ANASTROZOLE,METHOTREXATE,easy,0.6175263215887037,0.24755311801321087,81,1,0.10366540391112931,1.3131414730002673,-2.4840857953610795,0.025469180288147035,1.5132844455968153,-2.2839428227645318
EVEROLIMUS,METHOTREXATE,easy,0.6932762508376293,0.24755311801321087,146,0,0.20977442065723845,-0.5054324876040359,-10.497320303410898,0.05148304762768392,-0.1413884437318909,-10.133276259538754
INFLIXIMAB,MOXIFLOXACIN,easy,0.2281513595789778,1.5859630144572765,229,0,0.7526999530442948,-1.3250409014177966,-11.316928717224659,0.1718162880734108,-0.426138679008764,-10.418026494815626
DICLOFENAC,DOXYCYCLINE,easy,1.9156056318399564,0.9330989278467624,132,0,0.5240507994999012,-1.0342872840574195,-11.026175099864282,0.4880721621863191,-0.9826883155729677,-10.97457613137983
PREDNISONE,SUMATRIPTAN,easy,0.687312628926396,0.24090309418062614,102,0,0.14529405583382954,-0.3680286411812336,-10.359916456988095,0.03491619797417381,-0.09738479618348653,-10.08927261199035
IBUPROFEN,ISOTRETINOIN,easy,1.613575934691527,0.5489688708500648,67,0,0.22405650758953696,-0.5341741991586236,-10.526062014965486,0.12331414019008018,-0.3180313464844291,-10.309919162291292
HYDROCORTISONE,MONTELUKAST,easy,1.7706437401827775,0.4433887033753939,165,0,0.6054921040695996,-1.144688720802883,-11.136576536609747,0.26868394209904184,-0.6204624358165154,-10.612350251623377
ASPIRIN,CERTOLIZUMAB PEGOL,easy,1.4037989449123882,0.0830204712465506,111,0,0.32293955458711965,-0.7188583728191584,-10.710746188626022,0.026796877738671492,-0.07531870005352717,-10.06720651586039
IPILIMUMAB,PREDNISONE,easy,1.505343456959052,0.687312628926396,273,1,0.8517097085695892,0.15017714715914773,-3.6470501212021995,0.5853907333658981,0.4667480040317037,-3.330479264329643
DEXAMETHASONE,EPINEPHRINE,easy,0.7259250103640954,1.3398485061250733,405,0,1.1246155160628843,-1.7000983281709714,-11.691986143977834,0.8183824530721256,-1.3987689463031487,-11.390656762110012
ASPIRIN,VINCRISTINE,easy,1.4037989449123882,0.44559148212939004,160,0,0.4654984570625148,-0.949345858757712,-10.941233674564575,0.20765707109721102,-0.5011223082409416,-10.493010124047805
DOXORUBICIN,SODIUM CHLORIDE,easy,0.46115871799345265,0.3186522820464445,661,0,0.6317499761062793,-1.1785552761273006,-11.170443091934164,0.2007912602707359,-0.4870566879816739,-10.478944503788536
DARATUMUMAB,METHYLPREDNISOLONE,easy,0.25323643200763607,1.3769744019482795,211,0,0.6021458167549324,-1.1403151088386674,-11.13220292464553,0.15254041877220983,-0.3841391710192954,-10.376026986826158
DENOSUMAB,TRASTUZUMAB,easy,0.2014242475963959,0.2391072036058819,960,0,0.47572639125192023,-0.9645485556430344,-10.956436371449897,0.09647782579495878,-0.25454041149873924,-10.246428227305602
APIXABAN,SECUKINUMAB,easy,0.29775760877570834,0.0424690401849379,62,0,0.03826025930340192,-0.10637581770316851,-10.098263633510031,0.0016029792671026068,-0.004617822154323794,-9.996505637961187
CELECOXIB,DOCETAXEL,easy,0.7217016592342094,0.7224371015655817,77,0,0.11528800346470333,-0.29933376907898673,-10.29122158488585,0.08308962770403035,-0.22178956470606148,-10.213677380512925
RIVAROXABAN,TACROLIMUS,easy,0.5112275935756754,0.8883454192721698,125,0,0.23013635579080605,-0.5462378231504358,-10.538125638957299,0.1172087313038011,-0.30383037615867264,-10.295718191965536
DULOXETINE,INSULIN GLARGINE,easy,1.8648810916774137,0.3262384726407933,121,9,0.4676596145817903,3.295355956197706,2.202289717728031,0.15261445495587206,3.8636246658564275,2.7705584273867525
DIANEAL LOW,WARFARIN,easy,0.07019353602510177,1.4690751930517714,94,0,0.28619710102702306,-0.6529629491829017,-10.644850764989764,0.020107322120053894,-0.05688125358690198,-10.048769069393765
LANSOPRAZOLE,VALSARTAN,easy,1.5788646382413933,1.1262743399204835,276,2,0.9753538794476736,0.7608670530297829,-1.827773325377494,1.0183338846649834,0.7194390177151379,-1.8692013606921392
CARBOPLATIN,OLAPARIB,easy,0.729515412990319,0.2418234684691773,670,1,1.012984094229178,-0.012434320080482616,-3.8096615884418292,0.24786935807717655,1.0041043213716516,-2.7931229469896954
ESOMEPRAZOLE,RANITIDINE,easy,1.5133417257394122,0.07196295098397958,626,3,1.96338148528623,0.506714857634116,-1.5437284982078017,0.1398763196999629,2.4514899402680586,0.401046584426141
LEVOTHYROXINE,SODIUM CHLORIDE,easy,1.2167115580314125,0.3186522820464445,245,0,0.6177988128952167,-1.16066054796887,-11.152548363775733,0.19636112569266492,-0.4779075720077154,-10.469795387814578
CISPLATIN,DEXTROSE,easy,0.4576706606206084,0.16459992484171662,56,0,0.053117111604069456,-0.14565688004382973,-10.137544695850693,0.008679035994111507,-0.024827543267267663,-10.01671535907413
LIDOCAINE,TRIAMCINOLONE ACETONIDE,easy,0.806249336212324,0.1654983250339734,431,3,0.7201782343658136,1.5202630209461718,-0.5301803348957457,0.12092174711446323,2.494871555525797,0.44442819968387964
FILGRASTIM,LENALIDOMIDE,easy,0.6992528527286156,0.1509802183237506,343,0,0.49707476786001825,-0.9957735974757618,-10.987661413282625,0.07489257895532368,-0.20136431284534817,-10.193252128652212
BUPROPION,EMTRICITABINE,easy,1.713431248898844,1.5084069223569223,55,0,0.2532610859138598,-0.5912219055580089,-10.583109721364872,0.29548836291350794,-0.6699127308420944,-10.661800546648957
HYDROCODONE,TREPROSTINIL,easy,0.36538852979026465,0.03184886908492076,67,0,0.05073679901760131,-0.13943491452115506,-10.131322730328018,0.001599570754430262,-0.004608018661840546,-9.996495834468703
AMOXICILLIN,ETANERCEPT,easy,1.9074944534559102,0.04755602694621194,264,0,1.0436636609958692,-1.6263584472486023,-11.618246263055465,0.048721407094738864,-0.1341457654237577,-10.12603358123062
LEVODOPA,POTASSIUM CHLORIDE,easy,1.1638365540751652,1.9381770244265069,106,1,0.46177959009326586,0.641184284474603,-3.1560429838867443,0.49509446871945323,0.5920571020290317,-3.2051701663323153
AMOXICILLIN,LEVODOPA,easy,1.9074944534559102,1.1638365540751652,86,0,0.3691826724665008,-0.7977313191672397,-10.789619134974103,0.3965242173878612,-0.8424144595765948,-10.834302275383457
GABAPENTIN,SODIUM CHLORIDE,easy,1.6973240275835393,0.3186522820464445,151,0,0.5311718584445857,-1.044284796977025,-11.036172612783888,0.169117989659198,-0.4203325376342021,-10.412220353441064
BUDESONIDE,VANCOMYCIN,easy,0.26886302654389993,1.1977717372568502,173,1,0.4294508986197994,0.6905119436846546,-3.1067153246766925,0.11549536434763037,1.2851426046304995,-2.5120846637308474
APREMILAST,CERTOLIZUMAB PEGOL,easy,0.014453450155735934,0.0830204712465506,766,0,0.13179754337332122,-0.33753423255827,-10.329422048365133,0.0019037476008183284,-0.0054826235251236215,-9.997370439331986
PREDNISOLONE,TRIAMCINOLONE ACETONIDE,easy,1.113408648178296,0.1654983250339734,351,1,0.8099441225165562,0.19545722780392066,-3.6017700405574264,0.13414248681017038,1.2420835566345663,-2.555143711726781
BORTEZOMIB,MYCOPHENOLATE MOFETIL,easy,0.4052305223209832,0.6428222670492816,516,0,0.6874386805605759,-1.2478530144664868,-11.23974083027335,0.27921007275747495,-0.6400842322034915,-10.631972048010354
MEPOLIZUMAB,MOXIFLOXACIN,easy,0.10088965220195956,1.5859630144572765,149,0,0.48974800438253246,-0.9851331584815975,-10.977020974288461,0.049566127792405795,-0.13636499228931515,-10.128252808096178
BUPRENORPHINE,TOPIRAMATE,easy,1.1959665297843045,1.7005847848561901,97,0,0.3812674094496706,-0.8176517582531211,-10.809539574059984,0.4094556679710724,-0.8630752195621435,-10.854963035369007
IBUPROFEN,USTEKINUMAB,easy,1.613575934691527,0.10682222467542636,205,0,0.6855460306844041,-1.2455516788054966,-11.237439494612358,0.07331221584144627,-0.19739292467962707,-10.18928074048649
ENZALUTAMIDE,RELUGOLIX,easy,0.23284154369142498,0.0786007520483078,473,0,0.22825219473264166,-0.5425100493328815,-10.534397865139745,0.01827364544486542,-0.051785938710433355,-10.043673754517297
ESOMEPRAZOLE,ETANERCEPT,easy,1.5133417257394122,0.04755602694621194,250,0,0.7840980372548841,-1.3607553523528297,-11.352643168159693,0.0365145808003226,-0.1016892845985787,-10.093577100405442
ESOMEPRAZOLE,METHOTREXATE,easy,1.5133417257394122,0.24755311801321087,827,0,2.593796307239157,-2.6293782141723154,-12.621266029979179,0.6407119505662887,-1.1899345322452555,-11.181822348052117
ETANERCEPT,TRIAMCINOLONE ACETONIDE,easy,0.04755602694621194,0.1654983250339734,166,0,0.056937060538501116,-0.15558620291209177,-10.147474018718954,0.0026549536711953877,-0.007640310224884761,-9.999528126031748
ALENDRONATE,CYCLOPHOSPHAMIDE,easy,0.8184057502004282,0.3489363419813354,75,0,0.12721059589434036,-0.3270218371982429,-10.318909653005106,0.04418773906247541,-0.12217635711913329,-10.114064172925996
METHYLPREDNISOLONE,METOCLOPRAMIDE,easy,1.3769744019482795,1.6981496919460144,313,1,1.3461137548536024,-0.2995289517786986,-4.096756220140046,1.5093655730831996,-0.42177756334716304,-4.21900483170851
DULOXETINE,TIRZEPATIDE,easy,1.8648810916774137,0.15092991683754123,58,0,0.2241674185598664,-0.5343951742499726,-10.526282990056835,0.03378542841200585,-0.09433182759387566,-10.086219643400739
ENOXAPARIN,VALACYCLOVIR,easy,1.4072691300975575,0.6969455901894963,239,0,0.6970571936885701,-1.2594920838433705,-11.251379899650233,0.4847143700764306,-0.9777772168565114,-10.969665032663375
FILGRASTIM,TRASTUZUMAB,easy,0.6992528527286156,0.2391072036058819,309,0,0.4478020503461972,-0.9226576870169892,-10.914545502823852,0.10827888478888012,-0.28280482985667904,-10.274692645663542
LENALIDOMIDE,PREDNISOLONE,easy,0.1509802183237506,1.113408648178296,797,2,1.8391038907284767,0.09597215482582988,-2.492668223581447,0.27496333902511116,1.6897281269461555,-0.8989122514611214
IRINOTECAN,OLAPARIB,easy,0.4166981090400384,0.2418234684691773,108,0,0.0932692826685378,-0.24675899232819906,-10.238646808135062,0.022614486705287033,-0.0638190213668294,-10.055706837173693
ACETAMINOPHEN,FILGRASTIM,easy,1.4241685104647568,0.6992528527286156,334,4,0.9858281093751681,1.5986577766127748,-0.13809971045631697,0.6896406919171856,1.919399100399422,0.18264161333032994
LANSOPRAZOLE,LEVOTHYROXINE,easy,1.5788646382413933,1.2167115580314125,1091,1,4.059961745048321,-1.604059220497681,-5.401286488859028,4.302678442308491,-1.6788767171365315,-5.476103985497879
NAPROXEN,RANIBIZUMAB,easy,0.7382349550742802,0.03839655963367282,57,0,0.0872093023255814,-0.23194672804969682,-10.22383454385656,0.0033428195713898438,-0.00961323880198457,-10.001501054608847
LISDEXAMFETAMINE DIMESYLATE,SODIUM OXYBATE,easy,0.7838413939326634,0.33925388822170116,228,1,0.3703875609190067,0.7852326570449643,-3.011994611316383,0.12625378719259225,1.2601431727538446,-2.5370840956075025
MELPHALAN,METHYLPREDNISOLONE,easy,0.535552365503269,1.3769744019482795,521,0,1.486815026205307,-1.9904575629759225,-11.982345378782785,0.7926169077302623,-1.370294767639112,-11.362182583445975
FLUTICASONE,SUMATRIPTAN,easy,0.170907796311199,0.24090309418062614,107,0,0.05342192180659036,-0.14645169733528404,-10.138339513142146,0.009082590088669228,-0.025971633408888303,-10.01785944921575
METOPROLOL,RITONAVIR,easy,1.7999073221293354,1.552853002981992,89,0,0.43397133701924223,-0.901450180342305,-10.893337996149167,0.5168826176992828,-1.0241531534954071,-11.01604096930227
INSULIN HUMAN,PANTOPRAZOLE,easy,0.513070979055687,1.7685018115627529,149,0,0.5461162871166588,-1.0650432316246532,-11.056931047431515,0.2803807713249803,-0.6422501353201315,-10.634137951126995
SOFOSBUVIR,TELAPREVIR,easy,0.7777898722683058,0.9023229591707214,74,0,0.1383843821721021,-0.35249726212641946,-10.344385077933282,0.10760289096771207,-0.2812006392957203,-10.273088455102583
BUPRENORPHINE,NAPROXEN,easy,1.1959665297843045,0.7382349550742802,89,0,0.22059841303053226,-0.5272673796423947,-10.519155195449258,0.1628736026529651,-0.4068057072600846,-10.398693523066948
ASPIRIN,PSEUDOEPHEDRINE,easy,1.4037989449123882,0.2534858768776199,423,3,1.2306615458590235,1.016031308186733,-1.0344120476551846,0.3111608903078667,2.1092949217031713,0.058851565861254
IMATINIB,WARFARIN,easy,0.6890161678876885,1.4690751930517714,64,0,0.19485760069924976,-0.4747892573168706,-10.466677073123734,0.13435946953434652,-0.3433725024947816,-10.335260318301644
DESVENLAFAXINE,GABAPENTIN,easy,0.4893377939521678,1.6973240275835393,174,0,0.6120788302606485,-1.1532590578412591,-11.145146873648121,0.2990727534419427,-0.67639876777971,-10.668286583586573
ANASTROZOLE,BEVACIZUMAB,easy,0.6175263215887037,0.4653070517151916,101,0,0.12926179993856865,-0.3317322702187814,-10.323620086025644,0.06010998682967815,-0.16378205705654536,-10.155669872863408
HYDROCODONE,LOPERAMIDE,easy,0.36538852979026465,0.7971200351397586,97,0,0.16024659521315174,-0.40107686177495433,-10.392964677581817,0.05840586577875,-0.15938600154105162,-10.151273817347914
MORPHINE,NORETHINDRONE,easy,1.291544779201578,0.08122614330899773,58,0,0.15524971559858133,-0.3901167274860857,-10.382004543292949,0.012624665855410794,-0.035974803272251506,-10.027862619079114
CETIRIZINE,LETROZOLE,easy,0.3300110995603862,0.44423660650716645,87,0,0.08009897286877464,-0.21437096998302044,-10.206258785789883,0.026425421240137238,-0.07430106404054011,-10.066188879847402
DICLOFENAC,UPADACITINIB,easy,1.9156056318399564,0.4024220840629575,59,0,0.2342348270491983,-0.554313452701166,-10.546201268508028,0.09451506828031497,-0.2497852813708535,-10.241673097177717
SODIUM LACTATE,WARFARIN,easy,0.06006426414397058,1.4690751930517714,140,0,0.4262510015296089,-0.889475102478228,-10.881362918285092,0.025540693191839988,-0.07187438308334454,-10.063762198890208
BUPRENORPHINE,CELECOXIB,easy,1.1959665297843045,0.7217016592342094,66,0,0.16358983438219246,-0.4083636907452742,-10.400251506552136,0.11811938617789126,-0.30595741834318135,-10.297845234150044
DASATINIB,DOXORUBICIN,easy,0.36787089566800807,0.46115871799345265,441,0,0.42148523368058877,-0.8820329527196049,-10.873920768526467,0.1558007381975506,-0.3913294308041878,-10.38321724661105
METOPROLOL,TACROLIMUS,easy,1.7999073221293354,0.8883454192721698,258,0,0.9624168126094571,-1.5483545614829515,-11.540242377289815,0.8554511618951629,-1.438773132533072,-11.430660948339934
IBRUTINIB,VINCRISTINE,easy,0.29585643208158724,0.44559148212939004,1548,2,1.4295560510845327,0.3736591419917792,-2.2149812364154977,0.4304827509838348,1.4258767834996866,-1.16276359490759
INSULIN GLARGINE,VALSARTAN,easy,0.3262384726407933,1.1262743399204835,342,1,0.79829543754227,0.20834378319470404,-3.588883485166643,0.2598806263537013,0.9811177998079198,-2.816109468553427
DESVENLAFAXINE,TOPIRAMATE,easy,0.4893377939521678,1.7005847848561901,127,1,0.4476054456243809,0.6626041062402576,-3.1346231621210894,0.21879147431855914,1.0613172986572696,-2.7359099697040774
CARFILZOMIB,CISPLATIN,easy,0.15199912544241242,0.4576706606206084,490,0,0.4647747265356077,-0.9482640196689158,-10.940151835475778,0.07169559923157101,-0.19331908992475383,-10.185206905731617
CLAVULANATE,TAMSULOSIN,easy,1.5019938068512264,1.8019326367078718,55,0,0.2626180972629736,-0.6090326723709435,-10.600920488177806,0.3077461889609459,-0.6919739438188576,-10.68386175962572
ACETAMINOPHEN,RANITIDINE,easy,1.4241685104647568,0.07196295098397958,1222,1,3.6068321846001656,-1.4530634956847837,-5.250290764046131,0.2574836308048005,0.9856758832762681,-2.811551385085079
METOCLOPRAMIDE,OXYCODONE,easy,1.6981496919460144,0.8173775172444036,489,4,1.7209893440218984,1.0187225303780594,-0.7180349566910327,1.4075191501032494,1.238227460702135,-0.4985300263669567
FORMOTEROL,LEFLUNOMIDE,easy,0.16948715238722878,0.8103629619793417,59,0,0.0990888860897678,-0.2608419749169614,-10.252729790723825,0.016750088370277152,-0.04753863548101837,-10.03942645128788
LIDOCAINE,METOPROLOL,easy,0.806249336212324,1.7999073221293354,324,0,1.2086164623467601,-1.7728285877869243,-11.764716403593788,0.96993031429047,-1.55574776212927,-11.547635577936132
HYDROXYCHLOROQUINE,MYCOPHENOLIC ACID,easy,0.5766988598320626,0.39641009418053685,539,0,0.6442155587583929,-1.194358867025945,-11.186246682832808,0.25948515450250603,-0.6030936700573307,-10.594981485864194
ALENDRONATE,ERENUMAB AOOE,easy,0.8184057502004282,0.029345613962123148,97,0,0.16452570402334687,-0.41039690950470126,-10.402284725311564,0.004826275532483812,-0.013858907734752976,-10.005746723541616
ESOMEPRAZOLE,SACUBITRIL,easy,1.5133417257394122,0.6648943373750962,123,0,0.385776234329403,-0.8250141948679618,-10.816902010674825,0.2567859622841317,-0.5979572333104306,-10.589845049117294
SODIUM CHLORIDE,TIMOLOL,easy,0.3186522820464445,0.0,73,0,0.04820956853536836,-0.13279941452049043,-10.124687230327353,0.0,0.0,-9.991887815806862
LEVODOPA,POLYETHYLENE GLYCOL 3350,easy,1.1638365540751652,0.39707207723693405,102,1,0.2460285554964792,1.007659742494345,-2.789567525867002,0.09767232313826148,1.3275358592624014,-2.4696914090989455
GOLIMUMAB,UPADACITINIB,easy,0.10322496803092393,0.4024220840629575,203,0,0.1693055501257542,-0.4207368828189591,-10.412624698625821,0.017440791350295096,-0.04946569543038981,-10.041353511237253
AZACITIDINE,DEXAMETHASONE,easy,0.619628059889521,0.7259250103640954,189,3,0.28434586372764853,2.157793054116246,0.10734969827432803,0.17619170599619127,2.3718506963533508,0.32140734051143327
ADALIMUMAB,FLUTICASONE,easy,0.15095611229683062,0.170907796311199,129,0,0.045692501650957555,-0.12616012491756384,-10.118047940724427,0.006650674184105237,-0.01906328484358923,-10.010951100650452
ALEMTUZUMAB,PEGFILGRASTIM,easy,0.22343615032949732,0.08174724126126075,61,0,0.028247279462838618,-0.07928533723863096,-10.071173153045494,0.0023036457393707573,-0.006631651297022815,-9.998519467103886
RITUXIMAB,RUXOLITINIB,easy,0.16796801934731603,0.10781362520466525,529,0,0.18415165430354408,-0.45238806452267727,-10.44427588032954,0.01976011872141776,-0.05591784494396747,-10.04780566075083
AZATHIOPRINE,EVEROLIMUS,easy,1.2566055883323952,0.6932762508376293,216,0,0.5625305192338994,-1.0875042806056832,-11.079392096412546,0.3902046956177751,-0.8322090157956658,-10.824096831602528
HYDROXYCHLOROQUINE,RUXOLITINIB,easy,0.5766988598320626,0.10781362520466525,70,0,0.08366435828031075,-0.22321087721798935,-10.215098693024853,0.008985507275863142,-0.025696483066041966,-10.017584298872904
METHYLPREDNISOLONE,RANITIDINE,easy,1.3769744019482795,0.07196295098397958,610,0,1.7408007024668661,-2.164014340794472,-12.155902156601336,0.12415078043667671,-0.31996649816009987,-10.311854313966963
ALBUTEROL,METOPROLOL,easy,0.3205170454188135,1.7999073221293354,542,1,2.0218213660245183,-0.7495035848268232,-4.54673085318817,0.6494585815225473,0.384008018404578,-3.413219249956769
GEMCITABINE,SUNITINIB MALATE,easy,1.2381450732297883,0.5869490113785872,153,1,0.392605442914453,0.7488679917503794,-3.0483592766109675,0.23049972123590765,1.0380068731227297,-2.7592203952386174
IBUPROFEN,PANTOPRAZOLE,easy,1.613575934691527,1.7685018115627529,1042,17,5.144190017924772,1.6325164582615403,0.8656596088533572,6.107694969015236,1.405135927773304,0.6382790783651209
HYDROCORTISONE,PEMBROLIZUMAB,easy,1.7706437401827775,1.280594158798573,62,0,0.2635730929956154,-0.6108381706547327,-10.602725986461595,0.29148495996816304,-0.662633841216721,-10.654521657023583
CLAVULANATE,NIVOLUMAB,easy,1.5019938068512264,1.4525856692309949,66,0,0.26735642245505875,-0.6179687429057158,-10.609856558712579,0.2985756162528432,-0.675500926434758,-10.66738874224162
INTERFERON BETA 1A,NATALIZUMAB,easy,0.1776297037003428,0.06921998522906653,1832,0,0.6744261671462668,-1.2319560180413678,-11.22384383384823,0.04682208431305869,-0.12914341485533845,-10.1210312306622
BUDESONIDE,METHYLPHENIDATE,easy,0.26886302654389993,1.00826405844647,62,0,0.12955653587183655,-0.33240784677335034,-10.324295662580212,0.03475643210054442,-0.09695383547864694,-10.08884165128551
DENOSUMAB,ENZALUTAMIDE,easy,0.2014242475963959,0.23284154369142498,616,0,0.29725867220995195,-0.6731197906428481,-10.665007606449711,0.05999067869337226,-0.16347471814936468,-10.155362533956227
ETANERCEPT,PREDNISOLONE,easy,0.04755602694621194,1.113408648178296,1393,0,3.2143936258278143,-2.8931267102487186,-12.885014526055581,0.15099536146181838,-0.3807191689031293,-10.372606984709993
DOXORUBICIN,METOCLOPRAMIDE,easy,0.46115871799345265,1.6981496919460144,285,0,1.0030305992765667,-1.5878743804952553,-11.579762196302118,0.46356237350741486,-0.9464499634730458,-10.938337779279909
DURVALUMAB,OSIMERTINIB,easy,0.7321498465850727,0.5453503029766924,65,0,0.09862946647087617,-0.25973519979415954,-10.251623015601023,0.05383035136438115,-0.14751602447839207,-10.139403840285254
ETANERCEPT,GABAPENTIN,easy,0.04755602694621194,1.6973240275835393,492,0,1.7307056579783853,-2.157500162264384,-12.149387978071246,0.08086436142737417,-0.21627322202699728,-10.208161037833861
HUMAN IMMUNOGLOBULIN G,TACROLIMUS,easy,0.1782055276270678,0.8883454192721698,1153,0,2.1227777458143953,-2.3910955588050573,-12.38298337461192,0.3800978041719857,-0.8157357626732422,-10.807623578480104
DEXTROAMPHETAMINE SACCHARATE,DULOXETINE,easy,1.2708169437825525,1.8648810916774137,86,0,0.38065509831399413,-0.8166490146357462,-10.808536830442609,0.4219851093487119,-0.8828153555045097,-10.874703171311372
CARBOPLATIN,OXYCODONE,easy,0.729515412990319,0.8173775172444036,211,0,0.35743616731136374,-0.7781011775279255,-10.769988993334788,0.25992574835188825,-0.6039303661454948,-10.595818181952357
NINTEDANIB,SELEXIPAG,easy,0.10235326851049309,0.07665383922419236,57,0,0.01209121442460668,-0.03447271314539745,-10.02636052895226,0.0009275266304533003,-0.0026737968883268496,-9.99456161269519
DOXYCYCLINE,FLUTICASONE,easy,0.9330989278467624,0.170907796311199,142,0,0.2746055979643766,-0.6315338326682371,-10.6234216484751,0.0468878844591304,-0.1293170066616719,-10.121204822468535
LOPERAMIDE,TREPROSTINIL,easy,0.7971200351397586,0.03184886908492076,266,0,0.43943911677008624,-0.9098715715157686,-10.901759387322631,0.014068824231162335,-0.04003342743061441,-10.031921243237477
ATEZOLIZUMAB,PERTUZUMAB,easy,1.1820240439651915,0.26765487591243825,304,0,0.744720391958101,-1.3158216985666478,-11.30770951437351,0.20008890124934348,-0.48561004038136646,-10.47749785618823
ETOPOSIDE,RUXOLITINIB,easy,0.6191935721090637,0.10781362520466525,284,0,0.3644501478896383,-0.7898546723738559,-10.781742488180718,0.03929815754892457,-0.10915501016531978,-10.101042825972183
ENOXAPARIN,GABAPENTIN,easy,1.4072691300975575,1.6973240275835393,193,0,0.8418191763710048,-1.4241902669705173,-11.41607808277738,0.9540666919547705,-1.5400934411597524,-11.531981256966615
IPILIMUMAB,PEMETREXED,easy,1.505343456959052,0.787840445784882,839,1,2.6175254413548914,-1.0554388328596171,-4.852666101220964,2.043140981784483,-0.7616489408914282,-4.558876209252775
METHOTREXATE,METOPROLOL,easy,0.24755311801321087,1.7999073221293354,494,1,1.8427670753064798,-0.6432510236870245,-4.440478292048372,0.4556011432802603,0.6504820157743244,-3.146745252587022
LEUCOVORIN,TENOFOVIR DISOPROXIL,easy,0.13805732950974237,1.6607132304586378,68,0,0.2340436754931955,-0.5539378108825547,-10.545825626689417,0.03236408835059336,-0.09048515985995015,-10.082372975666813
ALBUTEROL,POLYETHYLENE GLYCOL 3350,easy,0.3205170454188135,0.39707207723693405,158,0,0.13002288145799046,-0.33347613113235086,-10.325363946939214,0.04153144820889233,-0.11511702661679118,-10.107004842423654
ABATACEPT,UPADACITINIB,easy,0.04578015674894162,0.4024220840629575,306,0,0.25520935142108764,-0.5949485341732232,-10.586836349980086,0.011642253632346947,-0.033207318254477904,-10.02509513406134
TACROLIMUS,VENETOCLAX,easy,0.8883454192721698,0.2606119237866196,85,0,0.15649272193774813,-0.3928509221980185,-10.38473873800488,0.04069149913581087,-0.11287757935940715,-10.10476539516627
EPINEPHRINE,HYDROCORTISONE,easy,1.3398485061250733,1.7706437401827775,458,2,2.0032843139660255,-0.001894061522291591,-2.5905344399295682,2.2071690578650127,-0.11485688920330231,-2.703497267610579
FORMOTEROL,VARENICLINE,easy,0.16948715238722878,0.16791629425022722,107,0,0.037584944406165985,-0.10456463970491932,-10.096452455511782,0.006275609809193913,-0.017994888165610012,-10.009882703972472
AFLIBERCEPT,LEUCOVORIN,easy,0.032685975249732394,0.13805732950974237,1397,0,0.39971387696709587,-0.8475381799880044,-10.839425995794867,0.014046887086013609,-0.03997186118826697,-10.03185967699513
TIOTROPIUM,UMECLIDINIUM,easy,0.1639557165910122,0.021186895874091047,652,0,0.22154783525689847,-0.5291669469535462,-10.521054762760409,0.0047512249362918705,-0.013644411823164043,-10.005532227630027
BUPROPION,IBUPROFEN,easy,1.713431248898844,1.613575934691527,751,1,3.6218546081368097,-1.4583311162813468,-5.255558384642693,4.279603714481092,-1.671928506009265,-5.469155774370612
TENOFOVIR DISOPROXIL,VALACYCLOVIR,easy,1.6607132304586378,0.6969455901894963,128,0,0.44055280092836796,-0.9115808414175032,-10.903468657224366,0.30665391520242224,-0.6900217410518958,-10.68190955685876
CELECOXIB,CYTARABINE,easy,0.7217016592342094,0.48866075196298014,152,0,0.22734983492329863,-0.5407213321391985,-10.532609147946062,0.11105974756345106,-0.28938535438625507,-10.281273170193117
PANTOPRAZOLE,POTASSIUM CHLORIDE,easy,1.7685018115627529,1.9381770244265069,959,15,5.379583907818736,1.3984822497754166,0.576759024493473,6.522575155254851,1.1421961513010208,0.32047292601907723
ETHINYL ESTRADIOL,PANTOPRAZOLE,easy,0.09363419179573759,1.7685018115627529,83,0,0.3042124283938435,-0.685648537002732,-10.677536352809595,0.028482745857248772,-0.07992827573189618,-10.071816091538759
DEXTROMETHORPHAN,IBUPROFEN,easy,1.1117394603933426,1.613575934691527,451,2,1.612643576152204,0.24287870399475586,-2.345761674412521,1.6674936536401337,0.20590032560417873,-2.382740052803098
ACETAMINOPHEN,GLATIRAMER,easy,1.4241685104647568,0.1488391833358375,57,0,0.16824012645025324,-0.4184385212675009,-10.410326337074364,0.02519245406745009,-0.07091809293963634,-10.0628059087465
GEMCITABINE,SORAFENIB,easy,1.2381450732297883,0.8677833277575314,229,1,0.5876251400484297,0.4637810965040131,-3.333446171857334,0.5091879458168274,0.5717676213733229,-3.2254596469880243
METOPROLOL,TRASTUZUMAB,easy,1.7999073221293354,0.2391072036058819,68,0,0.2536602451838879,-0.5919861990894346,-10.583874014896297,0.060728121226379085,-0.16537332971710805,-10.157261145523972
AZATHIOPRINE,CYTARABINE,easy,1.2566055883323952,0.48866075196298014,73,2,0.19011448103738268,1.8570204836446451,-0.7316198947626318,0.09289964639613425,2.0760682534664654,-0.5125721249408114
BUPROPION,LAMIVUDINE,easy,1.713431248898844,1.4168577519364294,542,0,2.392936438860871,-2.53253462594723,-12.524422441754092,2.7027748335244386,-2.679322375079086,-12.67121019088595
BUDESONIDE,DUPILUMAB,easy,0.26886302654389993,0.03409434246066283,287,0,0.159921307299544,-0.40036590483011864,-10.392253720636981,0.005324892455543672,-0.015283154408757606,-10.00717097021562
HUMAN IMMUNOGLOBULIN G,RIBAVIRIN,easy,0.1782055276270678,0.9461939007856713,63,0,0.12354183427192277,-0.31855826079224636,-10.31044607659911,0.021944247081233624,-0.061967614675650005,-10.053855430482512
ACETAMINOPHEN,VANCOMYCIN,easy,1.4241685104647568,1.1977717372568502,1059,2,3.559788226541853,-0.6994763782161035,-3.2881167566233804,3.7298417508873505,-0.7586755945853499,-3.3473159729926265
ESOMEPRAZOLE,RITONAVIR,easy,1.5133417257394122,1.552853002981992,90,0,0.3853959177730967,-0.8243946268406163,-10.816282442647479,0.4401490033928101,-0.9109613314987212,-10.902849147305584
FLUTICASONE,TOCILIZUMAB,easy,0.170907796311199,0.2305753522308547,90,0,0.043007949954385505,-0.11904522519716904,-10.110933041004031,0.007273724288214913,-0.020836338948840908,-10.012724154755704
CLAVULANATE,DOXORUBICIN,easy,1.5019938068512264,0.46115871799345265,66,3,0.2054496609952667,2.310739877316689,0.2602965214747714,0.09470306675734473,2.5571135015399045,0.506670145697987
CELECOXIB,CERTOLIZUMAB PEGOL,easy,0.7217016592342094,0.0830204712465506,723,0,1.0814074384838481,-1.6612091157994626,-11.653096931606326,0.0905062637684791,-0.24002426813861588,-10.23191208394548
HYDROCODONE,HYDROXYCHLOROQUINE,easy,0.36538852979026465,0.5766988598320626,98,0,0.11713010159243506,-0.3036465713689594,-10.295534387175822,0.04258488102230113,-0.11792075299404545,-10.109808568800908
CELECOXIB,LEUCOVORIN,easy,0.7217016592342094,0.13805732950974237,123,0,0.18397387957609035,-0.4520131358881549,-10.443900951695017,0.025397468283663585,-0.0714811537314921,-10.063368969538354
APIXABAN,ETANERCEPT,easy,0.29775760877570834,0.04755602694621194,91,0,0.05615618704208992,-0.15356200142116413,-10.145449817228027,0.002582935174870314,-0.007433591539027262,-9.99932140734589
EVEROLIMUS,NIVOLUMAB,easy,0.6932762508376293,1.4525856692309949,166,0,0.499738944000711,-0.9996233266358713,-10.991511142442734,0.3466598372642476,-0.7598543591289546,-10.751742174935817
INSULIN HUMAN,SEMAGLUTIDE,easy,0.513070979055687,0.5133779537157089,139,1,0.14789223299783535,1.2111367328833709,-2.586090535477976,0.07582891518488494,1.381250360117304,-2.4159769082440428
BUPROPION,DOXYCYCLINE,easy,1.713431248898844,0.9330989278467624,92,1,0.3266990427532774,0.8595283793322336,-2.9376988890291136,0.30462417908963063,0.8985755037690403,-2.8986517645923064
HEPARIN,POTASSIUM CHLORIDE,easy,0.773848026948925,1.9381770244265069,232,2,0.9319117282420035,0.8039855360510606,-1.7846548423562163,0.7185720503938737,1.0367365392115413,-1.5519038391957356
PSEUDOEPHEDRINE,SULFASALAZINE,easy,0.2534858768776199,0.29206718806252,242,0,0.14648443722323107,-0.37068754566462236,-10.362575361471485,0.03751468171040783,-0.10437606621756675,-10.096263882024429
LANSOPRAZOLE,NORETHINDRONE,easy,1.5788646382413933,0.08122614330899773,80,0,0.2617750411038396,-0.6074369251409621,-10.599324740947825,0.0212767695050917,-0.06012147334011527,-10.052009289146978
DABIGATRAN ETEXILATE,IBUPROFEN,easy,0.40148153244019796,1.613575934691527,95,0,0.31769206300008973,-0.7096295418926227,-10.701517357699485,0.1278127526171509,-0.32840623946538655,-10.32029405527225
CYCLOPHOSPHAMIDE,LEFLUNOMIDE,easy,0.3489363419813354,0.8103629619793417,345,0,0.5794180627283033,-1.1102537343451033,-11.102141550151966,0.20202269941438566,-0.4895895849346565,-10.48147740074152
GEMCITABINE,ONDANSETRON,easy,1.2381450732297883,1.3281320303786115,383,0,1.2432564607132666,-1.8017848284319495,-11.793672644238812,1.2988965486801423,-1.8471122221660694,-11.839000037972932
ESOMEPRAZOLE,SODIUM CHLORIDE,easy,1.5133417257394122,0.3186522820464445,198,0,0.6210056455058682,-1.1647935437301464,-11.156681359537009,0.19760784059786513,-0.48048816014733153,-10.472375975954193
DOLUTEGRAVIR,LEUCOVORIN,easy,1.3334277798878194,0.13805732950974237,64,0,0.17686537702329252,-0.4369408272231333,-10.428828643029997,0.02445343866939078,-0.06888660016008688,-10.06077441596695
BUPROPION,MOMETASONE,easy,1.713431248898844,0.07737187679078766,117,0,0.41547595654492886,-0.8725939016443751,-10.864481717451238,0.0321751097342161,-0.08997294102191027,-10.081860756828773
TEMOZOLOMIDE,THALIDOMIDE,easy,0.35010782503825777,0.2858304405168826,222,0,0.16108241922403857,-0.40290205338615825,-10.394789869193021,0.04641976526145902,-0.12808157528703862,-10.119969391093901
BUPROPION,ESKETAMINE,easy,1.713431248898844,0.08066936579969063,89,0,0.3160458130982792,-0.7067220529887973,-10.69860986879566,0.02551194109918446,-0.07179545173367416,-10.063683267540537
DULOXETINE,FORMOTEROL,easy,1.8648810916774137,0.16948715238722878,132,0,0.5101741249983167,-1.014603993590626,-11.006491809397488,0.08660339999698351,-0.2304573381996165,-10.22234515400648
ALBUTEROL,DEXLANSOPRAZOLE,easy,0.3205170454188135,0.22313087119023184,137,0,0.09100495711308362,-0.24124213631488783,-10.23312995212175,0.020280689752188493,-0.05736206771123282,-10.049249883518096
IBANDRONATE,TERIPARATIDE,easy,0.23283808649160329,0.05997536342168915,58,0,0.027988225643005356,-0.07857766235573986,-10.070465478162603,0.0016710743728165713,-0.004813661907413756,-9.996701477714277
CYCLOPHOSPHAMIDE,LAMIVUDINE,easy,0.3489363419813354,1.4168577519364294,308,0,0.9044203353357841,-1.489974791017785,-11.481862606824647,0.31558127562536936,-0.7059005589952072,-10.69778837480207
CAPECITABINE,PEMETREXED,easy,0.42713136180705835,0.787840445784882,100,0,0.1632794858433212,-0.4076888114646749,-10.399576627271538,0.06969246295764783,-0.18825522456404534,-10.180143040370908
DEXLANSOPRAZOLE,RANITIDINE,easy,0.22313087119023184,0.07196295098397958,96,3,0.04439399672089797,2.684631859266805,0.6341885034248872,0.0031415054654012975,2.7983188107061303,0.7478754548642128
DOXORUBICIN,LAMIVUDINE,easy,0.46115871799345265,1.4168577519364294,318,0,0.9337846319375953,-1.5198283338234597,-11.511716149630322,0.4311330600419732,-0.8970592504971598,-10.888947066304022
PREDNISOLONE,RIVAROXABAN,easy,1.113408648178296,0.5112275935756754,270,3,0.6230339403973509,1.6399533924464138,-0.4104899633955039,0.31795455534346545,2.097262326102981,0.04681897026106323
DOXORUBICIN,TACROLIMUS,easy,0.46115871799345265,0.8883454192721698,777,0,1.4305275875956505,-1.94899517080557,-11.940882986612433,0.6601638257202527,-1.2143285414441969,-11.20621635725106
DENOSUMAB,ETANERCEPT,easy,0.2014242475963959,0.04755602694621194,578,3,0.24128645343367827,2.2392518697047263,0.18880851386280864,0.01112353510967036,2.7756109939803983,0.7251676381384806
LEFLUNOMIDE,ZOLEDRONIC ACID,easy,0.8103629619793417,1.1363403219371224,61,0,0.1436585914647866,-0.36436756394008574,-10.356255379746948,0.11642206708145005,-0.3019904144330904,-10.293878230239953
CYCLOPHOSPHAMIDE,METRONIDAZOLE,easy,0.3489363419813354,1.208111021941158,192,2,0.48073022312373226,1.3499998517884326,-1.238640526618844,0.16759667496706981,1.904879420545251,-0.6837609578620255
ATOMOXETINE,METHOTREXATE,easy,0.4576069165465928,0.24755311801321087,60,0,0.05690326445043426,-0.1554986545488719,-10.147386470355734,0.013962370367089411,-0.039734641823451,-10.031622457630315
ETANERCEPT,IXEKIZUMAB,easy,0.04755602694621194,0.1111903137772899,500,0,0.11522064754003918,-0.2991758277942907,-10.291063643601154,0.005396231026777258,-0.015486810591897484,-10.00737462639876
CARBOPLATIN,PEGFILGRASTIM,easy,0.729515412990319,0.08174724126126075,715,4,1.0810203393639735,1.509069073777154,-0.2276884132919377,0.08864341083436253,2.9344591553322785,1.1977016682631865
AZACITIDINE,VINCRISTINE,easy,0.619628059889521,0.44559148212939004,201,0,0.25811930405965205,-0.6004968060570625,-10.592384621863925,0.11526608728867802,-0.2992823802636426,-10.291170196070505
HEPARIN,RIVAROXABAN,easy,0.773848026948925,0.5112275935756754,764,1,1.2252998763740854,-0.20188463946392263,-3.9991119078252697,0.6324665746961892,0.4054940316696869,-3.39173323669166
CARBOPLATIN,IMATINIB,easy,0.729515412990319,0.6890161678876885,66,0,0.09978649286436679,-0.2625209383279404,-10.254408754134802,0.06861949703014165,-0.18553547262342782,-10.17742328843029
IPRATROPIUM,RANITIDINE,easy,0.2994169200350912,0.07196295098397958,141,0,0.08749612162581445,-0.2326512328248741,-10.224539048631737,0.006206555954592108,-0.017798097235139292,-10.009685913042002
CELECOXIB,CETIRIZINE,easy,0.7217016592342094,0.3300110995603862,130,0,0.1944439377633475,-0.4739301357117481,-10.465817951518611,0.06416245972508267,-0.17418257498802617,-10.16607039079489
ABATACEPT,HYDROMORPHONE,easy,0.04578015674894162,0.3916573749765484,148,0,0.12013273808102752,-0.3106489594421989,-10.302536775249061,0.0054626763141883295,-0.015676471653555676,-10.007564287460418
IBUPROFEN,MONTELUKAST,easy,1.613575934691527,0.4433887033753939,279,0,0.9330114271265793,-1.5190501139916264,-11.510937929798489,0.41349258926233967,-0.8694649301035089,-10.861352745910372
CARBIDOPA,DROXIDOPA,easy,1.0768121312668408,0.1667607665871357,214,2,0.47758102628431404,1.3546399053864613,-1.2340004730208154,0.07974857000658468,2.1084288334147923,-0.4802115449924845
EMTRICITABINE,VALACYCLOVIR,easy,1.5084069223569223,0.6969455901894963,111,0,0.34700429246474046,-0.760441186006478,-10.75232900181334,0.24174723286701927,-0.5689995447669831,-10.560887360573846
ESOMEPRAZOLE,SALMETEROL,easy,1.5133417257394122,0.3041750623644556,485,0,1.5211501922744752,-2.015176532800541,-12.007064348607404,0.46302424524015157,-0.9456440251413064,-10.93753184094817
ERENUMAB AOOE,HYDROCORTISONE,easy,0.029345613962123148,1.7706437401827775,69,0,0.2532057889745598,-0.5911159933451751,-10.583003809152038,0.007443891313911171,-0.021320215689761716,-10.013208031496625
DIGOXIN,ENOXAPARIN,easy,1.7087213658292646,1.4072691300975575,174,0,0.7630558258421835,-1.3369184062559147,-11.328806222062777,0.8612780212296404,-1.4449617464062507,-11.436849562213114
BUDESONIDE,FEXOFENADINE,easy,0.26886302654389993,0.24964158015148885,57,0,0.03176137462046693,-0.08885089353935349,-10.080738709346216,0.007900203531116916,-0.022616957199410242,-10.014504773006273
METOPROLOL,RUXOLITINIB,easy,1.7999073221293354,0.10781362520466525,117,0,0.4364448336252189,-0.9052659122883113,-10.897153728095175,0.047101123412621154,-0.12987942325344382,-10.121767239060306
AMBRISENTAN,WARFARIN,easy,0.027537926375147886,1.4690751930517714,733,0,2.231728458008595,-2.4498140825465895,-12.441701898353452,0.06174209750847676,-0.16797982907407547,-10.159867644880938
DEXAMETHASONE,HEPARIN,easy,0.7259250103640954,0.773848026948925,533,2,0.854823081292392,0.8838236244200535,-1.7048167539872232,0.6225974970584351,1.1550873471018168,-1.43355303130546
METHYLPREDNISOLONE,MONTELUKAST,easy,1.3769744019482795,0.4433887033753939,367,0,1.047334193123508,-1.6297848236079495,-11.621672639414813,0.4641153245939959,-0.94727763275939,-10.939165448566254
CARVEDILOL,FLUTICASONE,easy,1.2559062467821966,0.170907796311199,298,0,0.7756518562491438,-1.351234650580563,-11.343122466387426,0.13320145073593245,-0.3407364659685558,-10.332624281775418
APIXABAN,FLUOROURACIL,easy,0.29775760877570834,0.25313903476097227,89,0,0.05492198512907695,-0.15035686652370275,-10.142244682330565,0.013789571963330196,-0.039249514250817796,-10.03113733005768
METOCLOPRAMIDE,ONABOTULINUMTOXINA,easy,1.6981496919460144,0.14296815260568288,84,0,0.2956300713657249,-0.670169709929762,-10.662057525736625,0.042304843436910045,-0.11717596053160295,-10.109063776338466
LEUPROLIDE,PERTUZUMAB,easy,0.29096889825121564,0.26765487591243825,90,0,0.054272825318041076,-0.1486681825554165,-10.140555998362279,0.014498074349553282,-0.041237582559288936,-10.033125398366153
DUPILUMAB,MEPOLIZUMAB,easy,0.03409434246066283,0.10088965220195956,265,0,0.05540970657249727,-0.1516242956320873,-10.14351211143895,0.001852094161226383,-0.005334140880023039,-9.997221956686886
ENOXAPARIN,PANTOPRAZOLE,easy,1.4072691300975575,1.7685018115627529,1209,11,5.451710989763547,0.9502574840059269,-0.02628016959537211,6.055505050490054,0.8108550229373812,-0.165682630663918
CISPLATIN,DENOSUMAB,easy,0.4576706606206084,0.2014242475963959,203,0,0.19254952956475177,-0.46998915822709414,-10.461876974033958,0.03854186188753506,-0.10713039768197226,-10.099018213488835
MORPHINE,TOPIRAMATE,easy,1.291544779201578,1.7005847848561901,328,1,1.354206131498797,-0.30583913610117713,-4.103066404462524,1.4917041622052205,-0.4090408718778529,-4.2062681402392
IFOSFAMIDE,LENALIDOMIDE,easy,1.102880838026399,0.1509802183237506,429,0,0.9805714285714286,-1.5661540934604032,-11.558041909267265,0.14810882775587017,-0.37430798995267595,-10.366195805759538
METHOTREXATE,TAMSULOSIN,easy,0.24755311801321087,1.8019326367078718,129,0,0.48174987773974126,-0.973427418341178,-10.965315234148042,0.11881250155313074,-0.30757424822556967,-10.299462064032433
DULOXETINE,ETANERCEPT,easy,1.8648810916774137,0.04755602694621194,282,0,1.08991744886004,-1.6689518603448381,-11.660839676151701,0.05087762992811161,-0.13980378415823566,-10.131691599965098
POTASSIUM CHLORIDE,TACROLIMUS,easy,1.9381770244265069,0.8883454192721698,79,0,0.3173320109099926,-0.7089941440638936,-10.700881959870756,0.2819873179800309,-0.645217115668694,-10.637104931475557
DICLOFENAC,TRIAMCINOLONE ACETONIDE,easy,1.9156056318399564,0.1654983250339734,114,0,0.4525893268408238,-0.9299262894223023,-10.921814105229165,0.0749057965415291,-0.2013974820452329,-10.193285297852096
ADALIMUMAB,LEVOTHYROXINE,easy,0.15095611229683062,1.2167115580314125,597,0,1.5054118012181403,-2.003898517265222,-11.995786333072084,0.2225070086157952,-0.531083487530396,-10.52297130333726
IPILIMUMAB,MYCOPHENOLATE MOFETIL,easy,1.505343456959052,0.6428222670492816,83,1,0.25894470993141355,0.982895808272443,-2.814331460088904,0.1664512292990053,1.1703912924216677,-2.6268359759396795
FORMOTEROL,TOPIRAMATE,easy,0.16948715238722878,1.7005847848561901,58,0,0.20441823500955977,-0.49450416126834695,-10.48639197707521,0.034654391838899255,-0.0966785194324693,-10.088566335239332
BUPRENORPHINE,PREDNISONE,easy,1.1959665297843045,0.687312628926396,74,0,0.18341890521639762,-0.4508420622808979,-10.44272987808776,0.12591125185611837,-0.32403001660950176,-10.315917832416364
SECUKINUMAB,TOCILIZUMAB,easy,0.0424690401849379,0.2305753522308547,279,0,0.13332464485859508,-0.341017125879174,-10.332904941686037,0.005618740933502291,-0.016121843609344672,-10.008009659416208
MONTELUKAST,VILANTEROL TRIFENATATE,easy,0.4433887033753939,0.05269470593718655,1285,1,1.1808129384016908,-0.1641966718856108,-3.9614239402469575,0.06502158436117558,1.4085846147071728,-2.3886426536541743
LOPERAMIDE,PSEUDOEPHEDRINE,easy,0.7971200351397586,0.2534858768776199,56,0,0.09251349826738657,-0.24491992606293797,-10.2368077418698,0.023469188765146226,-0.06617652818296421,-10.058064343989827
LEVOTHYROXINE,PALBOCICLIB,easy,1.2167115580314125,0.5100869419349053,55,1,0.13868952942545681,1.2317757962162872,-2.56545147214506,0.07067741310127128,1.3942151320363119,-2.4030121363250347
PEGFILGRASTIM,PREDNISONE,easy,0.08174724126126075,0.687312628926396,1119,0,1.593961259588777,-2.066234751191278,-12.058122566998142,0.13065834208823754,-0.3349305447627894,-10.326818360569652
ACETAMINOPHEN,TIOTROPIUM,easy,1.4241685104647568,0.1639557165910122,493,0,1.4551295147364007,-1.967264179951542,-11.959151995758404,0.23947134147821847,-0.5645661412694022,-10.556453957076265
AMOXICILLIN,VINCRISTINE,easy,1.9074944534559102,0.44559148212939004,59,0,0.23324301514680407,-0.5523633280862583,-10.54425114389312,0.10408975471620642,-0.272834823974047,-10.26472263978091
PACLITAXEL,PAZOPANIB,easy,0.7029329437548383,0.9071831772385437,182,0,0.3421840227150641,-0.7522074111487476,-10.74409522695561,0.2406965057225823,-0.5669544363355593,-10.558842252142423
DENOSUMAB,LEUPROLIDE,easy,0.2014242475963959,0.29096889825121564,548,0,0.3304612030476279,-0.7319846759755397,-10.723872491782403,0.06632663629607935,-0.17970629146037365,-10.171594107267236
CARBIDOPA,VALSARTAN,easy,1.0768121312668408,1.1262743399204835,77,0,0.1919910217207897,-0.4688252247623236,-10.460713040569187,0.19375467013936234,-0.47249748326702556,-10.464385299073887
AZACITIDINE,PREDNISONE,easy,0.619628059889521,0.687312628926396,189,0,0.26922133875091947,-0.6214706897393859,-10.613358505546248,0.16673808942704427,-0.4151920528933123,-10.407079868700174
NINTEDANIB,PIRFENIDONE,easy,0.10235326851049309,0.05041773899705332,390,0,0.08272936185257203,-0.2208979103780719,-10.212785726184935,0.004244895063489638,-0.012196478291245209,-10.004084294098108
BUPRENORPHINE,DEXTROMETHORPHAN,easy,1.1959665297843045,1.1117394603933426,82,9,0.22223748671360544,3.7173823050586967,2.6243160665890217,0.2261268926780659,3.709633923139303,2.6165676846696284
ALEMTUZUMAB,MYCOPHENOLIC ACID,easy,0.22343615032949732,0.39641009418053685,323,0,0.2653631284916201,-0.6142163056962702,-10.606104121503133,0.06066539247014079,-0.16521192613391433,-10.157099741940778
GABAPENTIN,LEVOTHYROXINE,easy,1.6973240275835393,1.2167115580314125,965,1,3.827988925903665,-1.5287343070008028,-5.325961575362149,4.101020592141186,-1.616991412601873,-5.41421868096322
BUDESONIDE,TOPIRAMATE,easy,0.26886302654389993,1.7005847848561901,58,0,0.20441823500955977,-0.49450416126834695,-10.48639197707521,0.05495517682560837,-0.1504431562459175,-10.14233097205278
LIRAGLUTIDE,VALSARTAN,easy,0.36696652677506325,1.1262743399204835,60,0,0.14005183114776665,-0.3562606438378961,-10.34814845964476,0.051396641209436225,-0.1411623844207551,-10.133050200227618
DOCETAXEL,LEUPROLIDE,easy,0.7224371015655817,0.29096889825121564,852,0,1.2756542721029511,-1.8283507097979463,-11.82023852560481,0.3733034948196588,-0.8045550187387664,-10.79644283454563
METHYLPHENIDATE,ONDANSETRON,easy,1.00826405844647,1.3281320303786115,75,0,0.2077254989577852,-0.5012618048509392,-10.493149620657801,0.2081222419555972,-0.5020703369464351,-10.493958152753297
DICLOFENAC,FLUTICASONE,easy,1.9156056318399564,0.170907796311199,149,5,0.5915421903445854,2.333063724108356,0.8055980967224093,0.10103840709513819,3.193902529650964,1.6664369022650172
HYDROMORPHONE,LEFLUNOMIDE,easy,0.3916573749765484,0.8103629619793417,213,0,0.3577276735105177,-0.778591573304641,-10.770479389111504,0.1401076661068771,-0.35638649193548194,-10.348274307742345
LEVONORGESTREL,LEVOTHYROXINE,easy,0.011861644975356567,1.2167115580314125,152,0,0.3832874267758079,-0.8209548805955483,-10.812842696402411,0.004514993911400311,-0.012969051193878294,-10.004856867000742
FLUTICASONE,NICOTINE,easy,0.170907796311199,0.24023212581695086,97,0,0.04829433275533504,-0.1330224669325983,-10.124910282739462,0.008183710809913692,-0.02342203746889848,-10.015309853275761
BUDESONIDE,DEXAMETHASONE,easy,0.26886302654389993,0.7259250103640954,289,0,0.43479341067349436,-0.9027194697616413,-10.894607285568505,0.11652523757249564,-0.3022318579328785,-10.294119673739742
CAPECITABINE,FULVESTRANT,easy,0.42713136180705835,0.9546700995620577,1460,0,2.8886806206393834,-2.7607236708341736,-12.752611486641037,1.2871171423687613,-1.8376342035878646,-11.829522019394727
ADALIMUMAB,CELECOXIB,easy,0.15095611229683062,0.7217016592342094,2034,0,3.0422997646972987,-2.8246863043379955,-12.816574120144859,0.4606951185070125,-0.9421505621209337,-10.934038377927797
GUAIFENESIN,MONTELUKAST,easy,0.22624390051884913,0.4433887033753939,62,0,0.05697307562716329,-0.15567949372279752,-10.147567309529661,0.01289609155185843,-0.03673848262744747,-10.028626298434311
DEXTROSE,DOXORUBICIN,easy,0.16459992484171662,0.46115871799345265,428,0,0.40906049890088886,-0.862448215549503,-10.854336031356366,0.06705097219988372,-0.1815503299358058,-10.173438145742669
EMTRICITABINE,ETOPOSIDE,easy,1.5084069223569223,0.6191935721090637,99,0,0.3094903149009848,-0.6950857247042134,-10.686973540511076,0.19181782282964585,-0.4684640864683614,-10.460351902275224
APREMILAST,RISANKIZUMAB RZAA,easy,0.014453450155735934,0.06682884920867332,168,0,0.023268405081779377,-0.06562305684584913,-10.057510872652712,0.0003333453582671592,-0.000961510910953779,-9.992849326717817
AZATHIOPRINE,VINCRISTINE,easy,1.2566055883323952,0.44559148212939004,302,2,0.7865010037436927,0.9584755122070345,-1.6301648662002421,0.35116474442820295,1.5544177946827604,-1.0342225837245163
CODEINE,METHOTREXATE,easy,1.996416441410018,0.24755311801321087,1562,0,6.4628714678608805,-3.7996823920103013,-13.791570207817164,1.6270562156956065,-2.088858162604436,-12.080745978411299
DUPILUMAB,IBUPROFEN,easy,0.03409434246066283,1.613575934691527,63,0,0.2106799996737437,-0.5072720039088852,-10.499159819715748,0.0070599395889540855,-0.020228203497968705,-10.012116019304832
LATANOPROST,PANTOPRAZOLE,easy,0.041402983236360866,1.7685018115627529,141,0,0.5167946072714691,-1.024028283918,-11.015916099724862,0.02140653876210348,-0.06048058039214731,-10.05236839619901
NIVOLUMAB,VINCRISTINE,easy,1.4525856692309949,0.44559148212939004,153,0,0.46060276163920955,-0.9420118613013982,-10.933899677108261,0.2052950185709406,-0.4962987552481226,-10.488186571054985
ETOPOSIDE,TENOFOVIR DISOPROXIL,easy,0.6191935721090637,1.6607132304586378,93,0,0.32008914442451736,-0.71385264561044,-10.705740461417303,0.19845560487760736,-0.4822403233123059,-10.474128139119168
ALEMTUZUMAB,IFOSFAMIDE,easy,0.22343615032949732,1.102880838026399,60,0,0.13714285714285715,-0.3496887880879758,-10.341576603894838,0.03068784690071736,-0.08593541557909373,-10.077823231385956
FILGRASTIM,VANCOMYCIN,easy,0.6992528527286156,1.1977717372568502,168,1,0.41703902293714623,0.7099074692036187,-3.0873197991577284,0.29152965201761766,0.9222471984772984,-2.874980069884048
INSULIN GLARGINE,TIRZEPATIDE,easy,0.3262384726407933,0.15092991683754123,177,0,0.11967454722255987,-0.3095826167658461,-10.301470432572708,0.017879910345604787,-0.05068949948230158,-10.042577315289165
DICLOFENAC,LIDOCAINE,easy,1.9156056318399564,0.806249336212324,417,0,1.6555241166019607,-2.108038703879159,-12.099926519686022,1.3257885391208237,-1.8685196835983153,-11.860407499405179
CETIRIZINE,TOFACITINIB,easy,0.3300110995603862,0.09062200011955265,112,0,0.0766019669347421,-0.205647663350518,-10.19753547915738,0.0068969434926927035,-0.01976436984643994,-10.011652185653302
IBUPROFEN,LEUCOVORIN,easy,1.613575934691527,0.13805732950974237,71,0,0.23743301550533022,-0.5605839136782841,-10.552471729485147,0.032863229279679676,-0.09183718713879033,-10.083725002945654
LEFLUNOMIDE,TACROLIMUS,easy,0.8103629619793417,0.8883454192721698,364,5,0.6701570680628273,2.2327294254897283,0.7052637981037816,0.5432135296512539,2.398397133225038,0.8709315058390914
OMALIZUMAB,SALMETEROL,easy,0.09327476640953981,0.3041750623644556,798,0,0.5030600719707914,-1.0044080096780716,-10.996295825484934,0.047363175732796164,-0.13057028469184725,-10.12245810049871
INSULIN LISPRO,PANTOPRAZOLE,easy,0.14232411181597227,1.7685018115627529,230,0,0.8429982955492048,-1.4254574737867476,-11.41734528959361,0.12010549277317625,-0.3105855737642655,-10.302473389571128
DEVICE,FLUTICASONE,easy,0.12769891931627617,0.170907796311199,108,0,0.038254187428708654,-0.10635954320999177,-10.098247359016854,0.004861616573413481,-0.0139599020022062,-10.005847717809068
IBUPROFEN,LEVONORGESTREL,easy,1.613575934691527,0.011861644975356567,141,0,0.4715219040317121,-0.9583184284391465,-10.95020624424601,0.005569004333140891,-0.015979921899779006,-10.007867737706642
BENDAMUSTINE,TOCILIZUMAB,easy,0.30746200083042663,0.2305753522308547,88,0,0.056074766355140186,-0.15335077690679652,-10.145238592713659,0.012905291737795156,-0.03676436105351079,-10.028652176860373
GOLIMUMAB,SARILUMAB,easy,0.10322496803092393,0.022998587542256886,177,0,0.03786616952674929,-0.10531915488618658,-10.09720697069305,0.0008748099200483636,-0.0025219622719190675,-9.994409778078781
IMATINIB,PACLITAXEL,easy,0.6890161678876885,0.7029329437548383,64,0,0.09323677067066333,-0.24667992842796435,-10.238567744234826,0.06410958337509648,-0.1740473514868716,-10.165935167293734
CARBOPLATIN,ZOLEDRONIC ACID,easy,0.729515412990319,1.1363403219371224,414,1,0.9749943748593715,0.02425304819783905,-3.772974220163508,0.7115039686833449,0.30816336989772214,-3.4890638984636246
HEPARIN,RITUXIMAB,easy,0.773848026948925,0.16796801934731603,125,0,0.20047445621303753,-0.4864043468226979,-10.478292162629561,0.033499921694794745,-0.09355996440874928,-10.085447780215612
METRONIDAZOLE,MONTELUKAST,easy,1.208111021941158,0.4433887033753939,58,0,0.14522058823529413,-0.36786437905422137,-10.359752194861084,0.06440993625139656,-0.17481529144333702,-10.1667031072502
METOPROLOL,ROSIGLITAZONE,easy,1.7999073221293354,0.12473071238531254,92,0,0.3431873905429072,-0.7539251974468276,-10.74581301325369,0.04281939176124125,-0.11854416584371281,-10.110431981650576
LORATADINE,METOPROLOL,easy,0.07754492419294201,1.7999073221293354,108,0,0.4028721541155867,-0.8525936229613187,-10.844481438768181,0.03128811630188775,-0.08756634850130834,-10.07945416430817
ATEZOLIZUMAB,DOXORUBICIN,easy,1.1820240439651915,0.46115871799345265,530,1,1.2983612096637946,-0.2617203216066676,-4.058947589968015,0.601685714537158,0.44524978565724316,-3.351977482704104
FLUTICASONE,VARENICLINE,easy,0.170907796311199,0.16791629425022722,141,0,0.049942966920814076,-0.13735391355548598,-10.129241729362349,0.008305879400434871,-0.0237688231561177,-10.01565663896298
ALENDRONATE,MYCOPHENOLATE MOFETIL,easy,0.8184057502004282,0.6428222670492816,220,0,0.3731510812900651,-0.8043032100208357,-10.796191025827698,0.23991210838690366,-0.5654258132526485,-10.55731362905951
FLUTICASONE,METRONIDAZOLE,easy,0.170907796311199,1.208111021941158,104,4,0.260395537525355,2.5651030309514837,0.8283455438823917,0.0443457394243849,3.0473298306721683,1.3105723436030763
DENOSUMAB,GEMCITABINE,easy,0.2014242475963959,1.2381450732297883,250,0,0.6415121616249232,-1.1909462300597684,-11.182834045866631,0.1289041801149338,-0.3309121298427809,-10.322799945649644
OXALIPLATIN,TRASTUZUMAB,easy,0.5390082292070726,0.2391072036058819,1437,0,1.6052604854270336,-2.0739987500535606,-12.065886565860424,0.39248552140631193,-0.8359006699241295,-10.827788485730991
DENOSUMAB,DOCETAXEL,easy,0.2014242475963959,0.7224371015655817,925,1,1.384953288374683,-0.3295662713323568,-4.126793539693704,0.2796382379284179,0.9440857452425002,-2.853141523118847
LEVOTHYROXINE,SUMATRIPTAN,easy,1.2167115580314125,0.24090309418062614,63,0,0.15886255188734144,-0.3980494350003976,-10.389937250807261,0.03828150743534607,-0.10643276779193436,-10.098320583598797
CYCLOPHOSPHAMIDE,VANCOMYCIN,easy,0.3489363419813354,1.1977717372568502,434,2,1.0773508092542945,0.6644245378110977,-1.924215840596179,0.3766685161937053,1.5118247524019612,-1.0768156260053154
ESTRADIOL,METOPROLOL,easy,0.03349080266092068,1.7999073221293354,63,0,0.23500875656742556,-0.5558333427910921,-10.547721158597955,0.007880907367296115,-0.022562145233412562,-10.014449961040276
ACETAMINOPHEN,MONTELUKAST,easy,1.4241685104647568,0.4433887033753939,703,0,2.074961559553123,-2.3645508951090486,-12.356438710915912,0.9193318523385499,-1.5052119436968494,-11.497099759503712
DOCETAXEL,PEGFILGRASTIM,easy,0.7224371015655817,0.08174724126126075,1065,4,1.594567840128689,1.1032723896025278,-0.6334850974665641,0.13164190562578879,2.832746207853205,1.0959887207841132
ALBUTEROL,APIXABAN,easy,0.3205170454188135,0.29775760877570834,400,0,0.2657079039798062,-0.6148660546430985,-10.60675387044996,0.07857759018570636,-0.21058235013254678,-10.20247016593941
GABAPENTIN,RIVAROXABAN,easy,1.6973240275835393,0.5112275935756754,215,0,0.7563043017588472,-1.3291859558418917,-11.321073771648754,0.38683646545407413,-0.8267399981055751,-10.818627813912437
BORTEZOMIB,IFOSFAMIDE,easy,0.4052305223209832,1.102880838026399,177,1,0.4045714285714286,0.7296561673036662,-3.0675711010576805,0.1644667312873515,1.1746936275717619,-2.622533640789585
EPIRUBICIN,LEUPROLIDE,easy,0.7017652106024378,0.29096889825121564,64,0,0.09308188296892422,-0.24630320718232254,-10.238191022989186,0.027047666261192663,-0.07600535040749692,-10.06789316621436
HYDROCORTISONE,SARILUMAB,easy,1.7706437401827775,0.022998587542256886,72,0,0.26421473632127984,-0.6120499825053296,-10.603937798312192,0.006087064480354493,-0.01745750483263509,-10.009345320639499
ANASTROZOLE,FORMOTEROL,easy,0.6175263215887037,0.16948715238722878,67,0,0.08574792669192177,-0.22835184765973143,-10.220239663466595,0.014520601469298082,-0.04130074907844011,-10.033188564885302
LEVOTHYROXINE,VARENICLINE,easy,1.2167115580314125,0.16791629425022722,91,0,0.22946813050393763,-0.5449168551978625,-10.536804671004726,0.038474176995800996,-0.10694906582756913,-10.098836881634432
PREDNISONE,TERIPARATIDE,easy,0.687312628926396,0.05997536342168915,72,0,0.10256051000035027,-0.2691780312585783,-10.26106584706544,0.006102336661235093,-0.017501040359873005,-10.009388856166735
ASPIRIN,DOCETAXEL,easy,1.4037989449123882,0.7224371015655817,63,0,0.1832900174683652,-0.4505699550130186,-10.442457770819882,0.1327089991231841,-0.3396140207979572,-10.33150183660482
METOPROLOL,TADALAFIL,easy,1.7999073221293354,0.21233403828069017,71,0,0.26485113835376534,-0.6132508910135888,-10.605138706820451,0.056325364713439956,-0.15400078944238058,-10.145888605249244
DOXYCYCLINE,MOXIFLOXACIN,easy,0.9330989278467624,1.5859630144572765,329,0,1.081389888871498,-1.661193105454134,-11.653080921260997,1.0009243348760544,-1.5858512491434198,-11.577739064950283
TACROLIMUS,UPADACITINIB,easy,0.8883454192721698,0.4024220840629575,63,0,0.11598872331856626,-0.3009758453813617,-10.292863661188225,0.04655103436181327,-0.12842811936868992,-10.120315935175553
ABATACEPT,PANTOPRAZOLE,easy,0.04578015674894162,1.7685018115627529,170,0,0.6230856967102818,-1.1674680163421547,-11.159355832149018,0.02852408398290157,-0.08004111948507867,-10.071928935291941
DAPAGLIFLOZIN PROPANEDIOL,INSULIN GLARGINE,easy,0.4473441462507283,0.3262384726407933,131,0,0.12145248519186196,-0.3137159955077501,-10.305603811314613,0.03959956661884274,-0.10996109469404171,-10.101848910500905
ACETAMINOPHEN,INTERFERON BETA 1A,easy,1.4241685104647568,0.1776297037003428,254,0,0.7497016161116548,-1.3215836722128584,-11.31347148801972,0.13341400158321076,-0.3412206635292632,-10.333108479336126
ETOPOSIDE,IRINOTECAN,easy,0.6191935721090637,0.4166981090400384,1203,1,1.5437800278564608,-0.44627742657279834,-4.2435046949341455,0.6566503153573148,0.37500973355490536,-3.4222175348064416
FORMOTEROL,HYDROCORTISONE,easy,0.16948715238722878,1.7706437401827775,203,0,0.7449387704613862,-1.316074788298198,-11.307962604105061,0.12677350373545004,-0.32601609762663786,-10.3179039134335
CISPLATIN,POMALIDOMIDE,easy,0.4576706606206084,0.08727953571960498,275,1,0.2608429587699839,0.9792918895589283,-2.8179353788024186,0.02272250416287731,1.5208453243051683,-2.2763819440561783
APIXABAN,NIRMATRELVIR,easy,0.29775760877570834,0.3365420669120859,145,0,0.10113482129392248,-0.2657604970454565,-10.25764831285232,0.02993446404710594,-0.08388586056148185,-10.075773676368344
ETOPOSIDE,LENVATINIB,easy,0.6191935721090637,0.6969013433630691,121,0,0.1747632141765964,-0.4324532299953899,-10.424341045802253,0.10819898707195506,-0.28261531873967777,-10.27450313454654
EPINEPHRINE,IBUPROFEN,easy,1.3398485061250733,1.613575934691527,119,0,0.48176686871532826,-0.9734523865990388,-10.965340202405901,0.5333118417100198,-1.0472757087969229,-11.039163524603786
METOCLOPRAMIDE,SODIUM LACTATE,easy,1.6981496919460144,0.06006426414397058,61,0,0.21468374230130022,-0.5153768751852207,-10.507264690992084,0.012864218397644001,-0.036648825733743354,-10.028536641540606
APIXABAN,VALACYCLOVIR,easy,0.29775760877570834,0.6969455901894963,205,0,0.29610523600722205,-0.6710310562718094,-10.662918872078672,0.08828813175915175,-0.2345948364430184,-10.226482652249882
NAPROXEN,ONDANSETRON,easy,0.7382349550742802,1.3281320303786115,108,0,0.29727497935590425,-0.6731492992563216,-10.665037115063184,0.2194880898570225,-0.5250427104292501,-10.516930526236113
RITUXIMAB,SODIUM CHLORIDE,easy,0.16796801934731603,0.3186522820464445,401,1,0.2648224244203111,0.9717657721777986,-2.8254614961835487,0.04397852415465543,1.4633408994769548,-2.3338863688843925
IPRATROPIUM,MONTELUKAST,easy,0.2994169200350912,0.4433887033753939,1387,0,1.2745428370141207,-1.827447401111681,-11.819335216918544,0.40579750101116846,-0.8572604642801195,-10.849148280086983
ALBUTEROL,EPINEPHRINE,easy,0.3205170454188135,1.3398485061250733,516,0,1.4328434723171564,-1.9507248083430306,-11.942612624149893,0.4640798702576406,-0.9472245781771773,-10.93911239398404
ETOPOSIDE,TACROLIMUS,easy,0.6191935721090637,0.8883454192721698,682,0,1.255623957194638,-1.8119838624200562,-11.803871678226919,0.7785426233703501,-1.3545002571771496,-11.346388072984013
DESVENLAFAXINE,METOPROLOL,easy,0.4893377939521678,1.7999073221293354,99,0,0.36929947460595447,-0.7979251777787788,-10.789812993585642,0.18064574588448448,-0.44497602253782054,-10.436863838344683
ATOMOXETINE,TOPIRAMATE,easy,0.4576069165465928,1.7005847848561901,81,7,0.2854806385478335,3.255242975785169,1.995007634746868,0.13062840899849576,3.5720285274551915,2.31179318641689
SODIUM CHLORIDE,TOBRAMYCIN,easy,0.3186522820464445,0.34677633105579414,139,0,0.099898185302749,-0.2627895724621539,-10.254677388269016,0.03180960146938117,-0.0889817294447667,-10.08086954525163
ADALIMUMAB,MOXIFLOXACIN,easy,0.15095611229683062,1.5859630144572765,306,0,1.005791203631241,-1.590521736564041,-11.582409552370903,0.14928856585126513,-0.37693170844827245,-10.368819524255136
DEXAMETHASONE,MONTELUKAST,easy,0.7259250103640954,0.4433887033753939,244,0,0.3670920145478637,-0.7942570033902917,-10.786144819197155,0.1627345924280552,-0.4065031301281843,-10.398390945935047
BUDESONIDE,MYCOPHENOLIC ACID,easy,0.26886302654389993,0.39641009418053685,131,0,0.10762405520867564,-0.2812508908896002,-10.273138706696463,0.028980393027585028,-0.0812861540944746,-10.073173969901337
ABEMACICLIB,CYCLOPHOSPHAMIDE,easy,0.6903232248403368,0.3489363419813354,55,0,0.07868800339126748,-0.21085764144938737,-10.20274545725625,0.027349556551735568,-0.07683148239558768,-10.068719298202451
DEXAMETHASONE,SODIUM LACTATE,easy,0.7259250103640954,0.06006426414397058,76,1,0.1143401356788428,1.287852955993272,-2.5093743123680747,0.006811251155228993,1.565442043099651,-2.231785225261696
IXEKIZUMAB,RISANKIZUMAB RZAA,easy,0.1111903137772899,0.06682884920867332,88,0,0.020278833967046897,-0.05735692176434622,-10.04924473757121,0.001350395132105292,-0.0038911644731728957,-9.995778980280036
CLINDAMYCIN,METRONIDAZOLE,easy,1.2109212610843265,1.208111021941158,966,4,2.8409445271777147,0.42966897298374235,-1.3070885140853494,2.8879227875008944,0.40952400615794715,-1.3272334809111448
HYDROCODONE,PALBOCICLIB,easy,0.36538852979026465,0.5100869419349053,60,0,0.06342913776015857,-0.1723060797858907,-10.164193895592753,0.023017741688319444,-0.06493179118642675,-10.05681960699329
HEPARIN,OXYCODONE,easy,0.773848026948925,0.8173775172444036,85,1,0.14399087308751618,1.2198503536113052,-2.5773769147500416,0.11118240782133088,1.2952875779452462,-2.5019396904161004
ASPIRIN,EPINEPHRINE,easy,1.4037989449123882,1.3398485061250733,202,1,0.7299672907854312,0.28634255105022793,-3.510884717311119,0.7870036924437775,0.22094630803069606,-3.5762809603306507
HUMAN IMMUNOGLOBULIN G,METRONIDAZOLE,easy,0.1782055276270678,1.208111021941158,92,0,0.23034989858012173,-0.5466597061013184,-10.538547521908182,0.041018297387764684,-0.11374929233330128,-10.105637108140163
CARBOPLATIN,FENTANYL,easy,0.729515412990319,1.6641959255224423,110,0,0.3793940285336079,-0.8145816411721806,-10.806469456979043,0.27761176847972263,-0.6371219581598009,-10.629009773966663
DABIGATRAN ETEXILATE,EMPAGLIFLOZIN,easy,0.40148153244019796,0.7745310061165969,81,1,0.13002210073281376,1.2514881573794903,-2.545739110981857,0.052128962060533086,1.4418853155704867,-2.35534195279086
AZACITIDINE,ONDANSETRON,easy,0.619628059889521,1.3281320303786115,103,0,0.2835122488301679,-0.6480277339756614,-10.639915549782524,0.17573480738481106,-0.43452907597621815,-10.42641689178308
METHYLPREDNISOLONE,METRONIDAZOLE,easy,1.3769744019482795,1.208111021941158,486,0,1.5965491506020493,-2.0680166525065746,-12.059904468313437,1.666157650555973,-2.115138244515316,-12.107026060322179
HYDROCORTISONE,PROPRANOLOL,easy,1.7706437401827775,1.9511692793488442,183,0,1.0322923962159636,-1.615691622537016,-11.607579438343878,1.294448052601337,-1.8435401592424794,-11.835427975049342
CYCLOPHOSPHAMIDE,RANITIDINE,easy,0.3489363419813354,0.07196295098397958,283,0,0.20465671125176157,-0.4949924936969266,-10.486880309503789,0.014395061051064926,-0.04094869585131511,-10.032836511658179
ACETAMINOPHEN,SODIUM CHLORIDE,easy,1.4241685104647568,0.3186522820464445,1035,30,3.0548865065967035,3.1009338365040766,2.5383759839009308,0.9755495599038814,4.369484959573857,3.806927106970711
ACETAMINOPHEN,DOXYCYCLINE,easy,1.4241685104647568,0.9330989278467624,416,5,1.227857764970269,1.6704471570489798,0.1429815296630332,1.1443882483656473,1.741880651818129,0.21441502443218238
RITUXIMAB,TENOFOVIR DISOPROXIL,easy,0.16796801934731603,1.6607132304586378,197,0,0.6780382951788163,-1.2363864384608736,-11.228274254267737,0.11355348919070524,-0.2952610276908267,-10.28714884349769
DASATINIB,VINCRISTINE,easy,0.36787089566800807,0.44559148212939004,751,0,0.6935378516566435,-1.2552443205306232,-11.247132136337486,0.25844859572949014,-0.6011233094488503,-10.593011125255712
MORPHINE,OMALIZUMAB,easy,1.291544779201578,0.09327476640953981,313,0,0.8378131203854475,-1.419876599444798,-11.41176441525166,0.07814269146404992,-0.20949751351553578,-10.201385329322399
METRONIDAZOLE,OXALIPLATIN,easy,1.208111021941158,0.5390082292070726,57,0,0.14271678498985801,-0.36225505495009597,-10.35414287075696,0.0768959242068384,-0.20638297584848483,-10.198270791655348
LIDOCAINE,VANCOMYCIN,easy,0.806249336212324,1.1977717372568502,139,0,0.3450501439777579,-0.7571088563555707,-10.748996672162434,0.2781911301506966,-0.638196441629355,-10.630084257436218
INFLIXIMAB,METOPROLOL,easy,0.2281513595789778,1.7999073221293354,95,0,0.35437828371278457,-0.772946882688156,-10.764834698495019,0.08060817103921537,-0.2156367806163177,-10.20752459642318
DICLOFENAC,TOPIRAMATE,easy,1.9156056318399564,1.7005847848561901,334,0,1.8109612965781268,-2.2084930980996273,-12.20038091390649,2.243089191810728,-2.4558015323178113,-12.447689348124674
CANNABIDIOL,EVEROLIMUS,easy,0.09644420680322796,0.6932762508376293,93,0,0.1336234323364601,-0.3416975945240159,-10.333585410330878,0.012899465995847235,-0.03674797436987637,-10.02863579017674
ETOPOSIDE,PEMETREXED,easy,0.6191935721090637,0.787840445784882,98,0,0.16001389612645475,-0.40056830482869166,-10.392456120635554,0.09907504841753947,-0.26080865136159925,-10.252696467168462
OXYMORPHONE,PSEUDOEPHEDRINE,easy,0.28204610062051705,0.2534858768776199,202,0,0.1180768668712553,-0.3058581745658302,-10.297745990372693,0.030130323308272037,-0.0844189698419375,-10.0763067856488
CLAVULANATE,VALSARTAN,easy,1.5019938068512264,1.1262743399204835,86,0,0.2902135794480149,-0.6603145436757245,-10.652202359482587,0.3017447502645375,-0.6812149072038021,-10.673102723010665
DENOSUMAB,PACLITAXEL,easy,0.2014242475963959,0.7029329437548383,787,0,1.146520914340813,-1.719420837365476,-11.711308653172338,0.23079259591261986,-0.5475339223644957,-10.539421738171358
CODEINE,FLUTICASONE,easy,1.996416441410018,0.170907796311199,298,1,1.2329934042397839,-0.20830366290060626,-4.005530931261953,0.2109732159685556,1.077095384451849,-2.720131883909498
ATEZOLIZUMAB,FILGRASTIM,easy,1.1820240439651915,0.6992528527286156,68,0,0.16658219293799628,-0.41485468295205935,-10.406742498758922,0.116490860426305,-0.3021514117190414,-10.294039227525904
AMPHETAMINE ASPARTATE,LURASIDONE,easy,1.2710029169938377,1.65572518991953,55,0,0.21962231945175398,-0.5253118383154337,-10.517199654122296,0.23937824427860696,-0.5643844989040512,-10.556272314710913
DUPILUMAB,FLUTICASONE,easy,0.03409434246066283,0.170907796311199,329,0,0.1165335894818995,-0.30225140162051883,-10.294139217427382,0.0038605871836297147,-0.011096515818923375,-10.002984331625786
TENOFOVIR ALAFENAMIDE,TENOFOVIR DISOPROXIL,easy,1.6167330748474102,1.6607132304586378,1183,2,5.583753563592288,-1.28303361968326,-3.871673998090537,6.2982284645064075,-1.4432307517041856,-4.031871130111463
APREMILAST,USTEKINUMAB,easy,0.014453450155735934,0.10682222467542636,1147,0,0.25393255808533943,-0.5925073802411553,-10.584395196048018,0.0037028335293476993,-0.010644751866608886,-10.002532567673471
ASPIRIN,SODIUM LACTATE,easy,1.4037989449123882,0.06006426414397058,74,0,0.2152930363914131,-0.5166063016046455,-10.508494117411509,0.012904239466489689,-0.03676140123192995,-10.028649217038792
LEFLUNOMIDE,PANTOPRAZOLE,easy,0.8103629619793417,1.7685018115627529,588,0,2.1551434686214455,-2.408789818045075,-12.400677633851938,1.73733130721073,-2.161778908555527,-12.15366672436239
DOLUTEGRAVIR,VALACYCLOVIR,easy,1.3334277798878194,0.6969455901894963,60,0,0.16581129095933675,-0.41318524130562556,-10.405073057112489,0.11557508249745164,-0.30000673995466354,-10.291894555761527
HYDROMORPHONE,TOPIRAMATE,easy,0.3916573749765484,1.7005847848561901,129,0,0.45465435027988294,-0.9330503792014512,-10.924938195008314,0.17817580065519242,-0.43973121071215593,-10.43161902651902
FILGRASTIM,PANTOPRAZOLE,easy,0.6992528527286156,1.7685018115627529,165,0,0.6047596468070383,-1.1437325288228302,-11.135620344629693,0.4216045613162726,-0.8822197622705558,-10.87410757807742
ENOXAPARIN,POTASSIUM CHLORIDE,easy,1.4072691300975575,1.9381770244265069,406,1,1.9735350877011362,-0.7216118639030893,-4.518839132264437,2.254236707175872,-0.8766900535206963,-4.673917321882043
DASATINIB,NILOTINIB,easy,0.36787089566800807,0.756105497028829,1759,0,2.756395843978879,-2.703276082722656,-12.695163898529518,1.063317143825984,-1.6446104817361875,-11.636498297543051
ACETAMINOPHEN,NALTREXONE,easy,1.4241685104647568,0.923591076416693,334,5,0.9858281093751681,1.88816439380776,0.3606987664218132,0.9141335605827017,1.9595132339279784,0.43204760654203184
HUMAN IMMUNOGLOBULIN G,INFLIXIMAB,easy,0.1782055276270678,0.2281513595789778,416,2,0.19670243822211256,1.8433135775309415,-0.7453268008763352,0.034806971802586475,2.224837917089425,-0.3638024613178523
CYCLOPHOSPHAMIDE,DENOSUMAB,easy,0.3489363419813354,0.2014242475963959,356,0,0.2574480183944421,-0.5992187888430434,-10.591106604649907,0.051342487516069193,-0.14102068768959883,-10.132908503496461
GEMCITABINE,MYCOPHENOLATE MOFETIL,easy,1.2381450732297883,0.6428222670492816,119,0,0.30535978893346344,-0.6877053464123035,-10.679593162219167,0.1962122981872904,-0.4775992037722067,-10.46948701957907
RUXOLITINIB,TOFACITINIB,easy,0.10781362520466525,0.09062200011955265,74,0,0.01653479140926895,-0.04693743078222074,-10.038825246589084,0.0014828269463160485,-0.0042722023536939414,-9.996160018160557
BEVACIZUMAB,SUNITINIB MALATE,easy,0.4653070517151916,0.5869490113785872,92,0,0.11191326193309534,-0.2913990720051555,-10.283286887812018,0.051942790302628744,-0.14259064236238958,-10.134478458169252
EMPAGLIFLOZIN,LIRAGLUTIDE,easy,0.7745310061165969,0.36696652677506325,150,0,0.2407816680237292,-0.5671203020659465,-10.559008117872809,0.08845924217321229,-0.23501439998404355,-10.226902215790906
ENOXAPARIN,HYDROXYCHLOROQUINE,easy,1.4072691300975575,0.5766988598320626,862,0,2.5140723889520813,-2.591714066546906,-12.583601882353769,1.456105787633524,-1.9679843944043165,-11.959872210211179
APIXABAN,TREPROSTINIL,easy,0.29775760877570834,0.03184886908492076,628,0,0.38753940068607107,-0.8278830718428514,-10.819770887649714,0.012288534850196774,-0.03502850937855666,-10.02691632518542
GABAPENTIN,VALACYCLOVIR,easy,1.6973240275835393,0.6969455901894963,231,0,0.8125874125874126,-1.3924135031651226,-11.384301318971985,0.5639618408354139,-1.0894464092745102,-11.081334225081372
ACETAMINOPHEN,PSEUDOEPHEDRINE,easy,1.4241685104647568,0.2534858768776199,1728,7,5.100332254491888,0.42137817420821144,-0.83885716683009,1.265444769090682,2.0868589076774486,0.8266235666391474
DULAGLUTIDE,INSULIN HUMAN,easy,0.17060106724617405,0.513070979055687,466,17,0.49551490034626605,4.135768202220263,3.36891135281208,0.08527618887139167,4.902093525964399,4.135236676556216
DICLOFENAC,VANCOMYCIN,easy,1.9156056318399564,1.1977717372568502,88,0,0.38543671046265027,-0.8244610943429602,-10.816348910149824,0.4192785461749448,-0.8785739769606734,-10.870461792767536
ASPIRIN,EVOLOCUMAB,easy,1.4037989449123882,0.31466983722229647,124,0,0.360761304223449,-0.7836851276868259,-10.775572943493689,0.11338255717931882,-0.2948590462387674,-10.28674686204563
FENTANYL,VARENICLINE,easy,1.6641959255224423,0.16791629425022722,67,1,0.23108545374319753,1.0368505485468393,-2.7603767198145075,0.038883490364647555,1.476917207681944,-2.320310060679403
ACETAMINOPHEN,UMECLIDINIUM,easy,1.4241685104647568,0.021186895874091047,108,0,0.318770765905743,-0.7115314971713935,-10.703419312978257,0.006793374487568011,-0.01946956878549904,-10.011357384592362
CALCIUM CHLORIDE,WARFARIN,easy,0.08306553140912258,1.4690751930517714,146,0,0.4445189015951635,-0.9176515730494708,-10.909539388856333,0.036836115311167164,-0.1025536363148003,-10.094441452121663
ALBUTEROL,HEPARIN,easy,0.3205170454188135,0.773848026948925,143,0,0.22934277790771493,-0.5446689196109602,-10.536556735417824,0.07342177241657216,-0.19766858883492408,-10.189556404641786
CELECOXIB,PROPRANOLOL,easy,0.7217016592342094,1.9511692793488442,83,0,0.33563434359937916,-0.7409436918239388,-10.732831507630802,0.24233661763304643,-0.5701454402951085,-10.562033256101971
GABAPENTIN,TERIFLUNOMIDE,easy,1.6973240275835393,0.1513849346271303,123,0,0.4326764144945963,-0.8994485401262454,-10.891336355933108,0.06561746293759847,-0.17789856787761607,-10.169786383684478
CARBOPLATIN,ENZALUTAMIDE,easy,0.729515412990319,0.23284154369142498,106,0,0.16026315520640727,-0.40111304631678085,-10.393000862123644,0.037225580642692734,-0.10359990717453446,-10.095487722981398
LANSOPRAZOLE,TOCILIZUMAB,easy,1.5788646382413933,0.2305753522308547,60,0,0.1963312808278797,-0.47784573920353435,-10.469733555010396,0.04524930876979416,-0.12498794102859992,-10.116875756835462
BUDESONIDE,USTEKINUMAB,easy,0.26886302654389993,0.10682222467542636,308,0,0.17162286637024235,-0.42572325485953283,-10.417611070666396,0.01828615691541269,-0.05182076590800083,-10.043708581714863
ALBUTEROL,NAPROXEN,easy,0.3205170454188135,0.7382349550742802,201,1,0.3075275397796818,0.8933791335405713,-2.903848134820776,0.09820546658382875,1.3262495013041369,-2.47097776705721
METOPROLOL,SUMATRIPTAN,easy,1.7999073221293354,0.24090309418062614,114,0,0.4252539404553415,-0.8879212797756905,-10.879809095582553,0.10250075016686236,-0.2690349427396159,-10.260922758546478
RUXOLITINIB,VINCRISTINE,easy,0.10781362520466525,0.44559148212939004,1084,0,1.0010586300876185,-1.5859803285140421,-11.577868144320904,0.10923898088748224,-0.28508015772888196,-10.276967973535745
ENOXAPARIN,NICOTINE,easy,1.4072691300975575,0.24023212581695086,100,0,0.2916557295768076,-0.6629450813612119,-10.654832897168074,0.07011189406614622,-0.18931700539302648,-10.18120482119989
PACLITAXEL,VINCRISTINE,easy,0.7029329437548383,0.44559148212939004,332,0,0.483665747854066,-0.9762400724713309,-10.968127888278193,0.21527364890900066,-0.5165671979053623,-10.508455013712226
DUPILUMAB,MOMETASONE,easy,0.03409434246066283,0.07737187679078766,61,0,0.009781519342553618,-0.02795097867651778,-10.01983879448338,0.0003258891887159063,-0.0009400111266827969,-9.992827826933546
LEVOTHYROXINE,TIOTROPIUM,easy,1.2167115580314125,0.1639557165910122,560,4,1.412111572331924,1.2347582939428452,-0.5019991931262465,0.2320626613103663,2.619885954251174,0.8831284671820824
HYDROCORTISONE,METOPROLOL,easy,1.7706437401827775,1.7999073221293354,110,1,0.5860197757519303,0.46591212675063315,-3.3313151416107134,0.7242291614934152,0.293088861640763,-3.504138406720584
BUPROPION,FENTANYL,easy,1.713431248898844,1.6641959255224423,872,0,4.296883630807183,-3.2620974411458707,-13.253985256952733,5.118960762611224,-3.4903033259501215,-13.482191141756983
MESALAMINE,PREDNISOLONE,easy,0.4064151133538791,1.113408648178296,777,2,1.792953228476821,0.12472116767591113,-2.4639192107313654,0.728937709796524,1.0245163020775934,-1.5641240763296833
INFLIXIMAB,RANITIDINE,easy,0.2281513595789778,0.07196295098397958,193,0,0.0912585831174705,-0.24186112687313696,-10.23374894268,0.0063977708190499855,-0.018342959098125174,-10.010230774904988
ETOPOSIDE,MORPHINE,easy,0.6191935721090637,1.291544779201578,95,0,0.2542883272735384,-0.5931880052848979,-10.585075821091761,0.15758065163062687,-0.3952397555203089,-10.387127571327172
EMTRICITABINE,RIBAVIRIN,easy,1.5084069223569223,0.9461939007856713,266,0,0.8315598359965853,-1.413117260058798,-11.405005075865661,0.7871340174827358,-1.3641622760074823,-11.356050091814344
HYDROCODONE,PREDNISONE,easy,0.36538852979026465,0.687312628926396,335,7,0.4771912618071853,2.9401777276314043,1.6799423865931027,0.1733607017540077,3.4774391645174116,2.2172038234791103
LEVOTHYROXINE,RITONAVIR,easy,1.2167115580314125,1.552853002981992,129,0,0.4730962154491413,-0.960654364475314,-10.952542180282176,0.5062408534908476,-1.0089756695046528,-11.000863485311516
ASPIRIN,PEMBROLIZUMAB,easy,1.4037989449123882,1.280594158798573,131,0,0.4573072660060472,-0.9370539646140915,-10.928941780420955,0.4897663757395628,-0.9851599370349123,-10.977047752841775
INTERFERON BETA 1A,LEVOTHYROXINE,easy,0.1776297037003428,1.2167115580314125,74,0,0.18660045777243278,-0.4575427242863367,-10.4494305400932,0.03298793859674262,-0.09217479058573101,-10.084062606392594
ALEMTUZUMAB,RANITIDINE,easy,0.22343615032949732,0.07196295098397958,57,0,0.026394998842324612,-0.07421768753751788,-10.06610550334438,0.0018668705430540976,-0.005376618532705402,-9.997264434339568
FEXOFENADINE,IBUPROFEN,easy,0.24964158015148885,1.613575934691527,169,0,0.5651574594422649,-1.0910667160520473,-11.08295453185891,0.14125645314943938,-0.35897334416347926,-10.350861159970341
ONABOTULINUMTOXINA,SUMATRIPTAN,easy,0.14296815260568288,0.24090309418062614,121,0,0.060411705968200315,-0.16455899643791608,-10.156446812244779,0.008638421509668651,-0.024712349499790613,-10.016600165306654
VALACYCLOVIR,ZOLEDRONIC ACID,easy,0.6969455901894963,1.1363403219371224,91,0,0.21431035775894397,-0.5146229461944175,-10.50651076200128,0.14936521638768882,-0.37710201303664037,-10.368989828843503
CARVEDILOL,CODEINE,easy,1.2559062467821966,1.996416441410018,142,0,0.6628454927357157,-1.2176594186751688,-11.209547234482033,0.733809325026101,-1.3031194551888823,-11.295007270995745
IPRATROPIUM,VILANTEROL TRIFENATATE,easy,0.2994169200350912,0.05269470593718655,1002,0,0.6217809494260006,-1.1657909878631185,-11.157678803669981,0.03440001139501959,-0.09599194368721153,-10.087879759494074
LURASIDONE,METOPROLOL,easy,1.65572518991953,1.7999073221293354,95,0,0.48348202396315343,-0.9759705883472805,-10.967858404154143,0.5846835207860799,-1.1172741674671447,-11.109161983274007
ACETAMINOPHEN,FLUDARABINE,easy,1.4241685104647568,0.23302925076622694,111,0,0.32762550940312474,-0.727050018317098,-10.718937834123961,0.07681519358650392,-0.20618107146531925,-10.198068887272182
LAMIVUDINE,TENOFOVIR ALAFENAMIDE,easy,1.4168577519364294,1.6167330748474102,551,2,2.3222476096599967,-0.17491647333042712,-2.763556851737704,2.570256882692335,-0.29643127337325215,-2.885071651780529
LEUPROLIDE,PREDNISONE,easy,0.29096889825121564,0.687312628926396,509,4,0.7250458276413652,1.8770892815415958,0.14033179447250382,0.21050662971171227,2.6630049850634685,0.9262474979943767
HYDROMORPHONE,PACLITAXEL,easy,0.3916573749765484,0.7029329437548383,103,0,0.15005292779809878,-0.3786290933509109,-10.370516909157773,0.05857660576963791,-0.15982705723588742,-10.15171487304275
EMTRICITABINE,PACLITAXEL,easy,1.5084069223569223,0.7029329437548383,57,0,0.1781913934278397,-0.43976438110417226,-10.431652196911035,0.12537008618619014,-0.3227821164718645,-10.314669932278727
ACETAMINOPHEN,FORMOTEROL,easy,1.4241685104647568,0.16948715238722878,680,6,2.007075192739863,1.3744344516995495,-0.0015545143662155125,0.34125372617599936,2.949826823143562,1.5738378570777969
APIXABAN,POLYETHYLENE GLYCOL 3350,easy,0.29775760877570834,0.39707207723693405,71,0,0.05842800369314761,-0.15944319582964614,-10.15133101163651,0.017278196151312677,-0.04901228674260408,-10.040900102549466
CARBOPLATIN,POTASSIUM CHLORIDE,easy,0.729515412990319,1.9381770244265069,56,0,0.2249442102653112,-0.5359418786256706,-10.527829694432533,0.1641606624146671,-0.4096041810698896,-10.401491996876752
CARBOPLATIN,DENOSUMAB,easy,0.729515412990319,0.2014242475963959,413,0,0.6244215386815679,-1.1691829944156225,-11.161070810222485,0.1252132715815376,-0.32242030827691015,-10.314308124083773
BUDESONIDE,CLAVULANATE,easy,0.26886302654389993,1.5019938068512264,145,0,0.4513666794592981,-0.928073402537618,-10.919961218344481,0.12158374457004151,-0.31402068052036625,-10.305908496327229
PREDNISONE,RUXOLITINIB,easy,0.687312628926396,0.10781362520466525,1371,6,1.952923044590003,1.4059377451220207,0.02994877905625605,0.21187232793786018,3.1907492914534057,1.8147603253876405
LANSOPRAZOLE,POLYETHYLENE GLYCOL 3350,easy,1.5788646382413933,0.39707207723693405,221,0,0.7231535510493569,-1.2906055268676773,-11.28249334267454,0.2873140115125566,-0.6550110586323747,-10.646898874439238
ADALIMUMAB,APIXABAN,easy,0.15095611229683062,0.29775760877570834,152,0,0.09379934538898536,-0.24804740799499478,-10.239935223801858,0.01367255149349676,-0.038920889285698604,-10.03080870509256
LIRAGLUTIDE,TIRZEPATIDE,easy,0.36696652677506325,0.15092991683754123,140,0,0.10647504655005115,-0.27852019191085586,-10.270408007717718,0.015989022590814413,-0.045412278469974386,-10.037300094276837
CISPLATIN,IXAZOMIB,easy,0.4576706606206084,0.2153391202019679,84,0,0.07967566740610418,-0.21331783311024013,-10.205205648917103,0.01714947132684942,-0.048653226998380913,-10.040541042805243
IPRATROPIUM,POLYETHYLENE GLYCOL 3350,easy,0.2994169200350912,0.39707207723693405,57,0,0.04690698888041427,-0.12936740341250666,-10.12125521921937,0.014033333585067004,-0.03993382219440174,-10.031821638001265
GABAPENTIN,LOPERAMIDE,easy,1.6973240275835393,0.7971200351397586,203,0,0.7140919686374232,-1.2798777112736444,-11.271765527080507,0.5680873216682144,-1.095029599635819,-11.08691741544268
METHYLPREDNISOLONE,OFATUMUMAB,easy,1.3769744019482795,0.029408811277902694,149,0,0.42521197486485746,-0.8878558437697763,-10.87974365957664,0.012515185052772916,-0.03566665524445078,-10.027554471051314
ENOXAPARIN,METRONIDAZOLE,easy,1.4072691300975575,1.208111021941158,419,0,1.4027559416439526,-1.9280905251640708,-11.919978340970934,1.466049759232677,-1.9752998356610834,-11.967187651467945
CELECOXIB,NAPROXEN,easy,0.7217016592342094,0.7382349550742802,1525,1,2.333231334149327,-0.9174859022671741,-4.714713170628521,1.7004531783654628,-0.552838173415933,-4.3500654417772795
CARBOPLATIN,CELECOXIB,easy,0.729515412990319,0.7217016592342094,137,0,0.20713256852148865,-0.5000526123958424,-10.491940428202705,0.14931549874230282,-0.3769915510891541,-10.368879366896017
CISPLATIN,PALBOCICLIB,easy,0.4576706606206084,0.5100869419349053,73,0,0.07717211760819294,-0.20707351201035795,-10.198961327817221,0.03519497869508168,-0.09813648550589855,-10.090024301312761
IXEKIZUMAB,USTEKINUMAB,easy,0.1111903137772899,0.10682222467542636,301,0,0.06936282981910359,-0.18742021662267164,-10.179308032429534,0.007438766165510073,-0.02130564449549078,-10.013193460302354
VENETOCLAX,VINCRISTINE,easy,0.2606119237866196,0.44559148212939004,1327,0,1.22546568461833,-1.7869857823082056,-11.778873598115068,0.32536474786460506,-0.7231037258576354,-10.714991541664498
OMALIZUMAB,ONDANSETRON,easy,0.09327476640953981,1.3281320303786115,74,0,0.20368841178089733,-0.4930086602714585,-10.48489647607832,0.018996808135128423,-0.053797571052669274,-10.045685386859532
ABATACEPT,ESOMEPRAZOLE,easy,0.04578015674894162,1.5133417257394122,65,0,0.20386548968626989,-0.49337165797550875,-10.48525947378237,0.00931992969241692,-0.0266440761196665,-10.018531891926528
SELEXIPAG,TADALAFIL,easy,0.07665383922419236,0.21233403828069017,1905,0,0.838316378038363,-1.4204192094561123,-11.412307025262976,0.07276605957464272,-0.19601791039968666,-10.18790572620655
LIRAGLUTIDE,SEMAGLUTIDE,easy,0.36696652677506325,0.5133779537157089,636,0,0.6766867639325417,-1.2347303235499805,-11.226618139356843,0.2506381016273532,-0.5861894269305491,-10.578077242737411
FENTANYL,LOPERAMIDE,easy,1.6641959255224423,0.7971200351397586,134,0,0.46217090748639506,-0.9443650833940983,-10.93625289920096,0.36881152592239225,-0.7971151476204483,-10.789002963427311
INFLIXIMAB,METHYLPREDNISOLONE,easy,0.2281513595789778,1.3769744019482795,1945,2,5.550585846390253,-1.2751467428325305,-3.8637871212398074,1.2810164365933456,0.48922726408382844,-2.0994131143234482
CARVEDILOL,EMPAGLIFLOZIN,easy,1.2559062467821966,0.7745310061165969,163,0,0.42426594821681357,-0.8863799374551553,-10.878267753262017,0.3288134145532448,-0.7291192587075964,-10.721007074514459
BORTEZOMIB,OXYCODONE,easy,0.4052305223209832,0.8173775172444036,73,0,0.12366274982810214,-0.3188379972140599,-10.310725813020923,0.04991098661705697,-0.13727001546065057,-10.129157831267513
ENOXAPARIN,PREDNISONE,easy,1.4072691300975575,0.687312628926396,682,5,1.9890920757138275,1.1438120196085215,-0.3836536077774251,1.3711560842572017,1.5555017112656124,0.028036083879665923
DARATUMUMAB,VINCRISTINE,easy,0.25323643200763607,0.44559148212939004,272,0,0.25118814334301864,-0.5872461969711734,-10.579134012778036,0.06379113431649093,-0.17323269664602042,-10.165120512452884
ESOMEPRAZOLE,OCTREOTIDE,easy,1.5133417257394122,0.26217282981105694,63,0,0.19759270538823082,-0.4804568592824544,-10.472344675089317,0.05189723853180071,-0.14247157200400823,-10.134359387810871
IBUPROFEN,WARFARIN,easy,1.613575934691527,1.4690751930517714,498,0,2.149508763606322,-2.4057248992968825,-12.397612715103746,2.4425120964382243,-2.557048346082944,-12.548936161889806
ESOMEPRAZOLE,LEUPROLIDE,easy,1.5133417257394122,0.29096889825121564,67,0,0.21013827398430895,-0.5061718702492453,-10.498059686056108,0.061177854004183616,-0.16652998151742404,-10.158417797324287
ADALIMUMAB,FORMOTEROL,easy,0.15095611229683062,0.16948715238722878,67,0,0.02353449789918805,-0.06635651067037864,-10.058244326477242,0.0034392196374676822,-0.00988951686869736,-10.00177733267556
ENOXAPARIN,IPRATROPIUM,easy,1.4072691300975575,0.2994169200350912,103,0,0.30040540146411177,-0.6788028082873181,-10.670690624094181,0.09001331321702902,-0.2388194133082851,-10.230707229115147
EVEROLIMUS,RIBOCICLIB,easy,0.6932762508376293,0.8637570031574737,475,0,0.8503124593151933,-1.433293282346723,-11.425181098153585,0.5924722169708152,-1.1275965905285315,-11.119484406335394
FLUOROURACIL,PREDNISONE,easy,0.25313903476097227,0.687312628926396,234,0,0.3333216575011384,-0.7369453804263514,-10.728833196233214,0.08406545148964646,-0.22420195443800717,-10.21608977024487
ASPIRIN,LEUCOVORIN,easy,1.4037989449123882,0.13805732950974237,100,0,0.29093653566407174,-0.6616338433556233,-10.653521659162486,0.040240285396267485,-0.11167312988064253,-10.103560945687505
ETANERCEPT,RISANKIZUMAB RZAA,easy,0.04755602694621194,0.06682884920867332,77,2,0.010664685662482215,2.2914798949327038,-0.2971604834745729,0.0004915930907014938,2.320510353896708,-0.26813002451056905
METHOTREXATE,MYCOPHENOLIC ACID,easy,0.24755311801321087,0.39641009418053685,750,0,0.6161682550115017,-1.1585545203337675,-11.15044233614063,0.15591131854380244,-0.3915726758315023,-10.383460491638365
ETHINYL ESTRADIOL,TOPIRAMATE,easy,0.09363419179573759,1.7005847848561901,229,0,0.8070995830549861,-1.386369058889032,-11.378256874695895,0.07566950660514421,-0.20331269938086086,-10.195200515187723
DASATINIB,PREDNISONE,easy,0.36787089566800807,0.687312628926396,356,0,0.5071047438906208,-1.0102137385909866,-11.00210155439785,0.18660663652010212,-0.45755570710394466,-10.449443522910807
APREMILAST,MYCOPHENOLATE MOFETIL,easy,0.014453450155735934,0.6428222670492816,78,0,0.1039151493870638,-0.27241776897142994,-10.264305584778294,0.0014899855184057843,-0.004292796404351041,-9.996180612211214
CYTARABINE,TOCILIZUMAB,easy,0.48866075196298014,0.2305753522308547,142,0,0.14381002269949364,-0.3647069416770674,-10.35659475748393,0.0330573356707672,-0.0923626227859303,-10.084250438592793
GEMCITABINE,NIVOLUMAB,easy,1.2381450732297883,1.4525856692309949,823,1,2.8838165918481686,-1.1736888735281077,-4.970916141889455,3.0480450656870475,-1.242061833503591,-5.039289101864938
DICLOFENAC,LATANOPROST,easy,1.9156056318399564,0.041402983236360866,55,0,0.21835449979162552,-0.5227678785159848,-10.514655694322848,0.009070095762554348,-0.025936225159071753,-10.017824040965934
FEXOFENADINE,GUAIFENESIN,easy,0.24964158015148885,0.22624390051884913,97,0,0.05018593371059014,-0.13799116067845216,-10.129878976485315,0.011384814412142674,-0.03248122545447278,-10.024369041261336
ETOPOSIDE,VALACYCLOVIR,easy,0.6191935721090637,0.6969455901894963,210,0,0.3033273149342275,-0.6840598373352399,-10.675947653142103,0.18845862025958882,-0.4614418490294054,-10.453329664836268
CARVEDILOL,TOPIRAMATE,easy,1.2559062467821966,1.7005847848561901,79,0,0.32033050932531953,-0.7142771905701992,-10.706165006377063,0.34912976071138596,-0.7640569427897846,-10.755944758596648
APIXABAN,MACITENTAN,easy,0.29775760877570834,0.09230133692673324,143,0,0.08824543678042701,-0.2344901291303655,-10.226377944937228,0.008094208645248062,-0.023167925228587318,-10.01505574103545
BUPROPION,METOCLOPRAMIDE,easy,1.713431248898844,1.6981496919460144,77,0,0.3848450629972189,-0.8234967654898824,-10.815384581296746,0.4643225708921315,-0.9475877212599466,-10.939475537066809
CODEINE,WARFARIN,easy,1.996416441410018,1.4690751930517714,179,0,0.9146394214180406,-1.5004343702132434,-11.492322186020106,1.085858320803938,-1.6652638876851846,-11.657151703492048
METHYLPREDNISOLONE,SODIUM CHLORIDE,easy,1.3769744019482795,0.3186522820464445,405,2,1.1557775155722636,0.5944192618715156,-1.994221116535761,0.36801079526358793,1.5261432045054355,-1.0624971739018414
FILGRASTIM,IFOSFAMIDE,easy,0.6992528527286156,1.102880838026399,649,3,1.4834285714285715,0.819358478948649,-1.2310848768932685,1.0429060360158497,1.1817047185428382,-0.8687386372990792
INFLIXIMAB,ROFECOXIB,easy,0.2281513595789778,0.5952361977702864,72,0,0.08882090251905948,-0.23590079156417113,-10.227788607371034,0.02011515217611076,-0.05690297275433477,-10.048790788561197
SODIUM CHLORIDE,TAMSULOSIN,easy,0.3186522820464445,1.8019326367078718,72,0,0.26888365269194864,-0.620837211513657,-10.61272502732052,0.08553830089301118,-0.22783544766007768,-10.21972326346694
FENTANYL,METOCLOPRAMIDE,easy,1.6641959255224423,1.6981496919460144,555,23,2.717251085887197,2.8687603181648673,2.218953980253644,3.217573944319953,2.660227413221667,2.010421075310444
CARBOPLATIN,DEXTROSE,easy,0.729515412990319,0.16459992484171662,184,0,0.2781926467733862,-0.6381992533060965,-10.630087069112959,0.045542315793509563,-0.12576301076824206,-10.117650826575105
APIXABAN,DUPILUMAB,easy,0.29775760877570834,0.03409434246066283,64,0,0.03949446121641489,-0.10968005330298299,-10.101567869109846,0.0013074853777342063,-0.0037676812969506535,-9.995655497103813
DARBEPOETIN ALFA,RIBAVIRIN,easy,0.13070687401192022,0.9461939007856713,60,0,0.11765888978278359,-0.30488221592338954,-10.296770031730253,0.015358546309760563,-0.04364840149036553,-10.035536217297228
TOCILIZUMAB,ZOLEDRONIC ACID,easy,0.2305753522308547,1.1363403219371224,58,4,0.13659341483537088,2.821480863065378,1.0847233759962862,0.031423975325584774,3.081989779485325,1.3452322924162328
ACETAMINOPHEN,WARFARIN,easy,1.4241685104647568,1.4690751930517714,1486,2,5.830672951208781,-1.3404307715543111,-3.929071149961588,6.429793042728485,-1.4708841722388042,-4.059524550646081
ACETAMINOPHEN,BELIMUMAB,easy,1.4241685104647568,0.11174394780837181,141,0,0.4161729443769422,-0.8736918641816642,-10.865579679988526,0.04677131183811259,-0.12900945428438249,-10.120897270091245
CARBOPLATIN,HEPARIN,easy,0.729515412990319,0.773848026948925,69,0,0.11066189982959672,-0.2884457410558796,-10.280333556862743,0.08064988506455081,-0.21574042789298734,-10.20762824369985
DEXAMETHASONE,PEMBROLIZUMAB,easy,0.7259250103640954,1.280594158798573,427,0,1.1332683059613464,-1.70776180981201,-11.699649625618873,0.8226021002232441,-1.4033790976134795,-11.395266913420341
ERLOTINIB,PEMBROLIZUMAB,easy,0.43160330960608784,1.280594158798573,63,0,0.16720352055167406,-0.4161988064087653,-10.408086622215627,0.07218946921213265,-0.19456485112179683,-10.186452666928659
ACETAMINOPHEN,OXALIPLATIN,easy,1.4241685104647568,0.5390082292070726,140,0,0.4132213632111483,-0.8690365143886573,-10.86092433019552,0.22408585962143646,-0.5342326824014677,-10.52612049820833
LEUCOVORIN,RUXOLITINIB,easy,0.13805732950974237,0.10781362520466525,130,0,0.03719599427753934,-0.10352045213883557,-10.095408267945698,0.004001845626962179,-0.011500921917175375,-10.003388737724038
OFATUMUMAB,RITUXIMAB,easy,0.029408811277902694,0.16796801934731603,587,0,0.2043421948510026,-0.49434841759832304,-10.486236233405187,0.006049475155973033,-0.017350345512174337,-10.009238161319038
PSEUDOEPHEDRINE,SALMETEROL,easy,0.2534858768776199,0.3041750623644556,55,0,0.0346720600982375,-0.0967261941347729,-10.088614009941635,0.008768478257457024,-0.025081193521063742,-10.016969009327926
ASPIRIN,NINTEDANIB,easy,1.4037989449123882,0.10235326851049309,63,0,0.1832900174683652,-0.4505699550130186,-10.442457770819882,0.018802311741100575,-0.05325681324887904,-10.045144629055741
CABOZANTINIB S MALATE,PEMBROLIZUMAB,easy,0.3296586426576289,1.280594158798573,262,2,0.6953543235641049,1.0644897736855867,-1.5241506047216902,0.2293384905870691,1.777267655945028,-0.8113727224622488
GABAPENTIN,TIOTROPIUM,easy,1.6973240275835393,0.1639557165910122,204,0,0.7176096630642085,-1.2840517133623541,-11.275939529169216,0.1177834839979539,-0.30517320716794105,-10.297061022974804
CARVEDILOL,METOPROLOL,easy,1.2559062467821966,1.7999073221293354,496,1,2.1132883367627113,-0.8009038122521889,-4.598131080613536,2.2825109461566804,-0.8914248622943797,-4.6886521306557265
GABAPENTIN,NALTREXONE,easy,1.6973240275835393,0.923591076416693,202,0,0.7105742742106378,-1.2756915979226096,-11.267579413729472,0.6559687648175476,-1.2091024156139927,-11.200990231420855
CYCLOPHOSPHAMIDE,INSULIN GLARGINE,easy,0.3489363419813354,0.3262384726407933,63,0,0.04555962123272431,-0.125808774542442,-10.117696590349304,0.01471536872945963,-0.04184676529212227,-10.033734581098985
MAGNESIUM CHLORIDE,PREDNISONE,easy,0.05244373876549362,0.687312628926396,63,0,0.08974044625030649,-0.23815204721841482,-10.230039863025278,0.004662678055991446,-0.013391302280993753,-10.005279118087856
RITONAVIR,TAMSULOSIN,easy,1.552853002981992,1.8019326367078718,96,0,0.46850686957469245,-0.9538341869470456,-10.945722002753909,0.5565295227967954,-1.079333081326276,-11.07122089713314
POTASSIUM CHLORIDE,PROPRANOLOL,easy,1.9381770244265069,1.9511692793488442,70,0,0.4191707686492514,-0.8784048234237642,-10.870292639230627,0.5455086529931258,-1.0642050022226732,-11.056092818029535
DICLOFENAC,LOPERAMIDE,easy,1.9156056318399564,0.7971200351397586,96,0,0.38112785418174633,-0.8174232786406983,-10.80931109444756,0.30408568191034047,-0.6854211456722232,-10.677308961479087
MONTELUKAST,PSEUDOEPHEDRINE,easy,0.4433887033753939,0.2534858768776199,136,0,0.12497319814990657,-0.3218662265268574,-10.31375404233372,0.03180070712787451,-0.08895760064067336,-10.080845416447536
CISPLATIN,IBRUTINIB,easy,0.4576706606206084,0.29585643208158724,431,2,0.40881205538132026,1.459874217472301,-1.128766160934976,0.12125335368985972,2.0086744550295075,-0.5799659233777694
RITUXIMAB,SECUKINUMAB,easy,0.16796801934731603,0.0424690401849379,923,0,0.3213080849190382,-0.7159954050819708,-10.707883220888833,0.01355053601426944,-0.038578157254533105,-10.030465973061396
METHOTREXATE,THALIDOMIDE,easy,0.24755311801321087,0.2858304405168826,507,0,0.30033765772169896,-0.6786806980451682,-10.67056851385203,0.07439622784269218,-0.20011817988204392,-10.192005995688907
CAPECITABINE,POTASSIUM CHLORIDE,easy,0.42713136180705835,1.9381770244265069,58,0,0.23297793206050088,-0.5518416685656677,-10.54372948437253,0.09957804881143337,-0.2620194707689988,-10.253907286575862
LENALIDOMIDE,METOPROLOL,easy,0.1509802183237506,1.7999073221293354,88,0,0.3282661996497373,-0.728166420655011,-10.720054236461873,0.04894322512864363,-0.13472885022480896,-10.126616666031671
MOMETASONE,TIOTROPIUM,easy,0.07737187679078766,0.1639557165910122,1934,0,0.6571679653172419,-1.210598289806296,-11.20248610561316,0.05517293667424229,-0.1510091468805801,-10.142896962687443
CERTOLIZUMAB PEGOL,IBUPROFEN,easy,0.0830204712465506,1.613575934691527,274,0,0.9162907922318377,-1.5021175093753985,-11.494005325182261,0.07611586806258303,-0.2044308998850387,-10.196318715691902
FLUOROURACIL,PREDNISOLONE,easy,0.25313903476097227,1.113408648178296,243,0,0.5607305463576159,-1.0850582200561738,-11.076946035863036,0.14188671710112924,-0.3603906119661084,-10.352278427772971
CELECOXIB,LANSOPRAZOLE,easy,0.7217016592342094,1.5788646382413933,204,2,0.667526354814791,1.0984729783301892,-1.4901674000770875,0.4818089582631844,1.348413859511067,-1.2402265188962096
ATEZOLIZUMAB,PEGFILGRASTIM,easy,1.1820240439651915,0.08174724126126075,69,0,0.1690319310694374,-0.42014697352225694,-10.41203478932912,0.013794281664791295,-0.039262738792869414,-10.031150554599732
CISPLATIN,TOCILIZUMAB,easy,0.4576706606206084,0.2305753522308547,93,0,0.0882123460567582,-0.23440897054797413,-10.226296786354837,0.020248502475350157,-0.05727281231112298,-10.049160628117985
LETROZOLE,METHOTREXATE,easy,0.44423660650716645,0.24755311801321087,176,0,0.16203930143568201,-0.4049887691290433,-10.396876584935907,0.03981436359251438,-0.11053527022417138,-10.102423086031035
AZATHIOPRINE,VALSARTAN,easy,1.2566055883323952,1.1262743399204835,79,0,0.2264148542413971,-0.5388656092850903,-10.530753425091953,0.23196494688297808,-0.5498464659594228,-10.541734281766285
ACETAMINOPHEN,MESALAMINE,easy,1.4241685104647568,0.4064151133538791,329,1,0.9710702035461984,0.028096403080704865,-3.769130865280642,0.3951840120241047,0.7447063255805321,-3.0525209427808147
MELPHALAN,METHOTREXATE,easy,0.535552365503269,0.24755311801321087,1500,2,1.6648938630162327,0.20763179836659437,-2.3810085800406826,0.4312507447288727,1.424686515577023,-1.1639538628302541
DOXYCYCLINE,ESOMEPRAZOLE,easy,0.9330989278467624,1.5133417257394122,59,0,0.18504713679215268,-0.45427516570640764,-10.44616298151327,0.1728902507663296,-0.4284431237866451,-10.420330939593509
CARVEDILOL,INSULIN ASPART,easy,1.2559062467821966,0.738836127788696,87,0,0.22644869628750172,-0.5389328196601868,-10.53082063546705,0.16735999181585276,-0.41653710475997113,-10.408424920566834
LEUCOVORIN,OXYCODONE,easy,0.13805732950974237,0.8173775172444036,72,0,0.1219687395564843,-0.31491397675441135,-10.306801792561274,0.01677530427642024,-0.04760903309874547,-10.039496848905609
EPIRUBICIN,FILGRASTIM,easy,0.7017652106024378,0.6992528527286156,308,0,0.44795656178794785,-0.9228928571381649,-10.914780672945028,0.3159407257819683,-0.7065362561740567,-10.69842407198092
METRONIDAZOLE,SALMETEROL,easy,1.208111021941158,0.3041750623644556,70,4,0.1752662271805274,2.736396692078096,0.9996392050090042,0.05327758765257812,3.0238496125225014,1.2870921254534098
FLUOROURACIL,OCTREOTIDE,easy,0.25313903476097227,0.26217282981105694,80,0,0.04346813630365598,-0.12026735721107483,-10.112155173017937,0.010986703632983933,-0.031357656447102464,-10.023245472253965
APREMILAST,EVOLOCUMAB,easy,0.014453450155735934,0.31466983722229647,56,0,0.036520481429825925,-0.10170515138471133,-10.093592967191574,0.0005212420952453723,-0.0015032033750152405,-9.993391019181878
CLINDAMYCIN,LANSOPRAZOLE,easy,1.2109212610843265,1.5788646382413933,68,1,0.25223383696919294,0.995709392487801,-2.8015178758735457,0.2693927823462349,0.9631702997953254,-2.8340569685660215
MORPHINE,NIACIN,easy,1.291544779201578,1.5216783351496688,84,0,0.3156631486847052,-0.7060453783184495,-10.697933194125312,0.34280233446944425,-0.7532662153794205,-10.745154031186283
ENZALUTAMIDE,MORPHINE,easy,0.23284154369142498,1.291544779201578,68,0,0.18201690794316433,-0.4478794107893401,-10.439767226596203,0.042397244980497496,-0.11742175566825853,-10.109309571475121
ESOMEPRAZOLE,POLYETHYLENE GLYCOL 3350,easy,1.5133417257394122,0.39707207723693405,151,1,0.47359521450195,0.6235685187968859,-3.173658749564461,0.18828159390118768,1.1238916658426452,-2.673335602518702
EVEROLIMUS,FULVESTRANT,easy,0.6932762508376293,0.9546700995620577,1044,0,2.065604498594189,-2.359298788551473,-12.351186604358336,1.4561155213587276,-1.9679915733423017,-11.959879389149165
LENVATINIB,SORAFENIB,easy,0.6969013433630691,0.8677833277575314,126,1,0.22660797955416725,1.0457133861997214,-2.7515138821616256,0.15816247294660124,1.1884468262676269,-2.60878044209372
LEVOTHYROXINE,MORPHINE,easy,1.2167115580314125,1.291544779201578,385,1,1.2034532934130657,-0.1834998903379211,-3.980727158699268,1.2545674440925372,-0.22615290406522015,-4.023380172426567
RITONAVIR,TELAPREVIR,easy,1.552853002981992,0.9023229591707214,56,0,0.18022362664073893,-0.444081022074967,-10.43596883788183,0.16293437524878038,-0.40693796822717393,-10.398825784034036
TACROLIMUS,TEZACAFTOR,easy,0.8883454192721698,0.7473177354614773,68,0,0.1251941775501985,-0.32237624765595846,-10.31426406346282,0.09351500310297568,-0.2473564044468534,-10.239244220253717
BENRALIZUMAB,FORMOTEROL,easy,0.23754681361681226,0.16948715238722878,770,0,0.37908210710573814,-0.8140698258648995,-10.805957641671762,0.06676992452519212,-0.1808351092232463,-10.17272292503011
CISPLATIN,METHYLPREDNISOLONE,easy,0.4576706606206084,1.3769744019482795,1555,1,4.4376149054688145,-1.7188518214551607,-5.5160790898165075,2.0360380408975853,-0.7576138855300918,-4.554841153891439
ANASTROZOLE,ZOLEDRONIC ACID,easy,0.6175263215887037,1.1363403219371224,523,1,1.2316957923948098,-0.2072230128595626,-4.004450281220909,0.76020939203366,0.2512990338609219,-3.5459282345004253
DULOXETINE,NALTREXONE,easy,1.8648810916774137,0.923591076416693,111,0,0.42901005965767536,-0.8937661238300006,-10.885653939636864,0.3964892933832596,-0.842358258451561,-10.834246074258424
ASPIRIN,MONTELUKAST,easy,1.4037989449123882,0.4433887033753939,800,0,2.327492285312574,-2.4995230878909664,-12.49141090369783,1.0274355973998748,-1.611111551716289,-11.602999367523152
LEVOTHYROXINE,ZOLEDRONIC ACID,easy,1.2167115580314125,1.1363403219371224,72,0,0.20190184935677422,-0.4893412100780585,-10.481229025884922,0.20648756881035357,-0.49873608057144303,-10.490623896378306
APIXABAN,RUXOLITINIB,easy,0.29775760877570834,0.10781362520466525,100,0,0.061710095650648264,-0.16789763791029969,-10.159785453717163,0.0065937269022572,-0.018901117530130386,-10.010788933336993
ECULIZUMAB,METHOTREXATE,easy,0.37326055658620966,0.24755311801321087,67,0,0.05182988598898569,-0.14229549736115038,-10.134183313168013,0.012684554920716778,-0.03614334102821398,-10.028031156835077
DEXAMETHASONE,LOPERAMIDE,easy,0.7259250103640954,0.7971200351397586,170,0,0.28084454831170924,-0.6431072682017186,-10.634995084008581,0.203830068924368,-0.4932990551215197,-10.485186870928382
OXYCODONE,TIOTROPIUM,easy,0.8173775172444036,0.1639557165910122,90,0,0.15246092444560538,-0.3839634071068537,-10.375851222913717,0.02485280372860157,-0.06998477721263387,-10.061872593019496
BORTEZOMIB,ECULIZUMAB,easy,0.4052305223209832,0.37326055658620966,66,0,0.05542930540460429,-0.151675203347042,-10.143563019153905,0.020630921286588645,-0.058332903873594785,-10.050220719680457
ADALIMUMAB,PANCRELIPASE AMYLASE,easy,0.15095611229683062,0.0,58,0,0.01814562985298762,-0.05142954344666386,-10.043317359253527,0.0,0.0,-9.991887815806862
ABATACEPT,ZOLEDRONIC ACID,easy,0.04578015674894162,1.1363403219371224,56,0,0.13188329708242705,-0.3377300358767887,-10.329617851683652,0.006013336035285754,-0.01724731291450721,-10.00913512872137
CYCLOPHOSPHAMIDE,SORAFENIB,easy,0.3489363419813354,0.8677833277575314,160,0,0.2877561645132283,-0.655821044076641,-10.647708859883505,0.10036346530056954,-0.2639080905432185,-10.255795906350082
CARBIDOPA,TAMSULOSIN,easy,1.0768121312668408,1.8019326367078718,83,0,0.32317609428557553,-0.7192729908959843,-10.711160806702848,0.3336940595854492,-0.7375899606107881,-10.729477776417651
DURVALUMAB,FLUOROURACIL,easy,0.7321498465850727,0.25313903476097227,135,0,0.20484581497797358,-0.4953796075964474,-10.48726742340331,0.051967612445549184,-0.142655522233822,-10.134543338040684
ASPIRIN,ROSIGLITAZONE,easy,1.4037989449123882,0.12473071238531254,66,1,0.19201811353828735,1.1160807947843059,-2.681146473577041,0.02395191333619273,1.5174561837976865,-2.2797710845636603
CODEINE,HYDROMORPHONE,easy,1.996416441410018,0.3916573749765484,1551,3,6.417358288509747,-0.9828662615107819,-3.0333096173526997,2.5264790346815746,0.20971456495156693,-1.8407287908903505
CYCLOPHOSPHAMIDE,OLAPARIB,easy,0.3489363419813354,0.2418234684691773,89,0,0.06436200459861052,-0.1746927675652798,-10.166580583372143,0.015507283903737994,-0.04406471753155147,-10.035952533338413
ALBUTEROL,MORPHINE,easy,0.3205170454188135,1.291544779201578,477,7,1.2767950748366086,2.0776132966647065,0.8173779556264053,0.4090550252866612,3.0444510668074614,1.7842157257691602
INFLIXIMAB DYYB,SODIUM CHLORIDE,easy,0.17568191029912597,0.3186522820464445,70,0,0.04622835339007925,-0.1275761079628051,-10.119463923769668,0.008075127775385415,-0.023113745525769756,-10.015001561332632
MYCOPHENOLATE MOFETIL,PIRFENIDONE,easy,0.6428222670492816,0.05041773899705332,117,0,0.1558727240805957,-0.3914877837473162,-10.38337559955418,0.007843281189777594,-0.022455259721873424,-10.014343075528735
GABAPENTIN,SULFASALAZINE,easy,1.6973240275835393,0.29206718806252,278,0,0.9779190506463233,-1.56356725160222,-11.555455067409083,0.28534983435882105,-0.6514073513048722,-10.643295167111734
GEMCITABINE,IMATINIB,easy,1.2381450732297883,0.6890161678876885,77,0,0.19758574578047636,-0.4804424660102739,-10.472330281817136,0.13613683578217345,-0.3474090339410033,-10.339296849747866
ONDANSETRON,RIVAROXABAN,easy,1.3281320303786115,0.5112275935756754,64,1,0.17616295072942473,1.149519627385623,-2.647707640975724,0.08990366936708585,1.3464112124443217,-2.450816055917025
ABATACEPT,OXYCODONE,easy,0.04578015674894162,0.8173775172444036,1050,0,1.7787107851987294,-2.1882178288431806,-12.180105644650043,0.08121126114125068,-0.21713456100019618,-10.20902237680706
SARILUMAB,TOFACITINIB,easy,0.022998587542256886,0.09062200011955265,325,0,0.061039414021625396,-0.16617403141221473,-10.158061847219077,0.0014133444634079429,-0.004072297245790789,-9.995960113052654
ESOMEPRAZOLE,MYCOPHENOLATE MOFETIL,easy,1.5133417257394122,0.6428222670492816,288,0,0.9032809389176266,-1.48880386755282,-11.480691683359684,0.5811559713585389,-1.112574666341463,-11.104462482148326
ERLOTINIB,SORAFENIB,easy,0.43160330960608784,0.8677833277575314,307,0,0.5521321406597567,-1.073315908720108,-11.06520372452697,0.2401403615372571,-0.56587079705881,-10.557758612865673
APIXABAN,IMATINIB,easy,0.29775760877570834,0.6890161678876885,55,0,0.07853901564433725,-0.21048616051902322,-10.202373976325886,0.02323452121391585,-0.06552963314502307,-10.057417448951886
HYDROMORPHONE,VALSARTAN,easy,0.3916573749765484,1.1262743399204835,59,0,0.13771763396197054,-0.35098967979891116,-10.342877495605775,0.05387332123884786,-0.1476279540970527,-10.139515769903916
MESALAMINE,ONDANSETRON,easy,0.4064151133538791,1.3281320303786115,64,0,0.17616295072942473,-0.43544287333553316,-10.427330689142396,0.07164381724622035,-0.19318841024652872,-10.185076226053392
AMOXICILLIN,CARBOPLATIN,easy,1.9074944534559102,0.729515412990319,154,11,0.6088038022475903,3.374557846252133,2.398020192650834,0.4447626916266128,3.6055380566453903,2.6290004030440914
BUPRENORPHINE,PROPRANOLOL,easy,1.1959665297843045,1.9511692793488442,97,0,0.4316428990691432,-0.8978489775181886,-10.889736793325051,0.46932303514644863,-0.9550494412783692,-10.946937257085231
AZATHIOPRINE,UNSPECIFIED INGREDIENT,hard,1.2566055883323952,2.484575520448672,327,1,1.8577139157024498,-0.6524261720338597,-4.449653440395207,2.091968365461274,-0.7890856097580762,-4.586312878119423
AMPHETAMINE,DULOXETINE,hard,3.270268892114582,1.8648810916774137,189,1,1.619744156762095,-0.49892764800872075,-4.296154916370067,2.368119692316443,-0.935142731096969,-4.7323699994583155
DEXTROAMPHETAMINE,HYDROCODONE,hard,2.0511343618337143,0.36538852979026465,310,2,1.3177989451310712,0.45973545360761264,-2.1289049247996643,0.48327751419008574,1.346257538374943,-1.2423828400323336
CLOPIDOGREL BISULFATE,HEPARIN,hard,2.5591481215317637,0.773848026948925,1968,1,10.437917714145565,-2.8663037080363387,-6.663530976397686,7.417165542566809,-2.4000215167552907,-6.197248785116638
FLUOXETINE,SERTRALINE,hard,4.518088776638668,3.8841214698766486,1881,14,28.85649394592845,-1.0176267767672371,-1.8713696217790934,57.34516325847431,-1.9961434327358312,-2.8498862777476877
DUPILUMAB,LISINOPRIL,hard,0.03409434246066283,2.0393431011795955,66,0,0.27895078320511635,-0.639604081834724,-10.631491897641586,0.009353279454051226,-0.02673853926115249,-10.018626355068015
CEFTRIAXONE,FLUTICASONE,hard,2.493309391031982,0.170907796311199,128,0,0.6614233063566245,-1.215893890098439,-11.207781705905301,0.11310801546340378,-0.29421317094625765,-10.286100986753121
BISOPROLOL,LEVODOPA,hard,4.99023508179959,1.1638365540751652,305,0,3.257944196929352,-2.9099436438173023,-12.901831459624166,3.6289206438357295,-3.0457646907725437,-13.037652506579407
HYDROCHLOROTHIAZIDE,TRAMADOL,hard,3.1775291676853943,2.8983790614189955,988,21,10.393553542306957,0.9808620132349927,0.2979708026603156,18.156814157992724,0.2046340075407439,-0.47825720303393354
CAPECITABINE,SIMVASTATIN,hard,0.42713136180705835,48.434632158663995,82,6,8.231201051068984,-0.42574040435489746,-1.8017293704206623,4.066579246661022,0.5093258486611567,-0.8666631174046082
HYDROCODONE,LOSARTAN,hard,0.36538852979026465,3.570047361260348,153,0,1.13203214695752,-1.7066694750786628,-11.698557290885526,0.41495448479598473,-0.8717718821788686,-10.863659697985732
ESTROGENS CONJUGATED,PREGABALIN,hard,0.04442187135302426,2.1050070186801157,258,3,1.1255546996952985,1.1064228187199587,-0.9440205371219585,0.0501625210190057,2.6694251553383155,0.618981799496398
CISPLATIN,TRIMETHOPRIM,hard,0.4576706606206084,2.129450832636014,100,0,0.44132747809748535,-0.9127686140784544,-10.904656429885318,0.20229216712354903,-0.4901432495603391,-10.482031065367202
BUDESONIDE,DIAZEPAM,hard,0.26886302654389993,4.80303842573445,164,0,1.6325002658725938,-2.0925459214136937,-12.084433737220557,0.44194557953584596,-0.9137156163289181,-10.90560343213578
OLANZAPINE,TAPENTADOL,hard,7.063076941925239,0.17342310187884477,108,0,1.5809241883138927,-2.057224406142017,-12.04911222194888,0.2771526243502777,-0.6362698612364157,-10.628157677043278
GUAIFENESIN,METHADONE,hard,0.22624390051884913,3.4096390944373844,176,0,1.2436965547581733,-1.8021489982367425,-11.794036814043606,0.2789168516912716,-0.6395412358962568,-10.631429051703119
HALOPERIDOL,RITONAVIR,hard,10.179300940961772,1.552853002981992,57,1,1.267812708499964,-0.23700293530272984,-4.034230203664077,1.8621756150624391,-0.6551537246242076,-4.452380992985555
HYDROCHLOROTHIAZIDE,TRIMETHOPRIM,hard,3.1775291676853943,2.129450832636014,452,1,4.034638620752512,-1.5960250818249087,-5.3932523501862555,6.199658832483905,-2.159125130190214,-5.956352398551561
HYDROCORTISONE,TRAZODONE,hard,1.7706437401827775,4.239808234389531,91,1,0.9449561319571085,0.05393680672781122,-3.7432904616335354,1.3944418737488222,-0.3368103742847153,-4.134037642646062
AMLODIPINE,PEMBROLIZUMAB,hard,3.881514367585462,1.280594158798573,183,1,1.5785481784311641,-0.4706136876924967,-4.267840956053844,1.8986172632519214,-0.6772404708076775,-4.474467739169024
ACETAMINOPHEN,CIPROFLOXACIN,hard,1.4241685104647568,4.174266022376609,1314,7,12.522721570259948,-0.7960684827752815,-2.056303823813583,16.06863739024982,-1.1434924590402438,-2.403727800078545
ATORVASTATIN,FEXOFENADINE,hard,23.292004455642303,0.24964158015148885,80,0,3.8618037772750253,-3.124924869492704,-13.116812685299568,1.0762441241983558,-1.6564909925958786,-11.648378808402741
CIPROFLOXACIN,INFLIXIMAB,hard,4.174266022376609,0.2281513595789778,539,1,4.6629659000793025,-1.7832375688193431,-5.58046483718069,1.069277410443238,-0.06513790785901356,-3.8623651762203606
CARBAMAZEPINE,ROSUVASTATIN,hard,3.163753453082705,28.620969757239056,147,19,9.378771161876442,0.981070625324121,0.2597004670466905,24.49257675421985,-0.35802552810563004,-1.0793956863830607
DIPHENHYDRAMINE,METOCLOPRAMIDE,hard,2.2195871975044184,1.6981496919460144,399,0,2.412750273130687,-2.5423820162191055,-12.534269832025968,3.0543608517412553,-2.8295901564904375,-12.8214779722973
BUPRENORPHINE,LORAZEPAM,hard,1.1959665297843045,5.194239297993008,527,3,5.887207130988651,-0.8678303144260081,-2.9182736702679257,6.700336058557878,-1.0407093204279818,-3.0911526762698993
HYDROXYZINE,OLANZAPINE,hard,4.480636870050173,7.063076941925239,535,3,11.69070610591842,-1.8003548644978102,-3.8507982203397275,28.731092425149743,-3.062076919417989,-5.112520275259906
METFORMIN,SALMETEROL,hard,3.1194460131509523,0.3041750623644556,428,0,2.767034629608876,-2.707981747001324,-12.699869562808187,0.846338432512943,-1.4290411094549296,-11.420928925261792
CARBOPLATIN,LEVOFLOXACIN,hard,0.729515412990319,3.0047540440999456,59,0,0.36741280780695257,-0.7947906506230351,-10.786678466429898,0.26914410384778187,-0.6213258263555,-10.613213642162362
AMBRISENTAN,FUROSEMIDE,hard,0.027537926375147886,5.234688035560081,340,0,3.6886128364389235,-3.066472538593728,-13.058360354400591,0.10237743906351143,-0.26873964265118866,-10.260627458458051
CYCLOPHOSPHAMIDE,DIAZEPAM,hard,0.3489363419813354,4.80303842573445,75,0,0.746570243539296,-1.3179641801824153,-11.309851995989279,0.2626177458873112,-0.609032007650234,-10.600919823457097
DEXTROAMPHETAMINE,LAMOTRIGINE,hard,2.0511343618337143,2.670342599521134,159,0,1.2263256455609577,-1.7877046330696107,-11.779592448876473,1.7887768421192154,-2.194576805636026,-12.186464621442889
GABAPENTIN,UNSPECIFIED INGREDIENT,hard,1.6973240275835393,2.484575520448672,867,3,5.717404430860489,-0.8289575045609672,-2.879400860402885,7.424339998245725,-1.1789358591364767,-3.2293792149783944
INFLIXIMAB,SPIRONOLACTONE,hard,0.2281513595789778,4.410515234337747,95,0,0.8683729433272395,-1.45246148326586,-11.444349299072723,0.19885117856677392,-0.4830571692929801,-10.474944985099842
MEPOLIZUMAB,SITAGLIPTIN,hard,0.10088965220195956,3.1632968623290343,63,0,0.41302263351544205,-0.8687225296767368,-10.8606103454836,0.04187928838666425,-0.11604341085830801,-10.10793122666517
CIPROFLOXACIN,LORAZEPAM,hard,4.174266022376609,5.194239297993008,178,2,3.087175012237254,-0.5209200387904049,-3.109560417197682,7.707414796670981,-1.7149997729924307,-4.303640151399708
CLONAZEPAM,IRBESARTAN,hard,3.8807804287121943,4.789923437726823,100,0,1.589749028587601,-2.0633296901754528,-12.055217505982316,3.7202029603355316,-3.0773123834889695,-13.069200199295832
INSULIN GLARGINE,PAROXETINE,hard,0.3262384726407933,3.7569411535215695,70,0,0.5450367472510776,-1.0635536735451865,-11.055441489352049,0.1788993664168867,-0.4412696440434866,-10.43315745985035
METHYLPREDNISOLONE,SPIRONOLACTONE,hard,1.3769744019482795,4.410515234337747,100,1,0.9922045135855491,0.007517223495496719,-3.78971004486585,1.2551953518251502,-0.22666910953796315,-4.02389637789931
PAROXETINE,RISPERIDONE,hard,3.7569411535215695,4.522367096463803,1243,32,18.752302085868656,0.7554087523703072,0.21210954144669703,39.517300180943,-0.30018411909374115,-0.8434833300173513
AMOXICILLIN,VORICONAZOLE,hard,1.9074944534559102,4.640234739765273,190,2,2.184551088631845,-0.10275276563205121,-2.691393144039328,3.4201633264123052,-0.6489856679471162,-3.237626046354393
ALLOPURINOL,DOXORUBICIN,hard,6.008206666908847,0.46115871799345265,249,0,3.1005415914456322,-2.8482139322562396,-12.840101748063102,1.4333602082828714,-1.9511104540467819,-11.942998269853645
HYDROCHLOROTHIAZIDE,TENOFOVIR DISOPROXIL,hard,3.1775291676853943,1.6607132304586378,93,0,0.739790412205324,-1.3100962522019481,-11.30198406800881,1.021264265895547,-1.6052707921026894,-11.597158607909552
BUPROPION,UNSPECIFIED INGREDIENT,hard,1.713431248898844,2.484575520448672,621,2,4.115895410928511,-0.8846824402216343,-3.473322818628911,5.384324237925529,-1.234948649251147,-3.8235890276584237
ANASTROZOLE,UNSPECIFIED INGREDIENT,hard,0.6175263215887037,2.484575520448672,110,1,0.5664195551993588,0.49218735988299217,-3.3050399084783546,0.3487102721290816,0.8216184567887536,-2.9756088115725934
DICLOFENAC,HYDROCHLOROTHIAZIDE,hard,1.9156056318399564,3.1775291676853943,728,26,6.175623033398965,1.9890179652912243,1.3811312390628514,9.022290578856603,1.4766118002248176,0.8687250739964447
ALPRAZOLAM,DICLOFENAC,hard,3.2976592896695216,1.9156056318399564,331,17,2.8902812984951085,2.367878035292122,1.6010211858839387,4.305470957636732,1.8646051884534514,1.0977483390452683
AMLODIPINE,DEXTROMETHORPHAN,hard,3.881514367585462,1.1117394603933426,95,0,0.7862196128601281,-1.3631369936254811,-11.355024809432344,0.8535839346284917,-1.4367843506617028,-11.428672166468566
APIXABAN,CLONAZEPAM,hard,0.29775760877570834,3.8807804287121943,75,0,0.6032171581769437,-1.1417168001663878,-11.133604615973251,0.18055015280477907,-0.4447733894526139,-10.436661205259476
BISOPROLOL,PAROXETINE,hard,4.99023508179959,3.7569411535215695,375,14,6.020992063852935,1.1528895311735388,0.2991466861616824,13.649619210976937,0.035289671905825534,-0.8184531731060309
LURASIDONE,QUETIAPINE,hard,1.65572518991953,5.54026350671417,1007,1,12.931039515281393,-3.16253656278145,-6.959763831142797,15.514870365175911,-3.416377714209818,-7.213604982571165
MIRTAZAPINE,SITAGLIPTIN,hard,6.071519070142814,3.1632968623290343,77,2,1.3141289195926293,0.46265111143099835,-2.1259892669762785,2.998532617371169,-0.4848218473013278,-3.073462225708605
ALLOPURINOL,OMEPRAZOLE,hard,6.008206666908847,2.402393275679143,799,29,12.271382675986823,1.207800229605775,0.6348375879560628,21.96299103944324,0.39316491317992613,-0.17979772846978587
COCAINE,DULOXETINE,hard,6.784072417700768,1.8648810916774137,156,9,2.4729763958870565,1.6760195045108008,0.582953266041126,4.004352329607064,1.0766078342721965,-0.016458404197478214
AMPHETAMINE,DIAZEPAM,hard,3.270268892114582,4.80303842573445,764,1,11.199773444260988,-2.96344618773508,-6.760673456096427,21.962475487099567,-3.904482523514815,-7.701709791876162
ROSUVASTATIN,SECUKINUMAB,hard,28.620969757239056,0.0424690401849379,164,0,9.727954806249448,-4.354445785829479,-14.346333601636342,0.4631283617475821,-0.94579999239805,-10.937687808204913
AMIODARONE,FORMOTEROL,hard,5.84423665378893,0.16948715238722878,139,0,1.683588480262772,-2.126700991136513,-12.118588806943375,0.2875631860614174,-0.6554675804354853,-10.647355396242348
AZITHROMYCIN,MOXIFLOXACIN,hard,3.5714958292414325,1.5859630144572765,825,0,7.1084556586014385,-3.9276036495527893,-13.919491465359652,8.88389727790149,-4.23018722079681,-14.222075036603673
NIRMATRELVIR,SIMVASTATIN,hard,0.3365420669120859,48.434632158663995,182,4,18.269251113348233,-2.060374181727183,-3.797131668796275,6.351118725746645,-0.606414584923618,-2.3431720719927096
AMOXICILLIN,FLUOXETINE,hard,1.9074944534559102,4.518088776638668,400,3,4.497796196931366,-0.5139371495008,-2.5643805053427173,6.975184339172225,-1.094754234768919,-3.1451975906108367
AMLODIPINE,TREPROSTINIL,hard,3.881514367585462,0.03184886908492076,150,0,1.206662478977123,-1.7711777695238362,-11.763065585330699,0.03890442855376859,-0.10810134752095897,-10.099989163327821
CYCLOSPORINE,METOPROLOL,hard,3.4941568465009407,1.7999073221293354,159,2,1.4150083604866868,0.3845774042481727,-2.204062974159104,2.0754457446256613,-0.04289405310085726,-2.631534431508134
DULOXETINE,OMEPRAZOLE,hard,1.8648810916774137,2.402393275679143,717,2,4.85509925460159,-1.09898522010581,-3.687625598513087,6.5804615561792135,-1.5019153138823165,-4.090555692289593
CYCLOPHOSPHAMIDE,LEVOFLOXACIN,hard,0.3489363419813354,3.0047540440999456,444,0,2.7649370621404565,-2.7070551813542436,-12.698942997161106,0.9674086826845193,-1.5532707267511285,-11.545158542557992
ALBUTEROL,CITALOPRAM,hard,0.3205170454188135,3.2514622794734134,525,8,3.5377845011345666,1.0738989259848073,-0.09437899055985927,1.1365784176281721,2.376780109620594,1.2085021930759279
MIRTAZAPINE,VALACYCLOVIR,hard,6.071519070142814,0.6969455901894963,76,0,0.9563223533359433,-1.5423297278482258,-11.534217543655089,0.6616277173938087,-1.2161477827485738,-11.208035598555437
FORMOTEROL,RAMIPRIL,hard,0.16948715238722878,4.28299501996993,273,0,2.4232798325191904,-2.547587938505676,-12.539475754312539,0.41179015130654334,-0.866773731141433,-10.858661546948296
DULAGLUTIDE,METFORMIN,hard,0.17060106724617405,3.1194460131509523,1343,18,8.682540905525048,1.0105599478746647,0.2674483428647238,1.460320656803403,3.2383637050932457,2.495252100083305
LEVETIRACETAM,LEVOFLOXACIN,hard,8.311874198852694,3.0047540440999456,180,1,3.848607640652524,-1.5355910447281835,-5.332818313089531,9.072203045542507,-2.6738884989227425,-6.47111576728409
OXYCODONE,TRAZODONE,hard,0.8173775172444036,4.239808234389531,1873,3,16.458010795430773,-2.2765401219833485,-4.326983477825266,13.382815352434255,-1.9878733403946072,-4.038316696236525
ESOMEPRAZOLE,TRAZODONE,hard,1.5133417257394122,4.239808234389531,171,3,1.6844998561332083,0.6800519112884805,-1.370391444553437,2.2614262291637406,0.3419413353841821,-1.7085020204577355
LIDOCAINE,MIRTAZAPINE,hard,0.806249336212324,6.071519070142814,88,0,1.1073206196521448,-1.684657738748518,-11.67654555455538,0.8904167793339071,-1.475517397589858,-11.46740521339672
ARIPIPRAZOLE,HYDROXYZINE,hard,3.7848153094130987,4.480636870050173,349,2,5.2551053530890295,-1.2029142437199938,-3.7915546221272707,11.415738626943678,-2.2528683833704557,-4.841508761777733
DIPHENHYDRAMINE,LEVOFLOXACIN,hard,2.2195871975044184,3.0047540440999456,86,0,0.7529234020615887,-1.3252982176575572,-11.31718603346442,1.1845561536125255,-1.7523685205867423,-11.744256336393605
CLOZAPINE,ESOMEPRAZOLE,hard,2.112656682865892,1.5133417257394122,157,1,0.8544515903874531,0.1472536697918032,-3.649973598569544,1.0467259396695707,-0.04425509134297004,-3.8414823597043166
COCAINE,GABAPENTIN,hard,6.784072417700768,1.6973240275835393,543,1,8.419297388587253,-2.5719675666077495,-6.369194834969097,12.312911325645617,-3.0945639135506466,-6.8917911819119935
METOCLOPRAMIDE,VENLAFAXINE,hard,1.6981496919460144,4.104038720461546,296,4,2.945942446752324,0.3850263952010976,-1.3517310918679943,4.166685629204989,-0.05247328213079674,-1.7892307691998885
FUROSEMIDE,ROSIGLITAZONE,hard,5.234688035560081,0.12473071238531254,66,0,0.7160248447204969,-1.2821727049236786,-11.274060520730542,0.09059922734521546,-0.2402513741717802,-10.232139189978643
DIPHENHYDRAMINE,FENTANYL,hard,2.2195871975044184,1.6641959255224423,1435,1,8.576455694392703,-2.597166542349997,-6.394393810711343,10.666778886099273,-2.8961786873084825,-6.69340595566983
LEVETIRACETAM,SERTRALINE,hard,8.311874198852694,3.8841214698766486,376,0,8.724567724392916,-4.2054813061338185,-14.197369121940682,23.873980232723724,-5.607269955022699,-15.599157770829562
PIPERACILLIN,VORICONAZOLE,hard,2.844849609508806,4.640234739765273,608,4,8.171702738417325,-0.9463903012409849,-2.6831477883100767,14.511567536216221,-1.7380777272089551,-3.474835214278047
CIPROFLOXACIN,CISPLATIN,hard,4.174266022376609,0.4576706606206084,88,2,0.7613005551149882,0.9870159986760689,-1.601624379731208,0.3509097832045356,1.554850009946879,-1.0337903684603982
NALTREXONE,UNSPECIFIED INGREDIENT,hard,0.923591076416693,2.484575520448672,239,0,1.2306752153876979,-1.791335008868001,-11.783222824674864,1.1303418863755037,-1.7051745325902996,-11.697062348397163
AMIODARONE,VALPROIC ACID,hard,5.84423665378893,4.343328324522326,71,0,1.351923520332272,-1.8890245202419709,-11.880912336048834,3.595280868185864,-3.0339624001552545,-13.025850215962118
LEVOTHYROXINE,RISPERIDONE,hard,1.2167115580314125,4.522367096463803,413,0,4.056367737650729,-3.187884189512048,-13.179772005318911,4.694837185176034,-3.377078533379721,-13.368966349186584
ALCOHOL,BUPROPION,hard,3.195815956684072,1.713431248898844,1791,3,14.510489782850296,-2.1005442247890946,-4.150987580631012,18.728890092214133,-2.457848664333849,-4.508292020175767
ROSUVASTATIN,TOPIRAMATE,hard,28.620969757239056,1.7005847848561901,66,0,4.010737869256995,-3.1733634497213883,-13.165251265528251,6.725456772199099,-3.8530887934481304,-13.844976609254992
BACLOFEN,PROPRANOLOL,hard,2.1267601781828365,1.9511692793488442,128,0,0.816510893455718,-1.3967194589985001,-11.388607274805363,1.0918579675025502,-1.6707116180920476,-11.66259943389891
IRINOTECAN,SIMVASTATIN,hard,0.4166981090400384,48.434632158663995,76,1,7.628918047332229,-2.438100842769455,-6.235328111130801,3.4855604198663177,-1.40982009880591,-5.207047367167257
FLUCONAZOLE,RIFAMPIN,hard,6.497621096770969,2.81078961658743,359,1,6.181669146069137,-2.155246046282347,-5.952473314643694,11.889865803548217,-3.046126155687984,-6.843353424049331
ERLOTINIB,UNSPECIFIED INGREDIENT,hard,0.43160330960608784,2.484575520448672,114,0,0.587016629933881,-1.120374011882809,-11.112261827689672,0.25376284873180566,-0.5921825946874384,-10.5840704104943
DOXYCYCLINE,LINEZOLID,hard,0.9330989278467624,2.4245710744063,331,1,1.663245146881979,-0.5282346653417722,-4.325461933703119,1.5200542930573089,-0.4294315681330965,-4.226658836494443
ALCOHOL,ONDANSETRON,hard,3.195815956684072,1.3281320303786115,93,0,0.6792126873487255,-1.2378239518290501,-11.229711767635912,0.8129029613736107,-1.3927602884176709,-11.384648104224533
HYDROCORTISONE,VENLAFAXINE,hard,1.7706437401827775,4.104038720461546,75,0,0.7577063827598818,-1.330795157846714,-11.322682973653578,1.1245754675091741,-1.7000627637180796,-11.691950579524942
DIAZEPAM,HEPARIN,hard,4.80303842573445,0.773848026948925,88,1,0.8759757524194406,0.12450745377158985,-3.672719814589757,0.6775311968489727,0.3491972184261152,-3.4480300499352317
MONTELUKAST,SITAGLIPTIN,hard,0.4433887033753939,3.1632968623290343,132,0,0.8653807559371167,-1.4493033233817718,-11.441191139188634,0.38341639306460396,-0.8211655090252021,-10.813053324832065
SALMETEROL,SULFAMETHOXAZOLE,hard,0.3041750623644556,2.1134289523593943,123,1,0.5387485515643106,0.530116035424639,-3.267111232936708,0.1641284492480309,1.1754282950434585,-2.6217989733178886
ATORVASTATIN,ENZALUTAMIDE,hard,23.292004455642303,0.23284154369142498,127,0,6.130613496424102,-3.7291423616351587,-13.721030177442021,1.6031623184752952,-2.0725601991055775,-12.06444801491244
CITALOPRAM,LAMIVUDINE,hard,3.2514622794734134,1.4168577519364294,130,1,0.9883344215120049,0.01126377128546771,-3.7859634970758793,1.2362921264939264,-0.2110471970544631,-4.00827446541581
BISOPROLOL,HALOPERIDOL,hard,4.99023508179959,10.179300940961772,123,1,3.6120528206442657,-1.4548962958126057,-5.252123564173952,11.684215641319186,-3.0219789747472494,-6.819206243108597
MORPHINE,SULFAMETHOXAZOLE,hard,1.291544779201578,2.1134289523593943,567,5,2.8260949403025304,0.7256022690293182,-0.8018633583566284,3.1920015737544043,0.5750284506895823,-0.9524371766963644
BEVACIZUMAB,SPIRONOLACTONE,hard,0.4653070517151916,4.410515234337747,75,0,0.6855575868372944,-1.245565741459143,-11.237453557266006,0.32047430088747453,-0.7145300510846037,-10.706417866891467
LOSARTAN,WARFARIN,hard,3.570047361260348,1.4690751930517714,237,1,1.9839408882442453,-0.7276683406103427,-4.52489560897169,2.5524346192614575,-1.0249978934342134,-4.8222251617955605
ESCITALOPRAM,PREDNISONE,hard,4.011567357595898,0.687312628926396,340,0,2.826743207799278,-2.7341105085013315,-12.725998324308195,1.9466722030577128,-2.290820826917442,-12.282708642724305
AMLODIPINE,PREGABALIN,hard,3.881514367585462,2.1050070186801157,1221,2,12.618470054999792,-2.391599475080247,-4.980239853487523,20.235018298186343,-3.052069320390296,-5.640709698797573
CARBAMAZEPINE,LITHIUM,hard,3.163753453082705,5.581912344011374,600,1,9.631709077365993,-2.7558431512732833,-6.55307041963463,19.35195110691994,-3.726246400725735,-7.523473669087082
ALLOPURINOL,TOPIRAMATE,hard,6.008206666908847,1.7005847848561901,62,0,0.8620438000303992,-1.4457730976749597,-11.437660913481823,1.3005016825252138,-1.8483989476923968,-11.84028676349926
ALPRAZOLAM,VALACYCLOVIR,hard,3.2976592896695216,0.6969455901894963,177,0,1.2096852930647313,-1.7737307883162827,-11.765618604123146,0.8330898302129893,-1.4147739996588728,-11.406661815465736
FLUDARABINE,SULFAMETHOXAZOLE,hard,0.23302925076622694,2.1134289523593943,576,0,2.522920046349942,-2.5959428214201807,-12.587830637227043,0.5834787129949273,-1.1156708092153091,-11.107558625022172
HEPARIN,PIPERACILLIN,hard,0.773848026948925,2.844849609508806,414,3,2.440916962150573,0.25108887227153653,-1.7993544835703812,1.8542664670937858,0.5720773013422105,-1.4783660544997073
CISPLATIN,SIMVASTATIN,hard,0.4576706606206084,48.434632158663995,60,10,6.02283003736755,0.686819385464282,-0.3433230604479986,3.1871474322860003,1.5098123183688974,0.47966987245661663
EZETIMIBE,FENTANYL,hard,25.581180155436563,1.6641959255224423,55,0,2.991636624338182,-2.803903425077531,-12.795791240884395,4.81327085529884,-3.4096002591381644,-13.401488074945027
CIPROFLOXACIN,TOFACITINIB,hard,4.174266022376609,0.09062200011955265,77,0,0.6661379857256147,-1.2217385085588441,-11.213626324365707,0.060830522454573446,-0.16563677335483473,-10.157524589161698
DULOXETINE,PROPOFOL,hard,1.8648810916774137,16.50437873807111,77,0,2.7718223262507777,-2.710094405982398,-12.701982221789262,4.782332480131201,-3.401175110354034,-13.393062926160896
SILDENAFIL,TRAMADOL,hard,0.5654556409715661,2.8983790614189955,94,1,0.5646461726253573,0.49458845976674526,-3.302638808594602,0.32135952497528525,0.8688767397891914,-2.9283505285721554
ONDANSETRON,PIOGLITAZONE,hard,1.3281320303786115,2.042319210457702,62,0,0.3045902991811882,-0.6863262488336233,-10.678214064640486,0.3475357592301973,-0.7613461448373959,-10.753233960644259
AMLODIPINE,VARENICLINE,hard,3.881514367585462,0.16791629425022722,107,0,0.8607525683370144,-1.4444047590639824,-11.436292574870846,0.1464089696819101,-0.3705191224254692,-10.362406938232333
LISINOPRIL,MYCOPHENOLATE MOFETIL,hard,2.0393431011795955,0.6428222670492816,81,0,0.3423486884790064,-0.7524894626402047,-10.744377278447068,0.22039989274379954,-0.526869871562268,-10.518757687369131
ESCITALOPRAM,POTASSIUM CHLORIDE,hard,4.011567357595898,1.9381770244265069,239,2,2.4517378052406493,-0.2396364815655614,-2.828276859972838,3.7052072876237214,-0.7502488222294527,-3.3388892006367294
BUDESONIDE,QUETIAPINE,hard,0.26886302654389993,5.54026350671417,436,0,5.006223816009517,-3.4610632535376076,-13.45295106934447,1.359288327764622,-1.894750512474424,-11.886638328281286
ETANERCEPT,METHADONE,hard,0.04755602694621194,3.4096390944373844,56,0,0.39572163105941877,-0.8411223518065241,-10.833010167613386,0.018514709080446782,-0.05245682070161523,-10.044344636508479
ALPRAZOLAM,SPIRONOLACTONE,hard,3.2976592896695216,4.410515234337747,334,43,4.643486328877375,3.0801969254582877,2.616578045492943,9.590843073014506,2.1079686867305822,1.6443498067652376
ALENDRONATE,QUETIAPINE,hard,0.8184057502004282,5.54026350671417,104,0,1.1941451304242885,-1.7605574696965767,-11.75244528550344,0.9928271644444665,-1.5780471437492245,-11.569934959556088
LINEZOLID,WARFARIN,hard,2.4245710744063,1.4690751930517714,110,0,0.6596772037027505,-1.2137232868833623,-11.205611102690225,0.8098669425492445,-1.3894202689582755,-11.381308084765138
DOXORUBICIN,SPIRONOLACTONE,hard,0.46115871799345265,4.410515234337747,89,0,0.813528336380256,-1.3934473236647797,-11.385335139471643,0.3768545711830014,-0.8104094925593059,-10.80229730836617
FUROSEMIDE,RIVASTIGMINE,hard,5.234688035560081,1.342528251948723,67,6,0.7744361926726419,2.3505805745331663,0.9745916084674013,0.9688497430674445,2.14575289611936,0.7697639300535951
CARBAMAZEPINE,CITALOPRAM,hard,3.163753453082705,3.2514622794734134,380,0,4.264741486728195,-3.2523979421661724,-13.244285757973035,7.779679887903986,-4.0495749907848735,-14.041462806591737
ACYCLOVIR,POTASSIUM CHLORIDE,hard,2.0542987820668928,1.9381770244265069,92,0,0.5705738015879109,-1.0983842534673376,-11.090272069274201,0.7517265576506504,-1.323919436865372,-11.315807252672235
FENTANYL,VENLAFAXINE,hard,1.6641959255224423,4.104038720461546,776,4,7.668540079410788,-0.8601532546030879,-2.59691074167218,10.82134341235437,-1.331048254737248,-3.06780574180634
CISPLATIN,HYDROCHLOROTHIAZIDE,hard,0.4576706606206084,3.1775291676853943,89,0,0.5861015959000504,-1.1191590617478582,-11.11104687755472,0.2699885114157249,-0.62290882540432,-10.614796641211182
AMBRISENTAN,SPIRONOLACTONE,hard,0.027537926375147886,4.410515234337747,142,0,1.2979890310786106,-1.8463842194859736,-11.838272035292837,0.035991979390377446,-0.10028331739959663,-10.09217113320646
FLUCONAZOLE,MOXIFLOXACIN,hard,6.497621096770969,1.5859630144572765,172,0,2.525078322408354,-2.5969724957384144,-12.588860311545277,3.526049232880845,-3.009364814484478,-13.00125263029134
LAMOTRIGINE,VALSARTAN,hard,2.670342599521134,1.1262743399204835,84,0,0.4868617114915709,-0.9809198397201818,-10.972807655527044,0.5265572802886144,-1.0378141298164583,-11.029701945623321
AZATHIOPRINE,BISOPROLOL,hard,1.2566055883323952,4.99023508179959,127,0,1.3810040388390015,-1.9115029465786746,-11.903390762385538,1.6340943001941726,-2.093623926591893,-12.085511742398756
BACLOFEN,ONABOTULINUMTOXINA,hard,2.1267601781828365,0.14296815260568288,149,1,0.6567470638158075,0.37488906382248594,-3.4223382045388613,0.0941003167743288,1.3361840378261458,-2.4610432305352012
GABAPENTIN,SULFAMETHOXAZOLE,hard,1.6973240275835393,2.1134289523593943,573,6,3.33787949206997,0.760130305962286,-0.6158586601034789,4.20983422282361,0.46476343752157145,-0.9112255285441935
AMLODIPINE,INTERFERON BETA 1A,hard,3.881514367585462,0.1776297037003428,86,0,0.6918198212802172,-1.2531661463759673,-11.24505396218283,0.12432774608792377,-0.320375487924437,-10.3122633037313
EZETIMIBE,METFORMIN,hard,25.581180155436563,3.1194460131509523,1052,49,60.39467904594171,-0.29888764629882886,-0.7313012897127565,135.87160243091108,-1.4620428233135836,-1.8944564667275114
ALENDRONATE,CLONAZEPAM,hard,0.8184057502004282,3.8807804287121943,86,0,0.6916890080428955,-1.2530077885745323,-11.244895604381394,0.5671006970281061,-1.093696322599468,-11.08558413840633
AMOXICILLIN,AZITHROMYCIN,hard,1.9074944534559102,3.5714958292414325,1701,1,15.789842037957714,-3.4409382083328914,-7.238165476694238,21.898529976720596,-3.9003696449808745,-7.697596913342221
HYDROCHLOROTHIAZIDE,UNSPECIFIED INGREDIENT,hard,3.1775291676853943,2.484575520448672,482,5,4.657173430997539,0.09285105577751714,-1.4346145716084295,7.6938347485380465,-0.5751071785171726,-2.1025728059031192
CLONAZEPAM,TENOFOVIR DISOPROXIL,hard,3.8807804287121943,1.6607132304586378,84,0,0.7906264688768926,-1.3680715184809082,-11.35995933428777,1.1232461465499535,-1.6988817845322721,-11.690769600339134
PREDNISONE,RISPERIDONE,hard,0.687312628926396,4.522367096463803,80,0,0.7498064139824414,-1.321704649114511,-11.313592464921374,0.523514296776652,-1.0335312545300792,-11.025419070336941
PACLITAXEL,TAZOBACTAM,hard,0.7029329437548383,2.6187545025301193,106,0,0.5752995095280212,-1.104738558165784,-11.096626373972647,0.404823223370357,-0.8557078634095133,-10.847595679216376
BISOPROLOL,PHENYTOIN,hard,4.99023508179959,2.3554696847735186,60,0,0.7890862296875382,-1.366348771831218,-11.35823658763808,1.43996726677194,-1.9560323099050834,-11.947920125711946
DEXAMETHASONE,TRAZODONE,hard,0.7259250103640954,4.239808234389531,68,0,0.5975145403573372,-1.1342400533483001,-11.126127869155162,0.43503795070256485,-0.903096826454376,-10.894984642261239
LISINOPRIL,RITONAVIR,hard,2.0393431011795955,1.552853002981992,93,1,0.49962499120483483,0.5855036255198528,-3.211723642841494,0.6118992464439784,0.43193643499884926,-3.3652908333624976
CEFTRIAXONE,INFLIXIMAB,hard,2.493309391031982,0.2281513595789778,83,0,0.4288916752156237,-0.8935822684145158,-10.885470084221378,0.09772498121781677,-0.2575537448912447,-10.249441560698108
METFORMIN,SUNITINIB MALATE,hard,3.1194460131509523,0.5869490113785872,66,2,0.42669225596772387,1.43176587411871,-1.1568745042885666,0.2536167049922479,1.7300252450703604,-0.8586151333369166
FLUDARABINE,TRIMETHOPRIM,hard,0.23302925076622694,2.129450832636014,555,0,2.4493675034410436,-2.5604055993946506,-12.552293415201513,0.566325888045446,-1.0926484185995031,-11.084536234406366
ASPIRIN,OLMESARTAN MEDOXOMIL,hard,1.4037989449123882,2.134134401335102,335,2,1.762050579181291,0.14429690670984532,-2.4443434716974313,2.06997087176806,-0.03982391301664894,-2.6284642914239256
AMITRIPTYLINE,SULFASALAZINE,hard,3.361414189474862,0.29206718806252,125,0,0.870813981911513,-1.4550328121225768,-11.44692062792944,0.25418792419014413,-0.592995955816998,-10.584883771623861
DIPHENHYDRAMINE,QUETIAPINE,hard,2.2195871975044184,5.54026350671417,1297,6,18.170648694011664,-1.5222604302544438,-2.8982493963202085,29.15253607488364,-2.1896438753182985,-3.5656328413840632
BISOPROLOL,CARBOPLATIN,hard,4.99023508179959,0.729515412990319,109,0,1.1273034975554719,-1.7024833435642235,-11.694371159371086,0.8254208545707001,-1.4064505245036154,-11.398338340310477
CAPECITABINE,UNSPECIFIED INGREDIENT,hard,0.42713136180705835,2.484575520448672,199,0,1.0247044680424766,-1.6085296336213708,-11.600417449428233,0.4384818900576942,-0.9084008106631484,-10.900288626470012
BACLOFEN,COCAINE,hard,2.1267601781828365,6.784072417700768,77,0,1.2624269901787772,-1.817563494056856,-11.809451309863718,2.2504647435146183,-2.4596754100973595,-12.451563225904222
CITALOPRAM,PROPRANOLOL,hard,3.2514622794734134,1.9511692793488442,602,9,5.243377911332436,0.726028019999721,-0.36703821846995394,7.432398295845354,0.2601703944982987,-0.8328958439713764
CETIRIZINE,RAMIPRIL,hard,0.3300110995603862,4.28299501996993,147,0,1.3048429867411027,-1.8518733345623688,-11.843761150369232,0.43074241435709765,-0.8964538581298036,-10.888341673936667
HYDROXYZINE,LOSARTAN,hard,4.480636870050173,3.570047361260348,179,1,2.6156380560321475,-1.0545651443931654,-4.851792412754512,5.614830288577772,-2.027349957929318,-5.824577226290665
DILTIAZEM,MONTELUKAST,hard,5.606643724091128,0.4433887033753939,203,0,2.3588066799978384,-2.5154130644467143,-12.507300880253577,1.0316000453271446,-1.6150396079967453,-11.606927423803608
CIPROFLOXACIN,SPIRONOLACTONE,hard,4.174266022376609,4.410515234337747,159,0,2.499387170112318,-2.584667761736032,-12.576555577542894,5.852878142447735,-3.6674103463900125,-13.659298162196876
CARBAMAZEPINE,RAMIPRIL,hard,3.163753453082705,4.28299501996993,180,9,2.404952940676517,1.7094127208301428,0.616346482360468,4.904894783802561,0.8136609799172843,-0.27940525855239046
METFORMIN,SODIUM CHLORIDE,hard,3.1194460131509523,0.3186522820464445,177,18,1.1443110500952594,3.491970129880194,2.748858524870253,0.36871648220084463,4.412496050406299,3.6693844453963584
SORAFENIB,UNSPECIFIED INGREDIENT,hard,0.8677833277575314,2.484575520448672,146,3,0.7517932278100582,1.4833586456090708,-0.5670847102328466,0.6485386537405151,1.607555511034971,-0.44288784480694654
MELPHALAN,OMEPRAZOLE,hard,0.535552365503269,2.402393275679143,64,0,0.31865257261773944,-0.711323222540449,-10.703211038347312,0.1713591393737896,-0.42515663872738163,-10.417044454534244
HALOPERIDOL,TRAZODONE,hard,10.179300940961772,4.239808234389531,570,7,15.852285792880723,-1.1245298152198948,-2.384765156258196,39.06606736455389,-2.3993011762748915,-3.659536517313193
CEFTRIAXONE,VENLAFAXINE,hard,2.493309391031982,4.104038720461546,100,1,1.1600472235469554,-0.14626178194017497,-3.9434890503015216,2.096533470802778,-0.791624321989339,-4.588851590350686
AMLODIPINE,TOCILIZUMAB,hard,3.881514367585462,0.2305753522308547,211,1,1.6973718870944865,-0.550816553957492,-4.348043822318839,0.3953954437467938,0.7443656185560604,-3.0528616498052865
BORTEZOMIB,SULFAMETHOXAZOLE,hard,0.4052305223209832,2.1134289523593943,709,1,3.1054692931633836,-1.2652245542664162,-5.0624518226277635,1.2567946827400098,-0.22798309216114807,-4.025210360522495
RITONAVIR,SPIRONOLACTONE,hard,1.552853002981992,4.410515234337747,124,9,1.2755325149132817,2.4196757331046244,1.3266094946349494,1.7546231510129124,2.0750411990755,0.9819749606058255
LORAZEPAM,PHENYTOIN,hard,5.194239297993008,2.3554696847735186,545,1,7.397957935060384,-2.3965171832278536,-6.1937444515892,12.49145642695473,-3.114528769537267,-6.9117560378986145
CYCLOSPORINE,OXYCODONE,hard,3.4941568465009407,0.8173775172444036,105,0,0.7603701272577128,-1.3338474657455517,-11.325735281552415,0.6274757187718568,-1.1730963640486096,-11.164984179855473
DICLOFENAC,ROSUVASTATIN,hard,1.9156056318399564,28.620969757239056,307,22,18.79281622000365,0.22186124892726505,-0.44389328205508977,33.27348167310287,-0.5859659115010362,-1.251720442483391
BACLOFEN,PREDNISOLONE,hard,2.1267601781828365,1.113408648178296,78,2,0.36213350124306437,1.5359449020515474,-1.0526954763557295,0.3832327716911616,1.501062486545448,-1.0875778918618284
ESOMEPRAZOLE,LEVETIRACETAM,hard,1.5133417257394122,8.311874198852694,391,4,7.151472103219535,-0.7658123400489605,-2.5025698271180525,10.129791723658183,-1.2401164229397312,-2.976873910008823
ATORVASTATIN,CLONAZEPAM,hard,23.292004455642303,3.8807804287121943,632,15,34.28154334220074,-1.1660537344750461,-1.9877769597569896,94.04373651713337,-2.6087136679003873,-3.430436893182331
CYCLOSPORINE,LORAZEPAM,hard,3.4941568465009407,5.194239297993008,72,0,1.1472593350943199,-1.72006770260623,-11.711955518413093,2.6821093469127986,-2.6699834118909416,-12.661871227697805
SECUKINUMAB,TRIMETHOPRIM,hard,0.0424690401849379,2.129450832636014,59,0,0.26038321207751636,-0.604798585284429,-10.596686401091292,0.011042519874247182,-0.03151523670547369,-10.023403052512336
BISOPROLOL,ENOXAPARIN,hard,4.99023508179959,1.4072691300975575,531,1,5.939923646606859,-2.102081082756213,-5.89930835111756,7.269197381204808,-2.3728030639394597,-6.170030332300807
BACLOFEN,METHOTREXATE,hard,2.1267601781828365,0.24755311801321087,142,0,0.6258931749117091,-1.1710699505654105,-11.162957766372273,0.15436743083673096,-0.3881728493891792,-10.380060665196043
INSULIN ASPART,TRAMADOL,hard,0.738836127788696,2.8983790614189955,127,0,0.762873020461919,-1.3367095861092968,-11.32859740191616,0.5644021333771281,-1.0900433070638254,-11.081931122870689
SPIRONOLACTONE,TADALAFIL,hard,4.410515234337747,0.21233403828069017,176,0,1.6087751371115173,-2.076405265890426,-12.06829308169729,0.3409713595035681,-0.7501285733626643,-10.742016389169526
BACLOFEN,HALOPERIDOL,hard,2.1267601781828365,10.179300940961772,78,1,1.8276763117869947,-0.6339279493430384,-4.431155217704386,3.3961924466359807,-1.377102438236676,-5.174329706598023
LAMOTRIGINE,PAROXETINE,hard,2.670342599521134,3.7569411535215695,900,9,10.1232133348499,-0.16122080342846498,-1.2542870418981396,17.70435602642391,-0.9382842882291129,-2.0313505266987875
CARBAMAZEPINE,PALIPERIDONE,hard,3.163753453082705,2.800968040656775,127,15,1.3067483587971327,3.1008007265951125,2.279077501313169,2.3082319717361464,2.4645341971622647,1.6428109718803214
NORETHINDRONE,SERTRALINE,hard,0.08122614330899773,3.8841214698766486,81,0,0.6520353982300885,-1.204185046698983,-11.196072862505845,0.05313951778264509,-0.14571532088271325,-10.137603136689576
AZITHROMYCIN,SERTRALINE,hard,3.5714958292414325,3.8841214698766486,205,0,2.742742203746386,-2.6972143348760413,-12.689102150682904,5.7671260946063025,-3.647804020449156,-13.639691836256018
FLUOXETINE,SITAGLIPTIN,hard,4.518088776638668,3.1632968623290343,57,0,0.7892866304114573,-1.3665730350754097,-11.358460850882272,1.670952245283007,-2.118327991152905,-12.110215806959769
PIPERACILLIN,QUETIAPINE,hard,2.844849609508806,5.54026350671417,97,0,1.4846436922529853,-1.9888800201840522,-11.980767835990916,3.1412641256963676,-2.864439393078997,-12.85632720888586
DIPHENHYDRAMINE,LORAZEPAM,hard,2.2195871975044184,5.194239297993008,1108,16,14.728221916865316,0.11571852529041143,-0.6772093547377015,23.264076539675216,-0.5263163158387811,-1.3192441958668943
TICAGRELOR,VALSARTAN,hard,9.947753323402457,1.1262743399204835,129,2,2.6933091150506696,-0.353124118892982,-2.941764497300259,3.0047660830822216,-0.4873900634601385,-3.0760304418674154
ATENOLOL,SULFAMETHOXAZOLE,hard,3.2403794914516304,2.1134289523593943,99,5,0.893301088931758,1.9809245641646338,0.4534589367786871,1.3890405453278742,1.5417779513653802,0.01431232397943323
AMITRIPTYLINE,FENTANYL,hard,3.361414189474862,1.6641959255224423,895,0,7.467033460933876,-3.9940426341407065,-13.985930449947569,10.027492422286693,-4.396089931939528,-14.38797774774639
ARIPIPRAZOLE,FUROSEMIDE,hard,3.7848153094130987,5.234688035560081,167,0,2.775602663101569,-2.711760365910901,-12.703648181717764,6.750145151719554,-3.8580098789302917,-13.849897694737155
AMLODIPINE,PAROXETINE,hard,3.881514367585462,3.7569411535215695,545,1,7.4981979853057865,-2.414712492965466,-6.211939761326813,15.84999428347437,-3.4462557254733794,-7.243482993834727
IBUPROFEN,OLMESARTAN MEDOXOMIL,hard,1.613575934691527,2.134134401335102,95,0,0.5409883392601846,-1.0579539082283713,-11.049841724035234,0.6779957202313753,-1.236334297731882,-11.228222113538745
BISOPROLOL,PREGABALIN,hard,4.99023508179959,2.1050070186801157,882,1,11.141736850335011,-2.956271906573709,-6.753499174935056,18.325384774243627,-3.649644946777625,-7.446872215138972
EZETIMIBE,UMECLIDINIUM,hard,25.581180155436563,0.021186895874091047,55,0,2.9159267983330315,-2.772277059029401,-12.764164874836263,0.06516228041076748,-0.176737086849165,-10.168624902656028
ONDANSETRON,ROSUVASTATIN,hard,1.3281320303786115,28.620969757239056,96,0,5.759697539731123,-3.6460929497342636,-13.637980765541126,7.355399195186037,-3.9736845921689357,-13.965572407975799
DULOXETINE,TICAGRELOR,hard,1.8648810916774137,9.947753323402457,71,2,1.591047771309208,0.2577020733024664,-2.3309383051048105,2.6983827003800682,-0.3554144789863482,-2.944054857393625
LANSOPRAZOLE,METFORMIN,hard,1.5788646382413933,3.1194460131509523,888,3,6.806278342430201,-1.0617817940834138,-3.1122251499253313,8.889694038049003,-1.423723226558297,-3.4741665824002146
ADALIMUMAB,CLOZAPINE,hard,0.15095611229683062,2.112656682865892,90,0,0.39406221006885106,-0.8384471247038742,-10.830334940510737,0.058334190035536304,-0.1592008085072924,-10.151088624314156
ALLOPURINOL,CITALOPRAM,hard,6.008206666908847,3.2514622794734134,180,9,3.0812610736479633,1.407459818597484,0.31439358012780944,6.933783705630688,0.353830801481958,-0.7392354369877169
INSULIN LISPRO,PIOGLITAZONE,hard,0.14232411181597227,2.042319210457702,121,0,0.5121560935322356,-1.017431797936665,-11.009319613743529,0.07310955078803022,-0.19688284387153068,-10.188770659678394
ALPRAZOLAM,DEXTROAMPHETAMINE,hard,3.2976592896695216,2.0511343618337143,532,10,4.794836303159486,0.9877313406896946,-0.04241110522258635,7.084096829323792,0.46934003893638176,-0.5608024069758989
ENOXAPARIN,PAROXETINE,hard,1.4072691300975575,3.7569411535215695,141,0,1.216872611635658,-1.7797829983502533,-11.771670814157115,1.534454436830353,-2.024641970509942,-12.016529786316806
CITALOPRAM,LINEZOLID,hard,3.2514622794734134,2.4245710744063,191,1,1.8509910508591598,-0.6483065466042389,-4.445533814965586,3.046045527338759,-1.2412485582577488,-5.038475826619096
DILTIAZEM,METHOTREXATE,hard,5.606643724091128,0.24755311801321087,295,0,3.4278225152677946,-2.9737297407198033,-12.965617556526666,0.8558714667857548,-1.4392204210849844,-11.431108236891847
CANAGLIFLOZIN,ROSUVASTATIN,hard,1.0075622505171569,28.620969757239056,153,26,9.077867959023678,1.4682159079196269,0.8603291816912539,8.562041533515414,1.5480843514784604,0.9401976252500874
CITALOPRAM,DEXTROMETHORPHAN,hard,3.2514622794734134,1.1117394603933426,416,9,2.899610082032569,1.4825582273678297,0.38949198889815495,3.0368322658536875,1.425469712544179,0.3324034740745043
HYDROXYCHLOROQUINE,PIPERACILLIN,hard,0.5766988598320626,2.844849609508806,451,2,2.6590665457244165,-0.33757023288290205,-2.9262106112901787,1.52729458556918,0.3023723532654935,-2.286268025141783
CLAVULANATE,PAROXETINE,hard,1.5019938068512264,3.7569411535215695,123,0,1.0856740836004517,-1.6650962727494225,-11.656984088556285,1.4232733195324072,-1.9435638010107041,-11.935451616817566
UNSPECIFIED INGREDIENT,VALPROIC ACID,hard,2.484575520448672,4.343328324522326,229,2,2.76593017016697,-0.38556584964640933,-2.9742062280536863,4.980163823656432,-1.1322909267736223,-3.720931305180899
CODEINE,LAMOTRIGINE,hard,1.996416441410018,2.670342599521134,341,5,2.5913740292741916,0.8311834003733363,-0.6962822270126103,3.716251251751952,0.38347077707582466,-1.143994850310122
BUDESONIDE,OMEPRAZOLE,hard,0.26886302654389993,2.402393275679143,1254,0,6.243598844728832,-3.753518717487907,-13.74540653329477,1.6700941857574454,-2.117757659433076,-12.109645475239939
AZATHIOPRINE,PREGABALIN,hard,1.2566055883323952,2.1050070186801157,187,0,0.915258174844543,-1.5010652570095375,-11.4929530728164,1.027150387219955,-1.6108421395501564,-11.602729955357018
DEXAMETHASONE,SPIRONOLACTONE,hard,0.7259250103640954,4.410515234337747,140,0,1.2797074954296161,-1.8316401459277383,-11.823527961734602,0.931469883125882,-1.5174973176149444,-11.509385133421807
AMLODIPINE,FLUCONAZOLE,hard,3.881514367585462,6.497621096770969,223,8,4.334719734896265,0.8140305810817545,-0.35424733546291187,11.026906592722252,-0.4394706510916826,-1.6077485676363492
MIRTAZAPINE,TAZOBACTAM,hard,6.071519070142814,2.6187545025301193,61,0,0.9722209518586428,-1.5579942082354343,-11.549882024042297,1.9687191149539927,-2.3037626993744973,-12.29565051518136
LEVETIRACETAM,VALSARTAN,hard,8.311874198852694,1.1262743399204835,84,0,1.4689932616325594,-1.9774581739992816,-11.969345989806145,1.6670869548363778,-2.115757043045961,-12.107644858852824
OLANZAPINE,SIMVASTATIN,hard,7.063076941925239,48.434632158663995,199,25,22.47629245069936,0.15035122954066255,-0.4706242930842021,91.82499070458962,-1.8562239650941899,-2.4771994877190546
METFORMIN,OCTREOTIDE,hard,3.1194460131509523,0.26217282981105694,497,0,3.2131219881205872,-2.8926327131904013,-12.884520528997264,0.8247764688211551,-1.4057489524845035,-11.397636768291367
ASPIRIN,LEVOFLOXACIN,hard,1.4037989449123882,3.0047540440999456,455,8,3.214214071319258,1.1944058728454965,0.026127956300829827,3.9687179929205025,0.9276018377016523,-0.2406760788430141
AZACITIDINE,UNSPECIFIED INGREDIENT,hard,0.619628059889521,2.484575520448672,83,0,0.4273893007413344,-0.8912469875977108,-10.883134803404573,0.26479421212051535,-0.6131435103133257,-10.605031326120189
FINASTERIDE,METFORMIN,hard,1.1417426371029462,3.1194460131509523,208,19,1.4058293586130561,3.35498326776948,2.6336131094920496,1.5224518289413518,3.269296878122968,2.5479267198455373
CIPROFLOXACIN,DEXTROSE,hard,4.174266022376609,0.16459992484171662,73,0,0.6315334150385697,-1.1782791891108804,-11.170167004917744,0.10479124451795314,-0.2745091591194387,-10.266396974926302
FUROSEMIDE,TACROLIMUS,hard,5.234688035560081,0.8883454192721698,580,0,6.292339544513458,-3.7639085800543284,-13.755796395861191,5.555529185660123,-3.598253040872195,-13.590140856679058
CEFTRIAXONE,TENOFOVIR DISOPROXIL,hard,2.493309391031982,1.6607132304586378,83,1,0.5425456025091165,0.5248520100249866,-3.2723752583363606,0.7113018815085667,0.3084040414030621,-3.488823226958285
AMLODIPINE,VANCOMYCIN,hard,3.881514367585462,1.1977717372568502,184,0,1.5555907089067076,-2.0395530364128813,-12.031440852219744,1.7723918417105777,-2.184211628570669,-12.176099444377533
BUDESONIDE,CLONAZEPAM,hard,0.26886302654389993,3.8807804287121943,154,0,1.2386058981233243,-1.7979309439964617,-11.789818759803325,0.33482066124713794,-0.7395382117794308,-10.731426027586293
MYCOPHENOLATE MOFETIL,UNSPECIFIED INGREDIENT,hard,0.6428222670492816,2.484575520448672,481,1,2.4767982368262875,-0.9887989403393365,-4.786026208700683,1.5907351057366141,-0.4790477846167174,-4.276275052978064
TAMSULOSIN,TRAZODONE,hard,1.8019326367078718,4.239808234389531,161,1,1.6822856800051085,-0.5408774745189788,-4.338104742880326,2.477985009786231,-0.9893739911567154,-4.786601259518062
FUROSEMIDE,VALPROATE,hard,5.234688035560081,4.241753268419911,240,15,4.216170373988187,1.716580473055625,0.8948572477736813,10.334128696913705,0.5166850819282509,-0.3050381433536925
IBUPROFEN,UNSPECIFIED INGREDIENT,hard,1.613575934691527,2.484575520448672,946,13,6.074172658699144,1.0380781554839138,0.14845453861934602,7.726026290036588,0.7146918195246872,-0.17493179733988065
LORAZEPAM,METHADONE,hard,5.194239297993008,3.4096390944373844,902,10,14.214613372521635,-0.48686030797348345,-1.5170027538857642,28.623485669493977,-1.4717937081790542,-2.501936154091335
OMALIZUMAB,OMEPRAZOLE,hard,0.09327476640953981,2.402393275679143,111,0,0.5526630556338918,-1.0740437214953482,-11.06593153730221,0.05182281955652435,-0.14227702287725236,-10.134164838684114
LOSARTAN,RISPERIDONE,hard,3.570047361260348,4.522367096463803,135,0,1.9843634831455927,-2.312876267345839,-12.304764083152701,4.446433011341361,-3.306388538953635,-13.298276354760498
CARVEDILOL,SITAGLIPTIN,hard,1.2559062467821966,3.1632968623290343,175,0,1.2400988361462086,-1.7991692522627458,-11.791057068069609,1.420608683490901,-1.9415636054710839,-11.933451421277947
ALPRAZOLAM,CAFFEINE,hard,3.2976592896695216,2.4018293805908244,630,4,6.135988088509082,-0.5603862952396041,-2.297143782308696,9.739664327422199,-1.1861715157067039,-2.9229290027757955
OSELTAMIVIR,TACROLIMUS,hard,2.44370232435029,0.8883454192721698,61,0,0.30893811219946576,-0.6941012386229987,-10.68598905442986,0.27460805553317386,-0.6315384098578434,-10.623426225664707
MYCOPHENOLIC ACID,PIPERACILLIN,hard,0.39641009418053685,2.844849609508806,77,0,0.4539869712212419,-0.9320414683215622,-10.923929284128425,0.17962372961448506,-0.44280813138325315,-10.434695947190116
LEVETIRACETAM,METHYLPREDNISOLONE,hard,8.311874198852694,1.3769744019482795,1047,5,18.853946182447714,-1.8151242316329665,-3.342589859018913,22.89199042160681,-2.088511101908218,-3.6159767292941645
DEXTROMETHORPHAN,METFORMIN,hard,1.1117394603933426,3.1194460131509523,58,0,0.38840358762019017,-0.8292871240121712,-10.821174939819034,0.4213596723641098,-0.8818363581084169,-10.87372417391528
FUROSEMIDE,RIBAVIRIN,hard,5.234688035560081,0.9461939007856713,88,0,0.9546997929606625,-1.5407214542372836,-11.532609270044146,0.9108254220971755,-1.4965394774766612,-11.488427293283523
BUPROPION,METFORMIN,hard,1.713431248898844,3.1194460131509523,788,6,6.259569723960528,-0.05649169746919484,-1.4324806635349596,8.617195953328732,-0.48815046521229943,-1.8641394312780644
AMITRIPTYLINE,CITALOPRAM,hard,3.361414189474862,3.2514622794734134,1465,16,17.041839089030574,-0.08833398360437257,-0.8812618636324854,27.683867502404812,-0.772403573113054,-1.5653314531411668
COCAINE,VENLAFAXINE,hard,6.784072417700768,4.104038720461546,438,2,8.975957778286265,-1.9223436755362096,-4.510984053943487,22.387812478639507,-3.194579582726324,-5.783219961133601
ALLOPURINOL,RAMIPRIL,hard,6.008206666908847,4.28299501996993,991,7,19.082659168300253,-1.3846141839566002,-2.644849524994901,41.31726296286842,-2.4791361365501965,-3.7393714775884974
ESOMEPRAZOLE,SPIRONOLACTONE,hard,1.5133417257394122,4.410515234337747,621,30,6.337097363363255,2.1573533674613983,1.5947955148582527,8.368614017423,1.7820286790824107,1.2194708264792649
SERTRALINE,TAPENTADOL,hard,3.8841214698766486,0.17342310187884477,84,0,0.6761848574237954,-1.2341148220193667,-11.226002637826229,0.11815305661211424,-0.3060360032356514,-10.297923819042515
ARIPIPRAZOLE,WARFARIN,hard,3.7848153094130987,1.4690751930517714,94,0,0.828719411810889,-1.4100364801389322,-11.401924295945795,1.0900584758330218,-1.669079822895187,-11.660967638702049
FEXOFENADINE,UNSPECIFIED INGREDIENT,hard,0.24964158015148885,2.484575520448672,118,0,0.6076137046684031,-1.1474548096073176,-11.13934262541418,0.15182485417046995,-0.38255626839632234,-10.374444084203185
BUDESONIDE,HYDROXYZINE,hard,0.26886302654389993,4.480636870050173,60,0,0.5571656710238363,-1.0802014827143438,-11.072089298521206,0.15058997536600238,-0.379820497855689,-10.371708313662552
AZITHROMYCIN,BUDESONIDE,hard,3.5714958292414325,0.26886302654389993,656,0,4.85564959010957,-3.4210615709779586,-13.412949386784822,1.3042178800393083,-1.8513735711164125,-11.843261386923276
RAMIPRIL,TAMSULOSIN,hard,4.28299501996993,1.8019326367078718,572,0,6.02801270342568,-3.706643864777454,-13.698531680584317,8.379016484216699,-4.150399880187342,-14.142287695994204
ACYCLOVIR,INFLIXIMAB,hard,2.0542987820668928,0.2281513595789778,61,0,0.2597088775099246,-0.6035185849383365,-10.5954064007452,0.05910723923013649,-0.16119692998287802,-10.15308474578974
CARBAMAZEPINE,CYCLOPHOSPHAMIDE,hard,3.163753453082705,0.3489363419813354,62,0,0.40652538816617706,-0.8584193297908878,-10.85030714559775,0.14213921534785037,-0.3609580116795681,-10.352845827486432
HALOPERIDOL,SERTRALINE,hard,10.179300940961772,3.8841214698766486,759,1,20.54906649766331,-3.8107218469802064,-7.607949115341553,52.151320486583195,-5.133435308428702,-8.930662576790048
CITALOPRAM,LORAZEPAM,hard,3.2514622794734134,5.194239297993008,1387,17,21.403038778076386,-0.32377611790272093,-1.0906329673109039,40.41009803047203,-1.2251020722181327,-1.9919589216263158
HALOPERIDOL,POTASSIUM CHLORIDE,hard,10.179300940961772,1.9381770244265069,81,1,1.866313715648649,-0.657678851911582,-4.454906120272929,3.17198535985098,-1.2915978060391449,-5.088825074400492
AZITHROMYCIN,LAMIVUDINE,hard,3.5714958292414325,1.4168577519364294,226,0,1.8680798831937868,-2.2437177486795616,-12.235605564486425,2.3422223201356474,-2.5070194073648695,-12.498907223171733
ALLOPURINOL,UMECLIDINIUM,hard,6.008206666908847,0.021186895874091047,68,0,0.8467342498727028,-1.4294651928819162,-11.42135300868878,0.01810039305571384,-0.051303583198438654,-10.043191399005302
DIAZEPAM,TAMSULOSIN,hard,4.80303842573445,1.8019326367078718,110,0,1.27778978339147,-1.8300847412719174,-11.82197255707878,1.9403212540711396,-2.2870710826845913,-12.278958898491455
ESCITALOPRAM,IRBESARTAN,hard,4.011567357595898,4.789923437726823,353,7,5.707496545505959,0.2728790420711317,-0.9873562989671695,12.758441181669376,-0.8219486644975499,-2.082184005535851
CLOZAPINE,IBUPROFEN,hard,2.112656682865892,1.613575934691527,172,0,0.9718174834015197,-1.5575987772934203,-11.549486593100283,1.2233294340847918,-1.7851985155446446,-11.777086331351507
DOXORUBICIN,SULFAMETHOXAZOLE,hard,0.46115871799345265,2.1134289523593943,681,3,2.9828273464658173,0.0070959658057824695,-2.0433473900361347,1.3784482245713496,0.8978135703491815,-1.1526297854927356
AZITHROMYCIN,HYDROCHLOROTHIAZIDE,hard,3.5714958292414325,3.1775291676853943,142,0,1.6919046843578658,-2.132185063629623,-12.124072879436486,3.3012746111002214,-2.9264832519196173,-12.918371067726481
CARBIDOPA,DIAZEPAM,hard,1.0768121312668408,4.80303842573445,84,0,0.8495308601252725,-1.432457967720394,-11.424345783527256,0.9036855181593282,-1.4892197503064024,-11.481107566113264
SULFAMETHOXAZOLE,TRAMADOL,hard,2.1134289523593943,2.8983790614189955,605,2,5.03024186869786,-1.1454144841513212,-3.7340548625585983,7.480905963909083,-1.6746244304388784,-4.263264808846155
ADALIMUMAB,BISOPROLOL,hard,0.15095611229683062,4.99023508179959,200,0,2.0684467845054533,-2.3608961828826875,-12.352783998689551,0.3088095968005379,-0.6938720205217216,-10.685759836328584
ALBUTEROL,CLARITHROMYCIN,hard,0.3205170454188135,10.012509707103643,196,1,4.067170445004199,-1.6063381308111382,-5.403565399172485,1.317246389049932,-0.2767915380923648,-4.0740188064537115
IFOSFAMIDE,TRIMETHOPRIM,hard,1.102880838026399,2.129450832636014,200,0,0.9252989469318138,-1.5112645466618242,-11.503152362468686,0.9650142015098313,-1.5509146498683433,-11.542802465675207
EZETIMIBE,NICOTINE,hard,25.581180155436563,0.24023212581695086,88,5,4.665482877332851,0.09052839787789524,-1.4369372295080516,1.1604142158010748,1.727888429753509,0.20042280236756252
AMPHETAMINE ASPARTATE,CITALOPRAM,hard,1.2710029169938377,3.2514622794734134,64,0,0.46721850588490027,-0.9519137531870193,-10.943801568993882,0.5462039479829631,-1.065164119331085,-11.057051935137947
BISOPROLOL,TICAGRELOR,hard,4.99023508179959,9.947753323402457,626,14,18.082887633020984,-0.35792180224154585,-1.2116646472534023,49.96413932798594,-1.7992056481872192,-2.6529484931990757
METFORMIN,METHOTREXATE,hard,3.1194460131509523,0.24755311801321087,999,1,6.45856914714782,-2.2138281822877133,-6.01105545064906,1.608039901731753,-0.49093967435914415,-4.288166942720491
TAMSULOSIN,TRAMADOL,hard,1.8019326367078718,2.8983790614189955,232,0,1.7791790048980993,-2.1885142371688806,-12.180402052975744,2.4740873680073765,-2.5724470292126504,-12.564334845019513
ATORVASTATIN,MOMETASONE,hard,23.292004455642303,0.07737187679078766,249,0,12.019864256768516,-4.6461470152131215,-14.638034831019985,0.8834842291492756,-1.4683061982248373,-11.4601940140317
PIPERACILLIN,ROSUVASTATIN,hard,2.844849609508806,28.620969757239056,139,5,8.776493076194928,-0.7541478873832019,-2.2816135147691488,20.29874429064077,-1.918992905561074,-3.4464585329470205
AMLODIPINE,NICOTINE,hard,3.881514367585462,0.24023212581695086,85,0,0.6837754047537031,-1.2433953873991697,-11.235283203206032,0.16640168816484735,-0.4144639605339382,-10.4063517763408
LAMOTRIGINE,LURASIDONE,hard,2.670342599521134,1.65572518991953,527,8,3.632746250103996,1.0403620560414186,-0.12791586050324794,4.605864817816559,0.7353074995976293,-0.43297041694703725
OLANZAPINE,OXYCODONE,hard,7.063076941925239,0.8173775172444036,531,9,7.772877259209973,0.19953833572036342,-0.8935279027493114,6.423166485400799,0.4564954715472094,-0.6365707669224655
TACROLIMUS,TRAMADOL,hard,0.8883454192721698,2.8983790614189955,132,6,0.7929073913462465,2.3298207769684707,0.9538318109027061,0.7090836832611453,2.426525618096824,1.0505366520310593
ADALIMUMAB,LORAZEPAM,hard,0.15095611229683062,5.194239297993008,96,0,1.0334430244126425,-1.616774563784999,-11.608662379591863,0.15421070554569283,-0.3878272730801193,-10.379715088886982
AZATHIOPRINE,FLUCONAZOLE,hard,1.2566055883323952,6.497621096770969,98,0,1.371813459168051,-1.904436666255312,-11.896324482062175,1.6372096559350313,-2.095728440398964,-12.087616256205827
FEXOFENADINE,METFORMIN,hard,0.24964158015148885,3.1194460131509523,79,0,0.5107377003250028,-1.015408647549167,-11.00729646335603,0.12906370003259732,-0.331278019304669,-10.323165835111531
ABACAVIR,UNSPECIFIED INGREDIENT,hard,2.070167617485614,2.484575520448672,61,2,0.4493982853166873,1.396842745618656,-1.1917976327886208,0.6469984156255286,1.124064696359057,-1.4645756820482196
LEVOTHYROXINE,LITHIUM,hard,1.2167115580314125,5.581912344011374,499,2,5.996789970108325,-1.377798971235709,-3.966439349642986,6.8186660961097365,-1.549652631232689,-4.138293009639966
CIPROFLOXACIN,DICLOFENAC,hard,4.174266022376609,1.9156056318399564,327,6,3.449434760398662,0.7187935273124999,-0.6571954387532651,5.366060714168485,0.14804771496703986,-1.227941251098725
CAFFEINE,RANITIDINE,hard,2.4018293805908244,0.07196295098397958,100,0,0.4977777777777778,-0.99679044352411,-10.988678259330973,0.03544029255301689,-0.09879761278612598,-10.09068542859299
ALCOHOL,SODIUM OXYBATE,hard,3.195815956684072,0.33925388822170116,208,0,1.3776485749393113,-1.9089270701083476,-11.90081488591521,0.46838037392991383,-0.953645745786841,-10.945533561593704
CARBAMAZEPINE,METHADONE,hard,3.163753453082705,3.4096390944373844,134,0,1.5478104782984785,-2.0340822023149983,-12.02597001812186,2.9410520060267733,-2.782849696280052,-12.774737512086915
FUROSEMIDE,LOSARTAN,hard,5.234688035560081,3.570047361260348,1612,17,26.074535035122544,-0.602689527614439,-1.369546377022622,49.228090141277335,-1.5067061019521995,-2.2735629513603826
CLONAZEPAM,SPIRONOLACTONE,hard,3.8807804287121943,4.410515234337747,124,1,1.873784947918478,-0.662226739808447,-4.459454008169794,4.270618038900968,-1.6692136803730313,-5.466440948734379
ALPRAZOLAM,LEVETIRACETAM,hard,3.2976592896695216,8.311874198852694,261,1,5.738919683336278,-2.05633373631116,-5.853561004672507,14.27920680481107,-3.3005344367576366,-7.097761705118984
LETROZOLE,SIMVASTATIN,hard,0.44423660650716645,48.434632158663995,75,7,7.528537546709437,-0.09824661924961359,-1.358481960287915,3.638077132409147,0.8579300587945823,-0.4023052822437189
DIAZEPAM,HYDROCORTISONE,hard,4.80303842573445,1.7706437401827775,65,0,0.7508426053310352,-1.322900265287786,-11.31478808109465,1.137089956965399,-1.711133599088875,-11.703021414895737
HYDROXYCHLOROQUINE,TRIMETHOPRIM,hard,0.5766988598320626,2.129450832636014,671,1,2.961307378034127,-1.2063545636006774,-5.003581831962024,1.6996955017572999,-0.5523413282520703,-4.349568596613417
DAPAGLIFLOZIN PROPANEDIOL,TICAGRELOR,hard,0.4473441462507283,9.947753323402457,105,0,2.1647495498144136,-2.413999945659897,-12.40588776146676,0.94529909057505,-1.5313680753137207,-11.523255891120584
HALOPERIDOL,VANCOMYCIN,hard,10.179300940961772,1.1977717372568502,106,1,2.2796809767192525,-0.8899568139845944,-4.687184082345941,2.634718418867892,-1.0633733557199563,-4.860600624081304
ACYCLOVIR,CLARITHROMYCIN,hard,2.0542987820668928,10.012509707103643,74,1,1.6972564421926466,-0.5507407560629084,-4.347968024424255,3.0107246513296,-1.2268063483203637,-5.02403361668171
BACLOFEN,METFORMIN,hard,2.1267601781828365,3.1194460131509523,304,0,2.6752724323077626,-2.6668803776731513,-12.658768193480014,4.146892567543232,-3.2162662912733753,-13.208154107080238
METHYLPREDNISOLONE,MIRTAZAPINE,hard,1.3769744019482795,6.071519070142814,76,0,1.015699428999169,-1.5999836880174148,-11.591871503824278,1.3171201926459095,-1.8616538491808892,-11.853541664987752
DILTIAZEM,VALSARTAN,hard,5.606643724091128,1.1262743399204835,242,0,2.8753085268649623,-2.7550193806329046,-12.746907196439768,3.153675414990907,-2.86934847359793,-12.861236289404793
ALBUTEROL,ALLOPURINOL,hard,0.3205170454188135,6.008206666908847,312,9,3.885015970004166,1.1153454165423666,0.022279178072691887,1.2517319781977714,2.4391454595688304,1.3460792210991557
RISPERIDONE,SIMVASTATIN,hard,4.522367096463803,48.434632158663995,304,32,32.734898285525055,-0.03225922043352133,-0.5755584313571314,104.8315999853259,-1.6964266934798637,-2.2397259044034743
CLONAZEPAM,PREDNISONE,hard,3.8807804287121943,0.687312628926396,846,0,6.8042895442359255,-3.86874395532129,-13.860631771128153,4.664478541585311,-3.3686226872417695,-13.360510503048632
LAMIVUDINE,UNSPECIFIED INGREDIENT,hard,1.4168577519364294,2.484575520448672,177,4,1.0643371100853398,1.5243735587194234,-0.2123839283496683,1.2861247049090374,1.3330921903711301,-0.4036652966979618
CITALOPRAM,NALOXONE,hard,3.2514622794734134,1.675629749642804,280,29,2.2788852720770723,3.4081367761123746,2.8351741344626626,3.100220370709938,3.0345578322513487,2.4615951906016367
CAFFEINE,ESTRADIOL,hard,2.4018293805908244,0.03349080266092068,76,0,0.37831111111111115,-0.8128039598562835,-10.804691775663146,0.012705227215539166,-0.03620151172144233,-10.028089327528305
FLUOXETINE,HYDROCHLOROTHIAZIDE,hard,4.518088776638668,3.1775291676853943,633,14,8.783906941318932,0.6432489334501909,-0.2104939115616655,17.799005279322284,-0.3357123265427135,-1.1894551715545698
HYDROMORPHONE,RISPERIDONE,hard,0.3916573749765484,4.522367096463803,81,20,0.759178994157222,4.025068625748659,3.32369939957069,0.30226743526048755,4.6753968613174495,3.97402763513948
DIVALPROEX,FLUOXETINE,hard,3.0857936349713344,4.518088776638668,298,0,4.0785796425015315,-3.194900117857836,-13.186787933664698,8.046380541709915,-4.095313556828862,-14.087201372635725
AZITHROMYCIN,OSELTAMIVIR,hard,3.5714958292414325,2.44370232435029,803,2,8.346357707103195,-1.823155484657604,-4.411795863064881,12.743931566005898,-2.4053314611783416,-4.993971839585618
ALPRAZOLAM,UNSPECIFIED INGREDIENT,hard,3.2976592896695216,2.484575520448672,1045,1,10.357156492635164,-2.8556119025452653,-6.652839170906613,16.627060676953164,-3.5132431734549665,-7.310470441816314
DIPHENHYDRAMINE,VANCOMYCIN,hard,2.2195871975044184,1.1977717372568502,103,0,0.5160261571498227,-1.022937544142136,-11.014825359948999,0.5668235005855872,-1.0933215108459196,-11.085209326652782
PANTOPRAZOLE,SPIRONOLACTONE,hard,1.7685018115627529,4.410515234337747,1133,15,12.161036775040317,0.29187266784493143,-0.5298505574370119,17.03372719512555,-0.17786449105768967,-0.9995877163396332
CITALOPRAM,SECUKINUMAB,hard,3.2514622794734134,0.0424690401849379,85,0,0.5727841573265489,-1.1013598370649527,-11.093247652871815,0.024396662388667077,-0.0687304084247045,-10.060618224231566
ALCOHOL,METFORMIN,hard,3.195815956684072,3.1194460131509523,850,13,9.363472759877363,0.4527918178971339,-0.436831798967434,16.619611597049754,-0.34269056354200733,-1.2323141804065751
ARIPIPRAZOLE,MONTELUKAST,hard,3.7848153094130987,0.4433887033753939,80,0,0.6275206621231427,-1.1731538715023504,-11.165041687309213,0.2804067454970297,-0.6422981531429377,-10.6341859689498
CIPROFLOXACIN,OSELTAMIVIR,hard,4.174266022376609,2.44370232435029,126,7,1.4670441520705964,1.930861255044231,0.6706259140059296,2.599564200729456,1.2748252090263668,0.014589867988065372
DEXTROAMPHETAMINE,LORAZEPAM,hard,2.0511343618337143,5.194239297993008,110,0,1.4237851662540852,-1.9439476988558475,-11.93583551466271,2.3800434554458265,-2.526090579890928,-12.51797839569779
BISOPROLOL,TACROLIMUS,hard,4.99023508179959,0.8883454192721698,235,0,2.4304249717939075,-2.5511099002246747,-12.542997716031538,2.1582979060690386,-2.4105027914181365,-12.402390607225
MIRTAZAPINE,RAMIPRIL,hard,6.071519070142814,4.28299501996993,560,10,10.856819361166291,-0.11316951624904106,-1.143311962161322,26.457068845069983,-1.3602743068858358,-2.390416752798117
LATANOPROST,LISINOPRIL,hard,0.041402983236360866,2.0393431011795955,61,0,0.25781814811381965,-0.599923594814502,-10.591811410621364,0.010696813624817555,-0.03053896282751526,-10.022426778634378
BUDESONIDE,TRAZODONE,hard,0.26886302654389993,4.239808234389531,227,0,1.9946441273693463,-2.3188340230582223,-12.310721838865085,0.5385169563292481,-1.0545247718998543,-11.046412587706717
DIAZEPAM,TIOTROPIUM,hard,4.80303842573445,0.1639557165910122,133,0,1.3239178985430182,-1.867040789792852,-11.858928605599715,0.21888364776544325,-0.523830192640493,-10.515718008447356
AZACITIDINE,TAZOBACTAM,hard,0.619628059889521,2.6187545025301193,86,0,0.46675243225858326,-0.9512183941109007,-10.943106209917763,0.2887389055183011,-0.6576197122553066,-10.64950752806217
GOLIMUMAB,TRIMETHOPRIM,hard,0.10322496803092393,2.129450832636014,629,0,2.7759498372331826,-2.7119132659749536,-12.703801081781817,0.2874545973734163,-0.6552686488887158,-10.647156464695579
EZETIMIBE,PAROXETINE,hard,25.581180155436563,3.7569411535215695,73,1,4.287333492903329,-1.6742598091592393,-5.471487077520586,12.792042064817425,-3.1475283579578606,-6.944755626319208
DAPAGLIFLOZIN,LISINOPRIL,hard,2.4062542147301333,2.0393431011795955,76,11,0.5427145489837512,3.4632176928586547,2.4866800392573554,0.7702046850730431,3.1785009595746305,2.2019633059733312
AMLODIPINE,VINCRISTINE,hard,3.881514367585462,0.44559148212939004,103,0,0.8285749022309579,-1.409879566203256,-11.401767382010119,0.37375442837636175,-0.8052997675096404,-10.797187583316504
DIVALPROEX,PREDNISONE,hard,3.0857936349713344,0.687312628926396,56,0,0.3581362298243833,-0.7792786000296992,-10.771166415836563,0.2463838641187551,-0.5779897023855307,-10.569877518192394
SIMVASTATIN,VALACYCLOVIR,hard,48.434632158663995,0.6969455901894963,89,4,8.933864555428531,-1.067923886406933,-2.8046813734760248,5.928197619122588,-0.5144892803624935,-2.2512467674315855
INFLIXIMAB,LEVETIRACETAM,hard,0.2281513595789778,8.311874198852694,157,0,2.704531010010063,-2.6801132307778937,-12.672001046584757,0.6342789372284181,-1.1817754655633836,-11.173663281370246
ATENOLOL,POTASSIUM CHLORIDE,hard,3.2403794914516304,1.9381770244265069,201,1,1.740666973740176,-0.5789657389185975,-4.376193007279944,2.5329155658468334,-1.0157428342242352,-4.812970102585582
CLONAZEPAM,WARFARIN,hard,3.8807804287121943,1.4690751930517714,152,0,1.3702877704307534,-1.9032602663868157,-11.895148082193678,1.7922048240883293,-2.1967359644672806,-12.188623780274144
ACYCLOVIR,TOCILIZUMAB,hard,2.0542987820668928,0.2305753522308547,77,0,0.3278292388240032,-0.7274051103870965,-10.71929292619396,0.07571257537750647,-0.20342063071886837,-10.19530844652573
NORELGESTROMIN,UNSPECIFIED INGREDIENT,hard,0.04590091006816491,2.484575520448672,68,0,0.3501502704868764,-0.7657897761571505,-10.757677591964013,0.016105865817578842,-0.04573893282400322,-10.037626748630865
METFORMIN,MORPHINE,hard,3.1194460131509523,1.291544779201578,525,29,3.7113610189726236,2.8083564935042493,2.2353938518545373,4.411287436490924,2.5865417896335505,2.0135791479838385
CYCLOSPORINE,GOLIMUMAB,hard,3.4941568465009407,0.10322496803092393,435,0,3.15010481292481,-2.8679378916408136,-12.859825707447676,0.32544011413016155,-0.7232354561913014,-10.715123271998165
ESCITALOPRAM,RAMIPRIL,hard,4.011567357595898,4.28299501996993,333,1,5.034273747654276,-1.883431506547201,-5.680658774908548,11.17095040959544,-2.959887644104323,-6.75711491246567
ARIPIPRAZOLE,CARBIDOPA,hard,3.7848153094130987,1.0768121312668408,60,0,0.4801920589932577,-0.9711363639420721,-10.963024179748935,0.5114314086444948,-1.0163984852310655,-11.008286301037929
LINEZOLID,TRAMADOL,hard,2.4245710744063,2.8983790614189955,225,12,2.0158401721829735,2.3128159170500373,1.3826247553089448,3.222717167595004,1.7475001777776424,0.8173090160365504
OLMESARTAN MEDOXOMIL,PAROXETINE,hard,2.134134401335102,3.7569411535215695,62,2,0.6284770346282195,1.1475510360076875,-1.4410893423995894,1.0229945325391192,0.7150173322432849,-1.8736230461639918
ABACAVIR,TACROLIMUS,hard,2.070167617485614,0.8883454192721698,139,0,0.596367080849167,-1.132730916048449,-11.124618731855312,0.5298692549061245,-1.0424611944266184,-11.03434901023348
LOSARTAN,ROSUVASTATIN,hard,3.570047361260348,28.620969757239056,534,38,34.51947210457512,0.13670110954754164,-0.35863931520994025,76.75632669687444,-1.0047946376361412,-1.500135062393623
FUROSEMIDE,TAMSULOSIN,hard,5.234688035560081,1.8019326367078718,956,21,11.960384194263687,0.7869881077759495,0.10409689720127234,15.838346325273951,0.3960746903494007,-0.28681652022527654
LIDOCAINE,VALPROIC ACID,hard,0.806249336212324,4.343328324522326,63,0,0.5670959700872455,-1.0936899318724624,-11.085577747679325,0.45708399563972624,-0.9367174492337901,-10.928605265040654
INSULIN HUMAN,SIMVASTATIN,hard,0.513070979055687,48.434632158663995,64,1,6.42435203985872,-2.2067165736725163,-6.0039438420338636,3.6350689734845196,-1.4629488932156995,-5.260176161577046
ALEMTUZUMAB,TRIMETHOPRIM,hard,0.22343615032949732,2.129450832636014,215,0,0.9488540779095935,-1.5349123004316267,-11.526800116238489,0.2105836986766019,-0.5070764976542992,-10.498964313461162
CIPROFLOXACIN,TRIMETHOPRIM,hard,4.174266022376609,2.129450832636014,1999,2,21.97285431829132,-3.168183375488948,-5.756823753896224,31.62954159875491,-3.683900397618515,-6.272540776025792
CARBIDOPA,SIMVASTATIN,hard,1.0768121312668408,48.434632158663995,63,1,6.3340006797568735,-2.1877678905464375,-5.984995158907785,7.385135564114152,-2.394173057844912,-6.191400326206259
DICLOFENAC,QUETIAPINE,hard,1.9156056318399564,5.54026350671417,435,6,5.820192206121856,0.04047128464341002,-1.3355176814223548,9.534747464360361,-0.6264926868698868,-2.0024816529356517
INSULIN HUMAN,RAMIPRIL,hard,0.513070979055687,4.28299501996993,130,2,1.1539427773900908,0.596018773439619,-1.992621604967658,0.5910804422884108,1.196170623462041,-1.3924697549452358
CODEINE,LEVOFLOXACIN,hard,1.996416441410018,3.0047540440999456,573,14,4.751547006500196,1.4652385190455568,0.6114956740337003,6.883241545758491,0.9737266374815908,0.11998379246973417
BISOPROLOL,DULAGLUTIDE,hard,4.99023508179959,0.17060106724617405,67,0,0.6929296728093268,-1.2545089938463108,-11.246396809653174,0.11919828808539454,-0.308473387941657,-10.300361203748519
BISOPROLOL,LEVETIRACETAM,hard,4.99023508179959,8.311874198852694,300,5,7.648815526849916,-0.5671587526416766,-2.094624380027623,23.326413280062727,-2.1150582673702294,-3.6425238947561756
ASPIRIN,RISPERIDONE,hard,1.4037989449123882,4.522367096463803,399,3,4.073571028557074,-0.38596613455430673,-2.4364094903962243,5.289019505768512,-0.7259640955954013,-2.776407451437319
LEVOFLOXACIN,LORAZEPAM,hard,3.0047540440999456,5.194239297993008,201,0,2.9988944524597816,-2.8068991449408496,-12.798786960747712,6.313673415658917,-3.768432799664859,-13.760320615471722
FLUTICASONE,VORICONAZOLE,hard,0.170907796311199,4.640234739765273,58,2,0.5577778914522482,1.2408913677567213,-1.3477490106505556,0.09572706050046309,2.069204695754308,-0.5194356826529687
EPINEPHRINE,UNSPECIFIED INGREDIENT,hard,1.3398485061250733,2.484575520448672,79,0,0.4624346201195673,-0.9447604443187355,-10.936648260125597,0.5436571779030583,-1.0616478910632206,-11.053535706870083
NAPROXEN,SERTRALINE,hard,0.7382349550742802,3.8841214698766486,440,6,3.5419206817436906,0.6853987074520992,-0.6905902586136655,2.61177573633561,1.0627016281688488,-0.31328733789691604
CAFFEINE,LITHIUM,hard,2.4018293805908244,5.581912344011374,55,4,0.7960570827329981,1.7957957406563192,0.0590382535872273,1.499954334574252,1.1699579424600137,-0.5667995446090782
LORAZEPAM,LOSARTAN,hard,5.194239297993008,3.570047361260348,209,0,3.3631109795538876,-2.949763123946286,-12.94165093975315,7.646861170774903,-4.026244323688145,-14.018132139495007
ESTROGENS CONJUGATED,OLANZAPINE,hard,0.04442187135302426,7.063076941925239,114,0,1.6687533098868867,-2.1168659594909003,-12.108753775297762,0.0754386554062829,-0.20273404327323058,-10.194621859080094
AMLODIPINE,OLANZAPINE,hard,3.881514367585462,7.063076941925239,717,7,14.777448241417874,-1.0264410925946699,-2.2866764336329712,38.11585268971405,-2.3642307276463304,-3.6244660686846317
NALOXONE,OMEPRAZOLE,hard,1.675629749642804,2.402393275679143,100,6,0.6379185273837785,2.514042450784037,1.1380534847182722,0.8355380815393163,2.283018604568194,0.9070296385024292
BEVACIZUMAB,SULFAMETHOXAZOLE,hard,0.4653070517151916,2.1134289523593943,113,0,0.4949478563151796,-0.9926928233249577,-10.98458063913182,0.23052062264471834,-0.5469969060911828,-10.538884721898045
HALOPERIDOL,HYDROMORPHONE,hard,10.179300940961772,0.3916573749765484,158,1,3.333253873659118,-1.3536070492409402,-5.150834317602287,1.3145519117502418,-0.27465083014036706,-4.071878098501714
ESOMEPRAZOLE,LISINOPRIL,hard,1.5133417257394122,2.0393431011795955,1218,6,6.443737449333045,-0.09527268072048063,-1.4712616467862454,7.650271349543275,-0.32640837410122586,-1.7023973401669905
NICOTINE,QUETIAPINE,hard,0.24023212581695086,5.54026350671417,102,0,1.1711808009930522,-1.7408678235162132,-11.732755639323075,0.28815935356138206,-0.6565592547818877,-10.64844707058875
AZATHIOPRINE,CITALOPRAM,hard,1.2566055883323952,3.2514622794734134,62,0,0.4507679478890699,-0.9271651733478431,-10.919052989154705,0.5249814332360004,-1.0355977766371098,-11.027485592443972
DICLOFENAC,DILTIAZEM,hard,1.9156056318399564,5.606643724091128,145,0,1.9600120992268226,-2.2986654112765517,-12.290553227083414,3.180661879886666,-2.8799652241539615,-12.871853039960824
SODIUM OXYBATE,UNSPECIFIED INGREDIENT,hard,0.33925388822170116,2.484575520448672,287,1,1.4778401122019635,-0.39896330320363166,-4.196190571564979,0.5020208375380376,0.5820499902916183,-3.2151772780697288
ACETAMINOPHEN,LAMOTRIGINE,hard,1.4241685104647568,2.670342599521134,1786,19,11.454255130227816,0.7059498854690952,-0.015420272808335522,13.991463097479768,0.42827086331616615,-0.29309929496126463
LEVOFLOXACIN,RISPERIDONE,hard,3.0047540440999456,4.522367096463803,106,6,1.4339066862389536,1.7489215337441972,0.3729325676784321,2.9810776594044355,0.9009057186190226,-0.47508324744674224
AMLODIPINE,CARBAMAZEPINE,hard,3.881514367585462,3.163753453082705,566,25,7.09129134436922,1.7480800205401106,1.1271044979152458,13.736646534676751,0.8408878899335852,0.21991236730872038
HYDROXYCHLOROQUINE,LEVETIRACETAM,hard,0.5766988598320626,8.311874198852694,90,0,1.5503680949102272,-2.0358829346234604,-12.027770750430323,0.9134548494994292,-1.4992257993745175,-11.49111361518138
DABRAFENIB,DEXAMETHASONE,hard,3.2178564240928496,0.7259250103640954,70,0,0.4668292440153287,-0.9513330165672021,-10.943220832374065,0.33935226745130925,-0.7473483270339535,-10.739236142840817
EPINEPHRINE,LEVOFLOXACIN,hard,1.3398485061250733,3.0047540440999456,64,0,0.4436268690070189,-0.9162884038418687,-10.908176219648732,0.533087189965079,-1.0469620191806754,-11.038849834987538
CLAVULANATE,PREGABALIN,hard,1.5019938068512264,2.1050070186801157,281,2,1.5182414360977092,0.30882932489013193,-2.279811053517145,1.8288882132284054,0.10228670312370154,-2.486353675283575
DEXAMETHASONE,FUROSEMIDE,hard,0.7259250103640954,5.234688035560081,749,14,8.125797101449276,0.749323214155511,-0.1044196308563455,5.866913054538328,1.1873869319648525,0.333644086952996
MESALAMINE,SULFAMETHOXAZOLE,hard,0.4064151133538791,2.1134289523593943,69,0,0.3022247972190035,-0.6820784664682116,-10.673966282275074,0.1228638607640894,-0.31698877323620184,-10.308876589043065
CODEINE,LOSARTAN,hard,1.996416441410018,3.570047361260348,175,36,1.6561948109795928,4.0813370282212755,3.571409504420625,2.5452140314014717,3.5832809280587723,3.0733534042581216
BACLOFEN,LOSARTAN,hard,2.1267601781828365,3.570047361260348,85,0,0.8273990953512285,-1.4086021961184647,-11.400490011925328,1.325643033422292,-1.8684047038455067,-11.86029251965237
IRBESARTAN,LITHIUM,hard,4.789923437726823,5.581912344011374,90,7,1.7480768884532116,1.7381992163249553,0.47796387528665424,4.683965321939682,0.5328345282411093,-0.727400812797192
QUETIAPINE,SALMETEROL,hard,5.54026350671417,0.3041750623644556,156,0,1.7912176956364327,-2.1961145400456124,-12.188002355852475,0.5568158443756381,-1.0797240015524159,-11.071611817359278
LAMOTRIGINE,SUMATRIPTAN,hard,2.670342599521134,0.24090309418062614,137,3,0.7581949765857812,1.47599941481891,-0.5744439410230076,0.1826999259243476,2.358031421604956,0.3075880657630383
ALPRAZOLAM,AMLODIPINE,hard,3.2976592896695216,3.881514367585462,1449,43,18.556332150489897,1.1907449363574256,0.727126056392081,35.26083734698101,0.2826348830588796,-0.1809839969064647
COCAINE,METOPROLOL,hard,6.784072417700768,1.7999073221293354,136,1,2.1376146834039136,-0.8142713227976606,-4.611498591159007,3.368421827138609,-1.3667826195174655,-5.164009887878812
BISOPROLOL,FINASTERIDE,hard,4.99023508179959,1.1417426371029462,210,19,2.2335588942513245,2.834621760270419,2.1132516019929883,2.3883156081419243,2.755173823789723,2.0338036655122926
FLUOXETINE,METHYLPHENIDATE,hard,4.518088776638668,1.00826405844647,497,9,4.662277775954647,0.8799197402390906,-0.21314649823058437,4.560543990100696,0.9086350357103944,-0.1844312027592805
MIRTAZAPINE,TRIMETHOPRIM,hard,6.071519070142814,2.129450832636014,143,0,2.1341276111338394,-2.397325239098753,-12.389213054905616,3.755123846653375,-3.0892011225933684,-13.081088938400232
CEFTRIAXONE,TRIMETHOPRIM,hard,2.493309391031982,2.129450832636014,1118,1,8.39411173337891,-2.5678880281170304,-6.365115296478377,11.398697592105943,-2.9877692617968377,-6.784996530158184
COCAINE,LEVETIRACETAM,hard,6.784072417700768,8.311874198852694,88,0,2.570811713131684,-2.6186200561565633,-12.610507871963426,9.393283126900576,-4.306449364754773,-14.298337180561635
IRBESARTAN,METOPROLOL,hard,4.789923437726823,1.7999073221293354,391,10,4.529692993622409,1.0618470804210678,0.03170463450878699,6.699563847370297,0.5444079126537029,-0.48573453325857807
HYDROCHLOROTHIAZIDE,VALPROATE,hard,3.1775291676853943,4.241753268419911,99,1,1.3170887199883143,-0.27666636065736466,-4.073893629018712,2.719595837271526,-1.1019170944012169,-4.899144362762564
AZITHROMYCIN,FLUTICASONE,hard,3.5714958292414325,0.170907796311199,707,1,5.233146738121136,-1.9343647041221848,-5.731591972483532,0.9007406682176216,0.09877261940488599,-3.698454648956461
CANAGLIFLOZIN,LISINOPRIL,hard,1.0075622505171569,2.0393431011795955,126,0,0.5345171671887856,-1.0489575860511162,-11.040845401857979,0.5353254326998808,-1.050084319749526,-11.041972135556389
DEXTROAMPHETAMINE SACCHARATE,FLUOXETINE,hard,1.2708169437825525,4.518088776638668,144,2,1.4291971145567077,0.37392753746977503,-2.214712840937502,1.6810772773395464,0.19688720814599184,-2.391753170261285
LEVETIRACETAM,TRAZODONE,hard,8.311874198852694,4.239808234389531,283,6,6.775245372230554,-0.1625561884819586,-1.5385451545477236,18.609059392056807,-1.555745142826544,-2.931734108892309
PREDNISOLONE,RAMIPRIL,hard,1.113408648178296,4.28299501996993,410,0,3.7357238902568977,-3.0826085489289294,-13.074496364735792,4.0137895004200255,-3.1743391403327594,-13.166226956139623
AZITHROMYCIN,SARILUMAB,hard,3.5714958292414325,0.022998587542256886,55,0,0.40710476746345475,-0.8593410917772729,-10.851228907584137,0.00939703965816181,-0.026862480580852072,-10.018750296387715
CODEINE,IRBESARTAN,hard,1.996416441410018,4.789923437726823,106,0,1.2711685998873306,-1.8247015506803943,-11.816589366487257,2.0637846393718844,-2.3582750791331857,-12.350162894940048
AMPHETAMINE ASPARTATE,LAMOTRIGINE,hard,1.2710029169938377,2.670342599521134,93,0,0.5669207377712985,-1.0934530013996524,-11.085340817206514,0.652480784300251,-1.2047426963154844,-11.196630512122347
AMOXICILLIN,ARIPIPRAZOLE,hard,1.9074944534559102,3.7848153094130987,116,4,1.1280751049703446,1.4667577471274726,-0.26999973994161935,1.7417463635576065,1.0053019439668474,-0.7314555431022445
DIAZEPAM,LURASIDONE,hard,4.80303842573445,1.65572518991953,139,0,1.5725426748135436,-2.0514018079251364,-12.043289623731999,2.2315890087385224,-2.4497404339725652,-12.441628249779429
AMITRIPTYLINE,WARFARIN,hard,3.361414189474862,1.4690751930517714,81,6,0.6430320702692127,2.5075738360504007,1.1315848699846356,0.8271754577197483,2.2920806049695974,0.9160916389038325
CARBOPLATIN,SULFAMETHOXAZOLE,hard,0.729515412990319,2.1134289523593943,210,0,0.9198146002317498,-1.505702554526453,-11.497590370333317,0.6714320614917123,-1.2282732859200682,-11.22016110172693
LOSARTAN,TICAGRELOR,hard,3.570047361260348,9.947753323402457,69,9,1.79007189682276,2.052534620989747,0.959468382520072,4.806678215330656,0.8401184437258168,-0.25294779474385803
NIVOLUMAB,OMEPRAZOLE,hard,1.4525856692309949,2.402393275679143,128,0,0.7573667432181058,-1.3304055101020602,-11.322293325908923,0.9306426561285803,-1.5166633627626733,-11.508551178569537
DESVENLAFAXINE,TRAMADOL,hard,0.4893377939521678,2.8983790614189955,135,0,0.810928013876843,-1.3905884659759353,-11.382476281782798,0.39624658158633463,-0.8419676162908087,-10.833855432097671
ATORVASTATIN,RANIBIZUMAB,hard,23.292004455642303,0.03839655963367282,70,0,3.379078305115647,-2.955713899164444,-12.947601714971308,0.14561159817516064,-0.36873840144748987,-10.360626217254353
VANCOMYCIN,VORICONAZOLE,hard,1.1977717372568502,4.640234739765273,738,0,7.3997348594414,-3.9818042326076886,-13.973692048414552,7.955144306502826,-4.079829377757596,-14.071717193564458
ALBUTEROL,PIPERACILLIN,hard,0.3205170454188135,2.844849609508806,172,0,1.014100766883813,-1.598461223187519,-11.590349038994383,0.32600381268357803,-0.7242203459910094,-10.716108161797871
ESOMEPRAZOLE,FUROSEMIDE,hard,1.5133417257394122,5.234688035560081,1642,33,19.560750443239975,0.7397855195061512,0.20542194479139597,25.34038215616702,0.3745336892100075,-0.15982988550474772
ALPRAZOLAM,SODIUM CHLORIDE,hard,3.2976592896695216,0.3186522820464445,104,17,0.7107755394278648,3.8533515822752418,3.0864947328670587,0.2274953595869289,4.5882730661787985,3.821416216770615
AMPHETAMINE,PAROXETINE,hard,3.270268892114582,3.7569411535215695,145,29,1.8112470053426655,3.673971599015262,3.10100895736555,3.6133653921280535,2.842323816571208,2.269361174921496
LEVETIRACETAM,METOPROLOL,hard,8.311874198852694,1.7999073221293354,266,0,5.023174738143802,-3.4654977710565755,-13.457385586863438,8.093639655497121,-4.103269283962378,-14.09515709976924
ARIPIPRAZOLE,ROSUVASTATIN,hard,3.7848153094130987,28.620969757239056,115,9,7.48515582751299,0.2506069518450673,-0.8424592866246077,23.57273473403542,-1.3414006270002135,-2.434466865469888
LEVOFLOXACIN,TRASTUZUMAB,hard,3.0047540440999456,0.2391072036058819,133,0,0.8282356514970287,-1.409511127924184,-11.401398943731047,0.19875503294857227,-0.4828586744585144,-10.474746490265376
CLAVULANATE,EZETIMIBE,hard,1.5019938068512264,25.581180155436563,59,0,3.1893765816935495,-2.883377055178944,-12.875264870985808,4.467487761916158,-3.312516413203256,-13.30440422901012
DIPHENHYDRAMINE,NALOXONE,hard,2.2195871975044184,1.675629749642804,247,0,1.4820792161011254,-1.9870146226618692,-11.978902438468731,1.8834247920137912,-2.2530361024788736,-12.244923918285735
HYDROMORPHONE,LORAZEPAM,hard,0.3916573749765484,5.194239297993008,914,2,9.8392387949287,-2.0481299741241883,-4.636770352531465,3.775787366338208,-0.7742620151502397,-3.3629023935575164
EMPAGLIFLOZIN,OMEPRAZOLE,hard,0.7745310061165969,2.402393275679143,74,2,0.3684420370892612,1.5254266282247309,-1.063213750182546,0.2868184166320671,1.6678254633824798,-0.920814915024797
CODEINE,RISPERIDONE,hard,1.996416441410018,4.522367096463803,174,0,1.9901506827383175,-2.316233044567216,-12.308120860374078,3.2410105043514497,-2.9034280168255124,-12.895315832632376
EZETIMIBE,FORMOTEROL,hard,25.581180155436563,0.16948715238722878,150,0,7.952527631817358,-4.079382827382564,-14.071270643189427,1.3841878950050606,-1.9139428405746228,-11.905830656381486
EZETIMIBE,SULFAMETHOXAZOLE,hard,25.581180155436563,2.1134289523593943,110,2,6.0856868678831955,-1.397405822315903,-3.98604620072318,11.379221200603814,-2.2484402564369588,-4.837080634844235
CYCLOSPORINE,MORPHINE,hard,3.4941568465009407,1.291544779201578,176,0,1.380868748516487,-1.9113991776909482,-11.903286993497812,1.6598186806796738,-2.1109102015256536,-12.102798017332516
CIPROFLOXACIN,LINEZOLID,hard,4.174266022376609,2.4245710744063,1011,2,11.731197288681736,-2.2905656334563655,-4.8792060118636424,18.35672028759377,-2.9150787727107152,-5.503719151117992
AMIODARONE,ZOLPIDEM,hard,5.84423665378893,4.103825283249003,185,0,3.4307894147255493,-2.974819075929637,-12.9667068917365,8.714074605562459,-4.203839279365961,-14.195727095172824
IRBESARTAN,ROSUVASTATIN,hard,4.789923437726823,28.620969757239056,532,24,35.735180779462546,-0.5646093428037501,-1.1995262879738395,82.1012650238111,-1.7533821272062657,-2.3882990723763555
FLUOXETINE,GABAPENTIN,hard,4.518088776638668,1.6973240275835393,1442,7,15.58645323231641,-1.100883772624319,-2.36111911366262,21.47454773677465,-1.5508709725143381,-2.8111063135526395
PIPERACILLIN,SPIRONOLACTONE,hard,2.844849609508806,4.410515234337747,140,2,1.8149891457113005,0.11092266574966514,-2.4777177126576118,3.5188058215921476,-0.6848387768626732,-3.27347915526995
AMITRIPTYLINE,CLINDAMYCIN,hard,3.361414189474862,1.2109212610843265,66,0,0.4886405682440044,-0.9835180128887299,-10.975405828695592,0.5538805355882676,-1.075711337105532,-11.067599152912395
AMIODARONE,RAMIPRIL,hard,5.84423665378893,4.28299501996993,966,4,18.27298729001689,-2.060661333681823,-3.797418820750915,41.0368676307619,-3.2063955175246566,-4.943153004593748
ESCITALOPRAM,SUMATRIPTAN,hard,4.011567357595898,0.24090309418062614,136,0,1.130697283119711,-1.7054889900965093,-11.697376805903373,0.27145039504539703,-0.6256452983016472,-10.61753311410851
FLUCONAZOLE,METOPROLOL,hard,6.497621096770969,1.7999073221293354,108,4,1.633401318887918,1.0767696216478804,-0.6599878654212116,2.575984378133621,0.5488768250757279,-1.187880661993364
FLUOXETINE,LEVETIRACETAM,hard,4.518088776638668,8.311874198852694,192,0,4.707365993247635,-3.3805538083197564,-13.372441624126619,14.143368980802608,-4.87217560566366,-14.864063421470522
VALPROIC ACID,WARFARIN,hard,4.343328324522326,1.4690751930517714,89,0,0.8876574322116363,-1.472651457074674,-11.464539272881536,1.1737862820394904,-1.7431153286495842,-11.735003144456448
AMIODARONE,MYCOPHENOLATE MOFETIL,hard,5.84423665378893,0.6428222670492816,111,5,1.3444483547422137,1.576242225050711,0.04877659766476451,0.8691186088900766,2.0061841836957863,0.4787185563098394
CYCLOSPORINE,SECUKINUMAB,hard,3.4941568465009407,0.0424690401849379,1691,0,12.245579858978974,-4.671925105018249,-14.663812920825112,0.51900169180355,-1.0271564467486392,-11.019044262555502
CITALOPRAM,LOPERAMIDE,hard,3.2514622794734134,0.7971200351397586,214,0,1.4420683490338995,-1.9575939757710366,-11.949481791577899,1.1349352006277296,-1.7092334567719085,-11.70112127257877
ACYCLOVIR,OLANZAPINE,hard,2.0542987820668928,7.063076941925239,57,0,0.9589232651991343,-1.54490400400427,-11.536791819811132,1.6957001112958139,-2.134681024520466,-12.126568840327328
DEXAMETHASONE,LEVETIRACETAM,hard,0.7259250103640954,8.311874198852694,688,0,11.851702769980403,-4.6266380361686,-14.618525851975463,8.578860433097061,-4.1825112236511375,-14.174399039458
CAFFEINE,WARFARIN,hard,2.4018293805908244,1.4690751930517714,66,0,0.39269560814045007,-0.8362402333285149,-10.828128049135378,0.4825036719838283,-0.974534704385113,-10.966422520191976
AMLODIPINE,PIPERACILLIN,hard,3.881514367585462,2.844849609508806,210,3,2.4922499459904985,0.2261242318654517,-1.824319123976466,4.696622668576817,-0.5702193853730202,-2.6206627412149377
AZITHROMYCIN,MYCOPHENOLATE MOFETIL,hard,3.5714958292414325,0.6428222670492816,442,0,3.2716419494335818,-2.915192724185123,-12.907080539991986,2.097729280953213,-2.3772510899941524,-12.369138905801016
UNSPECIFIED INGREDIENT,VARENICLINE,hard,2.484575520448672,0.16791629425022722,393,0,2.0236625926668004,-2.335519038519641,-12.327406854326505,0.34060214188034743,-0.7494950376389494,-10.741382853445812
CLONAZEPAM,FENTANYL,hard,3.8807804287121943,1.6641959255224423,1550,43,14.600128486711066,1.5264545754936456,1.062835695528301,19.85507904878071,1.0956265767783346,0.6320076968129901
IPRATROPIUM,TAZOBACTAM,hard,0.2994169200350912,2.6187545025301193,130,2,0.7055560022513467,1.0522294242093182,-1.5364109541979587,0.2108072322781665,1.8143978292877574,-0.7742425491195196
BUPRENORPHINE,FLUOXETINE,hard,1.1959665297843045,4.518088776638668,217,1,2.120058080046021,-0.8046362922879957,-4.601863560649343,2.4312185887020528,-0.9665380568926709,-4.763765325254018
DENOSUMAB,MIRTAZAPINE,hard,0.2014242475963959,6.071519070142814,62,0,0.7801577093003748,-1.3563215542955052,-11.348209370102367,0.15876026356855183,-0.39782543940951387,-10.389713255216376
ALCOHOL,EMTRICITABINE,hard,3.195815956684072,1.5084069223569223,69,3,0.5297116835758113,1.7651144787294493,-0.28532887711246835,0.6897016541196993,1.5567550931350926,-0.49368826270682475
CAFFEINE,LORAZEPAM,hard,2.4018293805908244,5.194239297993008,218,0,2.980128659110042,-2.7991406429788612,-12.791028458785725,5.412381607259758,-3.5637393894322686,-13.555627205239132
HYDROCORTISONE,RIFAMPIN,hard,1.7706437401827775,2.81078961658743,83,0,0.6160675275933238,-1.1584243199777675,-11.150312135784631,0.8478175412050799,-1.4306252070426637,-11.422513022849527
ACYCLOVIR,ENOXAPARIN,hard,2.0542987820668928,1.4072691300975575,213,0,1.0866377212698661,-1.6659727536347528,-11.657860569441615,1.2626687802473018,-1.8177614060320542,-11.809649221838917
CARBAMAZEPINE,EVEROLIMUS,hard,3.163753453082705,0.6932762508376293,71,0,0.4655371380612673,-0.9494036566411121,-10.941291472447976,0.32343182647391283,-0.7197211164736946,-10.711608932280557
CEFTRIAXONE,VALPROATE,hard,2.493309391031982,4.241753268419911,116,2,1.3787626432439564,0.41214528201173356,-2.176495096395543,2.4775721264473463,-0.25220836037502464,-2.840848738782302
LEVOFLOXACIN,PACLITAXEL,hard,3.0047540440999456,0.7029329437548383,133,0,0.8282356514970287,-1.409511127924184,-11.401398943731047,0.5839457992024587,-1.116292619074811,-11.108180434881673
ALLOPURINOL,DILTIAZEM,hard,6.008206666908847,5.606643724091128,169,0,3.717867718747391,-3.0765138498732574,-13.06840166568012,10.593135976491151,-4.4715953610343115,-14.463483176841175
LEVOFLOXACIN,TAZOBACTAM,hard,3.0047540440999456,2.6187545025301193,1330,10,12.74431969178792,-0.3349844121928295,-1.3651268581051104,19.044959303223877,-0.8964072527399899,-1.9265496986522708
AZITHROMYCIN,VENLAFAXINE,hard,3.5714958292414325,4.104038720461546,114,0,1.5771908569984574,-2.0546337803592514,-12.046521596166114,3.410673833657316,-2.9674172143659714,-12.959305030172834
SECUKINUMAB,SULFAMETHOXAZOLE,hard,0.0424690401849379,2.1134289523593943,58,0,0.2540440324449595,-0.5927206773269498,-10.584608493133812,0.010772116107603653,-0.030751673200815424,-10.022639489007679
BACLOFEN,SODIUM CHLORIDE,hard,2.1267601781828365,0.3186522820464445,87,0,0.38346976209379363,-0.8212526626129393,-10.813140478419802,0.12208801113814273,-0.31519060805729776,-10.30707842386416
DEXTROMETHORPHAN,DIAZEPAM,hard,1.1117394603933426,4.80303842573445,240,1,2.444603834924779,-0.9731110471426131,-4.77033831550396,2.6001886966885075,-1.047393528807943,-4.8446207971692905
PREGABALIN,VALPROATE,hard,2.1050070186801157,4.241753268419911,369,0,4.088937113813425,-3.198160036383841,-13.190047852190704,6.680266174968274,-3.8440373262473475,-13.83592514205421
SILDENAFIL,SIMVASTATIN,hard,0.5654556409715661,48.434632158663995,147,0,14.755933591550496,-4.931298563672346,-14.923186379479208,8.746755570693573,-4.208947252856793,-14.200835068663656
AMITRIPTYLINE,ESCITALOPRAM,hard,3.361414189474862,4.011567357595898,711,1,9.390865343584265,-2.721134245974471,-6.518361514335818,17.628846666438307,-3.595252739792311,-7.392480008153658
VARENICLINE,VENLAFAXINE,hard,0.16791629425022722,4.104038720461546,215,0,1.8287033521165266,-2.2195268698242594,-12.211414685631123,0.30914096257359264,-0.6944629653579784,-10.68635078116484
CLARITHROMYCIN,TRIMETHOPRIM,hard,10.012509707103643,2.129450832636014,666,1,15.379038944164552,-3.4040891922613565,-7.201316460622704,25.420876769958873,-4.111080112168015,-7.9083073805293616
DIPHENHYDRAMINE,PHENYTOIN,hard,2.2195871975044184,2.3554696847735186,89,0,0.6594263761433445,-1.2134112114067608,-11.205299027213623,0.9582363035746292,-1.5442245237606225,-11.536112339567484
METOCLOPRAMIDE,QUETIAPINE,hard,1.6981496919460144,5.54026350671417,271,0,3.503779594667984,-3.001362556983209,-12.993250372790072,5.175768678214768,-3.5048157920776397,-13.496703607884502
AMPHETAMINE,LISDEXAMFETAMINE DIMESYLATE,hard,3.270268892114582,0.7838413939326634,1211,4,8.207690242920412,-0.9523650862685814,-2.689122573337673,5.786727582300175,-0.48238424788694606,-2.219141734956038
ALBUTEROL,ATORVASTATIN,hard,0.3205170454188135,23.292004455642303,967,18,46.67955315781187,-1.3506364839938705,-2.093748089003811,14.704080001516168,0.28306674917104807,-0.4600448558388928
DIVALPROEX,LISINOPRIL,hard,3.0857936349713344,2.0393431011795955,77,0,0.6582978328481806,-1.212006260862846,-11.203894076669709,0.9975583908585798,-1.5826122558085802,-11.574500071615443
FLUCONAZOLE,LEVOTHYROXINE,hard,6.497621096770969,1.2167115580314125,92,4,1.2802183060806962,1.3378708334032754,-0.3988866536658163,1.5015155355936287,1.1688321875970005,-0.5679252994720914
AMITRIPTYLINE,LEVETIRACETAM,hard,3.361414189474862,8.311874198852694,226,0,4.999194509698457,-3.4592203164615656,-13.451108132268429,12.153732302440133,-4.661491075066665,-14.653378890873528
AMIODARONE,METFORMIN,hard,5.84423665378893,3.1194460131509523,590,3,9.737765441698224,-1.5484740309433784,-3.5989173867852964,21.17026402948073,-2.630289904097153,-4.680733259939071
ATORVASTATIN,ESOMEPRAZOLE,hard,23.292004455642303,1.5133417257394122,1942,47,95.81137625394477,-1.019778705142237,-1.4619006121435338,111.49941317363893,-1.2374917546757733,-1.6796136616770698
LEVETIRACETAM,MYCOPHENOLATE MOFETIL,hard,8.311874198852694,0.6428222670492816,166,2,2.859567819501086,-0.42634755931751217,-3.014987937724789,1.8738275088700076,0.07471298768297532,-2.5139273907243016
DIPHENHYDRAMINE,TRIMETHOPRIM,hard,2.2195871975044184,2.129450832636014,137,0,0.9508981399250304,-1.5369462387821144,-11.528834054588977,1.3351128205511933,-1.8758687609683764,-11.867756576775239
METFORMIN,TOFACITINIB,hard,3.1194460131509523,0.09062200011955265,166,0,1.0731956741006388,-1.6536981243440485,-11.64558594015091,0.09833814491196366,-0.2590329449083147,-10.250920760715177
AMLODIPINE,ESTROGENS CONJUGATED,hard,3.881514367585462,0.04442187135302426,194,0,1.5606168061437458,-2.043076245160795,-12.034964060967658,0.06978889158473593,-0.1884994007445106,-10.180387216551374
ALLOPURINOL,THALIDOMIDE,hard,6.008206666908847,0.2858304405168826,83,1,1.0335138638152108,-0.031878708705452764,-3.8291059770668,0.29599267598852425,0.914135439165783,-2.883091829195564
LITHIUM,VALSARTAN,hard,5.581912344011374,1.1262743399204835,123,10,1.4551126994800505,2.4250656509009993,1.3949232049887184,1.6035599334953,2.3194844995973383,1.2893420536850573
ALLOPURINOL,VALACYCLOVIR,hard,6.008206666908847,0.6969455901894963,532,4,6.624450307827616,-0.662853704825721,-2.3996111918948126,4.1237973616848365,-0.0391531715480278,-1.7759106586171196
EZETIMIBE,FUROSEMIDE,hard,25.581180155436563,5.234688035560081,564,15,34.85137485634346,-1.1894981087249168,-2.0112213340068603,110.49706968340404,-2.840181469395444,-3.6619046946773874
ACYCLOVIR,LACOSAMIDE,hard,2.0542987820668928,1.8084382700308597,94,0,0.557702593569116,-1.0809340252778947,-11.072821841084757,0.7179540311024531,-1.2844596830373145,-11.276347498844178
HYDROCHLOROTHIAZIDE,MIRTAZAPINE,hard,3.1775291676853943,6.071519070142814,652,9,11.146660927837123,-0.29391697809724493,-1.3869832165669196,24.023111020007633,-1.3681425934428433,-2.4612088319125185
LITHIUM,NAPROXEN,hard,5.581912344011374,0.7382349550742802,128,0,1.480765656941089,-1.9860582060388543,-11.977946021845717,1.094593294861036,-1.6731885078102275,-11.66507632361709
LEVOTHYROXINE,SULFAMETHOXAZOLE,hard,1.2167115580314125,2.1134289523593943,222,0,1.0720830661373297,-1.652677449109427,-11.64456526491629,1.1811933106324273,-1.749485621216715,-11.741373437023578
AMOXICILLIN,VALPROATE,hard,1.9074944534559102,4.241753268419911,176,1,1.8782344623339247,-0.6649284519452658,-4.462155720306613,2.907593308342132,-1.1837906614126004,-4.981017929773947
ACYCLOVIR,CIPROFLOXACIN,hard,2.0542987820668928,4.174266022376609,480,5,5.201362042493313,-0.05187499839682504,-1.5793406257827718,7.813998183640825,-0.5961108141394384,-2.123576441525385
CYCLOSPORINE,LEVETIRACETAM,hard,3.4941568465009407,8.311874198852694,115,0,2.575475380722184,-2.6208094271682585,-12.612697242975122,6.841969904764262,-3.8761672007441423,-13.868055016551006
OXYMORPHONE,QUETIAPINE,hard,0.28204610062051705,5.54026350671417,94,0,1.079323483268107,-1.6593066999562476,-11.65119451576311,0.311071670167903,-0.6979013086147415,-10.689789124421605
ATORVASTATIN,PACLITAXEL,hard,23.292004455642303,0.7029329437548383,116,1,5.599615477048786,-2.023755796570712,-5.820983064932059,4.442792088597877,-1.7203637221519905,-5.517590990513337
ESOMEPRAZOLE,IRBESARTAN,hard,1.5133417257394122,4.789923437726823,548,38,6.023060871909891,2.561237449166977,2.0658970244094954,7.9802326522127895,2.1826826955303145,1.6873422707728325
BUPROPION,SPIRONOLACTONE,hard,1.713431248898844,4.410515234337747,99,0,1.0513156543691913,-1.6334922690041256,-11.625380084810988,1.542470386274175,-2.030315160924147,-12.02220297673101
ATENOLOL,LANSOPRAZOLE,hard,3.2403794914516304,1.5788646382413933,258,3,2.0421633473484007,0.4612981880018651,-1.5891451678400526,2.6930450201086633,0.13242202783120544,-1.9180213280107121
CARBAMAZEPINE,OXYCODONE,hard,3.163753453082705,0.8173775172444036,415,1,2.7210973562736047,-1.1025897654918118,-4.899817033853159,2.2265647240288033,-0.8621219022794249,-4.6593491706407715
CITALOPRAM,WARFARIN,hard,3.2514622794734134,1.4690751930517714,296,1,2.282394675878523,-0.8913645764368581,-4.688591844798205,2.905360214594106,-1.182844912001381,-4.980072180362728
CYCLOSPORINE,TOCILIZUMAB,hard,3.4941568465009407,0.2305753522308547,1717,0,12.433861985728504,-4.693081215800403,-14.684969031607265,2.8086844781530886,-2.726257720327528,-12.71814553613439
BISOPROLOL,RITUXIMAB,hard,4.99023508179959,0.16796801934731603,175,0,1.8098909364422715,-2.2078247351182068,-12.199712550925069,0.30588577449354026,-0.6886472720917683,-10.680535087898631
DICLOFENAC,SERTRALINE,hard,1.9156056318399564,3.8841214698766486,327,1,3.252802158846801,-1.323005735154143,-5.12023300351549,5.018715851058274,-1.8793701048986011,-5.6765973732599475
DIVALPROEX,VENLAFAXINE,hard,3.0857936349713344,4.104038720461546,307,16,3.9383164891652522,1.8943815719070782,1.101453691878965,7.6172468845235315,1.0234036258817107,0.23047574585359765
DAPAGLIFLOZIN,PREGABALIN,hard,2.4062542147301333,2.1050070186801157,56,0,0.4075158642531007,-0.8599947681430411,-10.851882583949903,0.5899968959208843,-1.1243240265197032,-11.116211842326566
CETIRIZINE,PAROXETINE,hard,0.3300110995603862,3.7569411535215695,116,5,0.9032037525875002,1.9707071075378102,0.4432414801518637,0.2991141738009167,2.7829580699349323,1.255492442548986
BACLOFEN,TERIFLUNOMIDE,hard,2.1267601781828365,0.1513849346271303,65,0,0.28650039696662744,-0.6535193989184316,-10.645407214725294,0.04345979078430881,-0.12024520295580919,-10.112133018762671
ALCOHOL,LISINOPRIL,hard,3.195815956684072,2.0393431011795955,569,1,4.994308248178242,-1.8729753517463277,-5.670202620107674,7.402836297939038,-2.3974080232770985,-6.194635291638445
CLAVULANATE,LORAZEPAM,hard,1.5019938068512264,5.194239297993008,154,2,1.8180332668516053,0.10902682380723665,-2.47961355460004,2.4297006170892,-0.2288251498596102,-2.817465528266887
CARBAMAZEPINE,CIPROFLOXACIN,hard,3.163753453082705,4.174266022376609,219,0,2.876676567181652,-2.7556039983357405,-12.747491814142604,5.832483159269605,-3.6627713352112807,-13.654659151018144
CELECOXIB,HYDROCHLOROTHIAZIDE,hard,0.7217016592342094,3.1775291676853943,445,0,2.930507979500252,-2.778422222241636,-12.7703100380485,2.099310293314254,-2.378128866170618,-12.37001668197748
SERTRALINE,VALSARTAN,hard,3.8841214698766486,1.1262743399204835,276,12,2.2939802334604695,2.161534375609106,1.2313432138680138,2.5171996801887224,2.0506460116576126,1.1204548499165201
METHADONE,VANCOMYCIN,hard,3.4096390944373844,1.1977717372568502,74,0,0.5532490491472735,-1.0748466134637729,-11.066734429270635,0.6256466216766058,-1.1707539880125306,-11.162641803819394
DIAZEPAM,HYDROCHLOROTHIAZIDE,hard,4.80303842573445,3.1775291676853943,366,1,5.2949903584478415,-1.949843760194619,-5.7470710285559665,11.187472253805367,-2.9619285341957924,-6.75915580255714
DIAZEPAM,INSULIN GLARGINE,hard,4.80303842573445,0.3262384726407933,73,1,0.7266617037115815,0.2902250721533725,-3.5070021962079743,0.2391454377412822,1.0210323318271621,-2.776194936534185
CODEINE,LITHIUM,hard,1.996416441410018,5.581912344011374,86,0,1.172485224493384,-1.7419934654889897,-11.733881281295853,1.9550218272414859,-2.2957358513884656,-12.287623667195328
AMITRIPTYLINE,NALOXONE,hard,3.361414189474862,1.675629749642804,221,1,1.8490519007170738,-0.6471160883547761,-4.444343356716123,2.528154929421989,-1.0134765190644515,-4.8107037874257985
ENZALUTAMIDE,HYDROCHLOROTHIAZIDE,hard,0.23284154369142498,3.1775291676853943,82,0,0.540003717570833,-1.056588685396578,-11.04847650120344,0.1266267113473794,-0.3256781741944737,-10.317565990001336
EZETIMIBE,HEPARIN,hard,25.581180155436563,0.773848026948925,62,0,3.287044754484508,-2.921072470784343,-12.912960286591206,2.529728652184094,-2.5991885891839335,-12.591076404990796
EMTRICITABINE,LEVOFLOXACIN,hard,1.5084069223569223,3.0047540440999456,81,0,0.5897615014297826,-1.1240124300907615,-11.115900245897624,0.7627225761041877,-1.336537709559163,-11.328425525366026
DILTIAZEM,OMEPRAZOLE,hard,5.606643724091128,2.402393275679143,352,2,5.113218688164554,-1.1669001721774215,-3.755540550584698,9.41856733780611,-1.9882036543630064,-4.576844032770283
LORAZEPAM,SPIRONOLACTONE,hard,5.194239297993008,4.410515234337747,300,0,5.349991499029664,-3.5484345282316565,-13.540322344038518,13.126013238406074,-4.768291608422607,-14.76017942422947
CARVEDILOL,TRIMETHOPRIM,hard,1.2559062467821966,2.129450832636014,110,1,0.5438002929658249,0.5231167887255,-3.274110479635847,0.607232126099661,0.4380047925433221,-3.359222475818025
ATORVASTATIN,DESVENLAFAXINE,hard,23.292004455642303,0.4893377939521678,67,0,3.2342606634678335,-2.9008226358573794,-12.892710451664243,1.7200975593219159,-2.1506230753399636,-12.142510891146827
ALLOPURINOL,SITAGLIPTIN,hard,6.008206666908847,3.1632968623290343,389,4,6.587868557170087,-0.6554268482636545,-2.3921843353327463,14.055044185814694,-1.693522312607479,-3.430279799676571
SERTRALINE,SPIRONOLACTONE,hard,3.8841214698766486,4.410515234337747,293,8,4.429601314544934,0.7859918690462204,-0.3822860474984459,9.930603618316828,-0.2952879025737187,-1.4635658191183853
OMEPRAZOLE,TEMOZOLOMIDE,hard,2.402393275679143,0.35010782503825777,55,0,0.27384205459336985,-0.6301110395601627,-10.621998855367025,0.0963865271230104,-0.2543195713986984,-10.246207387205562
FLUOXETINE,SIMVASTATIN,hard,4.518088776638668,48.434632158663995,337,4,36.28536952944875,-3.031135177547762,-4.767892664616854,103.48423242738099,-4.530295971281376,-6.267053458350468
DUPILUMAB,UNSPECIFIED INGREDIENT,hard,0.03409434246066283,2.484575520448672,71,0,0.365598076537768,-0.7917691984403665,-10.783657014247229,0.012282050310555655,-0.03501024765346251,-10.026898063460326
LETROZOLE,SPIRONOLACTONE,hard,0.44423660650716645,4.410515234337747,58,0,0.5301645338208409,-1.0428747773796645,-11.034762593186528,0.23623991477778955,-0.5582478717471138,-10.550135687553977
CLONAZEPAM,TIOTROPIUM,hard,3.8807804287121943,0.1639557165910122,132,0,1.061662198391421,-1.6430824192864049,-11.634970235093268,0.17515467036469146,-0.4332899503968121,-10.425177766203674
RUXOLITINIB,TRIMETHOPRIM,hard,0.10781362520466525,2.129450832636014,182,0,0.8032160101374233,-1.3820762327360323,-11.373964048542895,0.08678358069149067,-0.23090040736733486,-10.222788223174197
FLUCONAZOLE,NAPROXEN,hard,6.497621096770969,0.7382349550742802,59,0,0.7945106907894737,-1.3724068798655007,-11.364294695672363,0.5890739507982962,-1.123101919920463,-11.114989735727326
ARIPIPRAZOLE,RAMIPRIL,hard,3.7848153094130987,4.28299501996993,105,0,1.538039668988541,-2.027182132806999,-12.019069948613861,3.48065627506115,-2.9930063018050825,-12.984894117611946
ALPRAZOLAM,LOPERAMIDE,hard,3.2976592896695216,0.7971200351397586,158,0,1.0798320695154098,-1.6597712132421099,-11.651659029048973,0.8552584920335151,-1.4385680468618762,-11.430455862668738
ATORVASTATIN,WARFARIN,hard,23.292004455642303,1.4690751930517714,1216,60,59.88155872011756,0.0028271425950149587,-0.3854935714752419,67.82765144530389,-0.17553439703408483,-0.5638551111043417
CITALOPRAM,DIAZEPAM,hard,3.2514622794734134,4.80303842573445,1801,6,26.33136332104862,-2.0454087375894465,-3.4213977036552112,47.5682153340699,-2.886571617158143,-4.262560583223908
LEUCOVORIN,UNSPECIFIED INGREDIENT,hard,0.13805732950974237,2.484575520448672,180,0,0.9268683630534963,-1.5128522439027488,-11.504740059709611,0.12806501348610438,-0.32898581101186464,-10.320873626818727
ALLOPURINOL,LEUCOVORIN,hard,6.008206666908847,0.13805732950974237,115,0,1.4319770402258944,-1.950077949168994,-11.941965764975857,0.19813355964390747,-0.48157496934617366,-10.473462785153037
SODIUM OXYBATE,VENLAFAXINE,hard,0.33925388822170116,4.104038720461546,303,1,2.5771958869363143,-1.0366537843921027,-4.8338810527534495,0.876253527998112,0.1242162386071836,-3.673011029754163
INSULIN GLARGINE,LOSARTAN,hard,0.3262384726407933,3.570047361260348,272,0,2.012501594591147,-2.329124511916645,-12.321012327723508,0.6590163004037458,-1.2129008565482498,-11.204788672355113
PALIPERIDONE,SERTRALINE,hard,2.800968040656775,3.8841214698766486,317,4,3.734994104689528,0.08756504018261922,-1.6491924468864727,7.008788986591132,-0.738655247985733,-2.475412735054825
DILTIAZEM,TOCILIZUMAB,hard,5.606643724091128,0.2305753522308547,111,0,1.289790844727882,-1.8397910037441165,-11.83167881955098,0.29952867771713304,-0.6772216867335549,-10.669109502540417
MIRTAZAPINE,PANTOPRAZOLE,hard,6.071519070142814,1.7685018115627529,667,9,9.455328307037506,-0.06754138051573771,-1.1606076189854126,14.108920267465214,-0.6208501351952468,-1.7139163736649217
LISDEXAMFETAMINE DIMESYLATE,SERTRALINE,hard,0.7838413939326634,3.8841214698766486,251,1,2.020504752540151,-0.748750173903702,-4.545977442265049,1.5512382962915994,-0.45153260148572255,-4.24875986984707
CITALOPRAM,SODIUM OXYBATE,hard,3.2514622794734134,0.33925388822170116,77,0,0.5188750601664031,-1.026977151474781,-11.018864967281644,0.17679826226535061,-0.436797769338261,-10.428685585145123
CARVEDILOL,LEVOFLOXACIN,hard,1.2559062467821966,3.0047540440999456,103,1,0.6960430970674623,0.32669312556197977,-3.4705341427993672,0.8011598719060121,0.20516426561719178,-3.592063002744155
INFLIXIMAB,METHADONE,hard,0.2281513595789778,3.4096390944373844,58,0,0.409854546454398,-0.863707832971851,-10.855595648778714,0.09362826533456409,-0.2476316919621396,-10.239519507769002
BISOPROLOL,DIVALPROEX,hard,4.99023508179959,3.0857936349713344,59,0,0.8652367351185956,-1.4491511394002816,-11.441038955207144,1.8380437335216075,-2.2253019159878957,-12.21718973179476
CITALOPRAM,VARENICLINE,hard,3.2514622794734134,0.16791629425022722,97,0,0.6536478030667675,-1.2062028510874443,-11.198090666894307,0.11025909489594488,-0.28749379624729626,-10.27938161205416
CELECOXIB,SITAGLIPTIN,hard,0.7217016592342094,3.1632968623290343,61,1,0.3999108038800312,0.7371085821406919,-3.060118686220655,0.2895567857565522,0.9258475656430175,-2.8713797027183294
CEFTRIAXONE,LORAZEPAM,hard,2.493309391031982,5.194239297993008,128,6,1.7740680644069653,1.515164282418919,0.13917531635315425,3.3430161836608474,0.7582006662685872,-0.6177882997971778
IBUPROFEN,OMEPRAZOLE,hard,1.613575934691527,2.402393275679143,1083,8,6.7693771588782665,0.22563108209739163,-0.9426468344472749,8.616848913794954,-0.10107242590447044,-1.269350342449137
HYDROCORTISONE,LORAZEPAM,hard,1.7706437401827775,5.194239297993008,70,0,0.8653530401489133,-1.449274037897955,-11.441161853704818,1.3197060386653212,-1.86370541151579,-11.855593227322652
BUPROPION,COCAINE,hard,1.713431248898844,6.784072417700768,336,0,5.220947374743195,-3.51625407351949,-13.508141889326353,7.780063356680673,-4.049641806857368,-14.04152962266423
LITHIUM,METOPROLOL,hard,5.581912344011374,1.7999073221293354,158,0,2.089753043606116,-2.372814530440159,-12.364702346247022,3.229439359268966,-2.8989587687125034,-12.890846584519366
SECUKINUMAB,VENLAFAXINE,hard,0.0424690401849379,4.104038720461546,74,0,0.6294141770075486,-1.1755746460211047,-11.167462461827968,0.026968228182896955,-0.0757878870420274,-10.06767570284889
CLOZAPINE,ETHINYL ESTRADIOL,hard,2.112656682865892,0.09363419179573759,71,0,0.3108712990543158,-0.6975448541414763,-10.689432669948339,0.02921958931660439,-0.08193836976561865,-10.073826185572482
CARBAMAZEPINE,METHOTREXATE,hard,3.163753453082705,0.24755311801321087,145,0,0.9507448594208979,-1.5367938168450035,-11.528681632651866,0.23519933932210013,-0.5562073752799035,-10.548095191086766
LAMOTRIGINE,LEVOFLOXACIN,hard,2.670342599521134,3.0047540440999456,61,3,0.5910357890314469,1.6816564951794666,-0.3687868606624512,1.0150143632946635,1.208023450632808,-0.8424199052091096
DOXYCYCLINE,SERTRALINE,hard,0.9330989278467624,3.8841214698766486,98,0,0.7888823336610947,-1.366120561300646,-11.35800837710751,0.7338160192208305,-1.3031272826992955,-11.295015098506159
UNSPECIFIED INGREDIENT,ZIDOVUDINE,hard,2.484575520448672,1.2889359387503645,88,3,0.50583163655292,1.7989660855403884,-0.2514772703015291,0.5811155200003306,1.6948342350375392,-0.35560912080437845
RAMIPRIL,VALPROIC ACID,hard,4.28299501996993,4.343328324522326,55,0,0.8693031548128846,-1.4534418852570787,-11.445329701063942,2.07203239047922,-2.3629088111298966,-12.354796626936759
HYDROCODONE,LEVOFLOXACIN,hard,0.36538852979026465,3.0047540440999456,172,0,1.07110174479315,-1.6517766128125333,-11.643664428619395,0.39253913960700376,-0.8359873406732257,-10.827875156480088
AMPHETAMINE,RISPERIDONE,hard,3.270268892114582,4.522367096463803,299,19,4.209232176175781,2.0499103662269027,1.3285402079494721,8.835935328734482,1.0626076515227716,0.3412374932453408
DEXTROAMPHETAMINE SACCHARATE,METHADONE,hard,1.2708169437825525,3.4096390944373844,100,11,0.7627724278496667,3.186967290640975,2.2104296370396757,0.8898356946262094,3.0486476173952135,2.072109963793914
LISDEXAMFETAMINE DIMESYLATE,RISPERIDONE,hard,0.7838413939326634,4.522367096463803,122,0,1.1434547813232232,-1.7167317620718838,-11.708619577878746,0.8953064205533359,-1.4805819843253911,-11.472469800132254
ESCITALOPRAM,NICOTINE,hard,4.011567357595898,0.24023212581695086,72,0,0.5986044440045529,-1.1356720328787135,-11.127559848685577,0.1446995019119043,-0.36669877398881356,-10.358586589795676
ENOXAPARIN,ESCITALOPRAM,hard,1.4072691300975575,4.011567357595898,151,0,1.382860049811765,-1.9129257705596727,-11.904813586366535,1.748265916183771,-2.168812682031809,-12.160700497838672
SPIRONOLACTONE,TRAMADOL,hard,4.410515234337747,2.8983790614189955,413,9,5.400035987434402,0.6872037591835464,-0.4058624792861285,10.494203224678346,-0.2107436339806465,-1.303809872450321
IBUPROFEN,LEVETIRACETAM,hard,1.613575934691527,8.311874198852694,277,2,5.123930713086719,-1.1696507256073783,-3.758291104014655,7.721561308130077,-1.7174842987281538,-4.306124677135431
ATORVASTATIN,DULOXETINE,hard,23.292004455642303,1.8648810916774137,791,19,39.601421625668515,-1.0401792582401546,-1.7615494165175851,62.73752482138707,-1.6973067763305996,-2.41867693460803
ASPIRIN,ATENOLOL,hard,1.4037989449123882,3.2403794914516304,1032,16,7.794220407207293,0.9922877340195754,0.1993598539914623,9.430341497471758,0.7325507874821979,-0.0603770925459151
ALPRAZOLAM,AMITRIPTYLINE,hard,3.2976592896695216,3.361414189474862,1351,8,15.845065306302443,-0.943320395005919,-2.111598311550585,26.57495786480459,-1.671424346289286,-2.8397022628339523
BISOPROLOL,ETANERCEPT,hard,4.99023508179959,0.04755602694621194,101,0,1.0445656261752538,-1.6272011701213882,-11.61908898592825,0.04917757878657473,-0.13534463104607883,-10.127232446852942
CYCLOPHOSPHAMIDE,VALPROIC ACID,hard,0.3489363419813354,4.343328324522326,82,0,0.738124913446891,-1.3081568742608531,-11.300044690067717,0.2586555017091728,-0.6015168252704381,-10.593404641077301
PREDNISONE,TRAMADOL,hard,0.687312628926396,2.8983790614189955,1255,8,7.538627091966207,0.08051371506280477,-1.0877642014818618,5.169051138754032,0.5843555579292895,-0.5839223586153769
SUMATRIPTAN,VALPROIC ACID,hard,0.24090309418062614,4.343328324522326,80,0,0.7201218667774546,-1.2870252525544217,-11.278913068361284,0.17362794291187275,-0.43002388951495285,-10.421911705321815
CIPROFLOXACIN,RITUXIMAB,hard,4.174266022376609,0.16796801934731603,802,0,6.938216422752506,-3.8949567252945325,-13.886844541101395,1.1714135361146545,-1.7410687248356411,-11.732956540642505
ALLOPURINOL,BUPROPION,hard,6.008206666908847,1.713431248898844,91,0,1.2676806399047567,-1.821857652080501,-11.813745467887363,1.924415194534981,-2.27763678948856,-12.269524605295423
BACLOFEN,ZOLPIDEM,hard,2.1267601781828365,4.103825283249003,337,5,3.6532008893195194,0.405207962377692,-1.1222576650082547,5.879169837592274,-0.21393707038173343,-1.7414026977676804
AMITRIPTYLINE,PROPOFOL,hard,3.361414189474862,16.50437873807111,58,0,2.267756436872337,-2.4687169911043174,-12.46060480691118,6.084235034091261,-3.719015835830286,-13.71090365163715
FLUTICASONE,SIMVASTATIN,hard,0.170907796311199,48.434632158663995,386,3,38.7468732403979,-3.4871508933242366,-5.537594249166154,7.330989957298943,-1.1618397757790777,-3.212283131620995
CLOZAPINE,POLYETHYLENE GLYCOL 3350,hard,2.112656682865892,0.39707207723693405,138,0,0.6042287221055715,-1.143039032687296,-11.134926848494159,0.24094971839934615,-0.5674475482143146,-10.559335364021177
FULVESTRANT,LISINOPRIL,hard,0.9546700995620577,2.0393431011795955,65,0,0.274724256186857,-0.6317548154744604,-10.623642631281323,0.26210177424840847,-0.6080555792077974,-10.59994339501466
LAMOTRIGINE,UNSPECIFIED INGREDIENT,hard,2.670342599521134,2.484575520448672,457,3,3.9352472239347116,-0.341659601590251,-2.3921029574321686,6.161908187397231,-0.9285805492618576,-2.9790239051037752
BUDESONIDE,UNSPECIFIED INGREDIENT,hard,0.26886302654389993,2.484575520448672,237,1,1.2203766780204368,-0.19776197816862667,-3.9949892465299737,0.3288396216562707,0.8557976246777859,-2.941429643683561
FUROSEMIDE,SERTRALINE,hard,5.234688035560081,3.8841214698766486,740,28,12.451378145308617,1.137856297225399,0.5539086774797847,29.01271926734403,-0.05037493584607628,-0.6343225555916906
DOCETAXEL,LITHIUM,hard,0.7224371015655817,5.581912344011374,76,0,0.8792046088087716,-1.463836500518803,-11.455724316325666,0.6371164541433167,-1.1853800107928425,-11.177267826599705
DEXTROMETHORPHAN,FLUOXETINE,hard,1.1117394603933426,4.518088776638668,462,0,4.433025264138985,-3.3024726760116456,-13.294360491818509,4.600785359558004,-3.350719393576182,-13.342607209383045
OXYCODONE,PHENYTOIN,hard,0.8173775172444036,2.3554696847735186,174,0,0.8494153773473486,-1.4323345073647873,-11.42422232317165,0.6944360049969338,-1.2563295597408304,-11.248217375547693
NALOXONE,ZOLPIDEM,hard,1.675629749642804,4.103825283249003,202,0,2.0008894801038943,-2.3224413030090356,-12.314329118815898,2.825165417611145,-2.7334261124126735,-12.725313928219537
CLONAZEPAM,HYDROXYCHLOROQUINE,hard,3.8807804287121943,0.5766988598320626,112,0,0.900804289544236,-1.4862554067130074,-11.47814322251987,0.5213531793815361,-1.030481830011506,-11.022369645818369
CYTARABINE,LEVOFLOXACIN,hard,0.48866075196298014,3.0047540440999456,287,1,1.7872453532304304,-0.6086486314923214,-4.405875899853668,0.8721456140947327,0.12852891018336432,-3.6686983581779824
CITALOPRAM,SULFAMETHOXAZOLE,hard,3.2514622794734134,2.1134289523593943,150,0,1.356931850685187,-1.8929208694022275,-11.88480868520909,2.116025413537239,-2.3873765560523785,-12.379264371859241
OMEPRAZOLE,PREDNISONE,hard,2.402393275679143,0.687312628926396,1337,1,6.656851399842463,-2.2543625240730747,-6.051589792434421,4.568424914926001,-1.7565749781694118,-5.553802246530759
CARVEDILOL,RAMIPRIL,hard,1.2559062467821966,4.28299501996993,788,1,7.412595553402455,-2.3991885160741653,-6.196415784435512,7.8717978972147495,-2.480574983327624,-6.277802251688971
FUROSEMIDE,LEVOFLOXACIN,hard,5.234688035560081,3.0047540440999456,637,5,9.557358605347984,-0.8707479317580089,-2.3982135591439557,19.417916953029067,-1.856563252236693,-3.38402887962264
DULOXETINE,FLUOXETINE,hard,1.8648810916774137,4.518088776638668,1562,20,17.42594463393817,0.19357476386967476,-0.5077944623082945,24.924799848408355,-0.31061250707200355,-1.0119817332499732
RIFAMPIN,SULFAMETHOXAZOLE,hard,2.81078961658743,2.1134289523593943,942,2,7.66121133876566,-1.7068552071536804,-4.295495585560958,10.63963017285197,-2.1557013371080127,-4.74434171551529
HYDROCODONE,METFORMIN,hard,0.36538852979026465,3.1194460131509523,513,0,3.3165625350218537,-2.932273830325018,-12.92416164613188,1.221637628909447,-1.7837815155628134,-11.775669331369675
HYDROCHLOROTHIAZIDE,HYDROCODONE,hard,3.1775291676853943,0.36538852979026465,463,6,3.0490453809182396,0.8730086961775367,-0.502980269888228,1.1178710212343825,2.0063431192993386,0.6303541532335738
ATENOLOL,FORMOTEROL,hard,3.2403794914516304,0.16948715238722878,237,0,1.5916133467294167,-2.064616181263593,-12.056503997070456,0.27143033115351783,-0.6256077761823734,-10.617495591989236
CLARITHROMYCIN,ETANERCEPT,hard,10.012509707103643,0.04755602694621194,91,0,1.8883291351805207,-2.256001667830647,-12.24788948363751,0.09021796027117653,-0.2393197276106465,-10.23120754341751
CLARITHROMYCIN,RIVAROXABAN,hard,10.012509707103643,0.5112275935756754,140,3,2.90512174643157,0.0396485409030557,-2.010794814938862,1.5013942429365084,0.8063495387688916,-1.244093817073026
CEFTRIAXONE,LAMOTRIGINE,hard,2.493309391031982,2.670342599521134,87,2,0.7507356281341335,0.9991512200812231,-1.5894891583260538,1.195079517271718,0.5605751421848846,-2.028065236222392
BACLOFEN,ONDANSETRON,hard,2.1267601781828365,1.3281320303786115,144,0,0.732636027070327,-1.3017468634397686,-11.293634679246631,0.837974718144239,-1.4200508556262137,-11.411938671433077
AMLODIPINE,POLYETHYLENE GLYCOL 3350,hard,3.881514367585462,0.39707207723693405,247,0,1.986970882048996,-2.3143896162924817,-12.306277432099344,0.7915981617658292,-1.3691572927870388,-11.3610451085939
NALOXONE,PREGABALIN,hard,1.675629749642804,2.1050070186801157,642,6,3.6997522306251125,0.6301355012479056,-0.7458534648178593,4.618370243866839,0.34475520779558755,-1.0312337582701772
EVEROLIMUS,VALPROIC ACID,hard,0.6932762508376293,4.343328324522326,67,0,0.6031020634261183,-1.1415662810350014,-11.133454096841865,0.4190620666712271,-0.8782341988959022,-10.870122014702766
ESCITALOPRAM,LOPERAMIDE,hard,4.011567357595898,0.7971200351397586,133,0,1.105755431286188,-1.6832521762056856,-11.675139992012548,0.8740568396145776,-1.4584416843117556,-11.450329500118618
CLOPIDOGREL BISULFATE,TICAGRELOR,hard,2.5591481215317637,9.947753323402457,717,21,17.09900741310389,0.288842596893892,-0.3940486136807853,33.1569558914924,-0.6465680379806739,-1.329459248555351
DEXTROMETHORPHAN,LORAZEPAM,hard,1.1117394603933426,5.194239297993008,167,2,1.8364340207388192,0.09761979780744653,-2.4910205805998302,1.9682832616220565,0.018420126377551544,-2.570220252029725
CEFTRIAXONE,CLAVULANATE,hard,2.493309391031982,1.5019938068512264,755,1,4.686850419744993,-1.7898962646224306,-5.587123532983777,5.5328261693024725,-2.007871512225344,-5.8050987805866905
ATENOLOL,VALPROATE,hard,3.2403794914516304,4.241753268419911,93,5,1.2493790565999192,1.6525886913987065,0.12512306401275983,2.5618198850006224,0.8450422014623189,-0.6824234259236278
CARBAMAZEPINE,SUMATRIPTAN,hard,3.163753453082705,0.24090309418062614,56,0,0.36718422156945024,-0.7944104121842693,-10.786298227991132,0.08871766552801552,-0.235647824061554,-10.227535639868417
ESCITALOPRAM,TICAGRELOR,hard,4.011567357595898,9.947753323402457,62,0,1.665203356816408,-2.1145025298447746,-12.106390345651638,4.849245052562739,-3.419335296041333,-13.411223111848196
AMITRIPTYLINE,FORMOTEROL,hard,3.361414189474862,0.16948715238722878,229,0,1.5953312148618919,-2.067178312788501,-12.059066128595363,0.2715659643174546,-0.6258614090576694,-10.617749224864532
BUDESONIDE,ROSUVASTATIN,hard,0.26886302654389993,28.620969757239056,1260,1,74.73916497484332,-5.648449431685774,-9.445676700047121,16.037416786342796,-3.4626994912758953,-7.259926759637242
AMITRIPTYLINE,DICLOFENAC,hard,3.361414189474862,1.9156056318399564,560,7,4.963895629086926,0.45696066996675894,-0.8032746710715424,7.2404816274141774,-0.04553274076948314,-1.3057680818077846
AMOXICILLIN,CARBAMAZEPINE,hard,1.9074944534559102,3.163753453082705,372,0,3.1388014143396923,-2.8634633190100467,-12.85535113481691,4.5726768022940805,-3.3427472443284536,-13.334635060135316
CLARITHROMYCIN,HALOPERIDOL,hard,10.012509707103643,10.179300940961772,58,0,2.3069452897915754,-2.489000944536013,-12.480888760342875,10.341458763330277,-4.438486985253322,-14.430374801060184
ACYCLOVIR,ALPRAZOLAM,hard,2.0542987820668928,3.2976592896695216,78,0,0.7035138580786862,-1.2672527540818657,-11.259140569888729,1.0856211431309395,-1.6650481050782509,-11.656935920885113
ATORVASTATIN,LAMOTRIGINE,hard,23.292004455642303,2.670342599521134,377,0,19.503839690319637,-5.322205043412433,-15.314092859219295,46.20871807583558,-6.545619945698485,-16.53750776150535
METFORMIN,RITONAVIR,hard,3.1194460131509523,1.552853002981992,207,1,1.5754395115662123,-0.46845438466043765,-4.265681653021785,2.099708687880534,-0.7933874694186122,-4.590614737779959
LEVETIRACETAM,METHADONE,hard,8.311874198852694,3.4096390944373844,132,0,2.9330763701089935,-2.779501950960192,-12.771389766767054,7.49264656211779,-3.9986732941201986,-13.99056110992706
DIPHENHYDRAMINE,TACROLIMUS,hard,2.2195871975044184,0.8883454192721698,101,0,0.464608270513716,-0.9480150848765265,-10.93990290068339,0.4132992815989661,-0.8691596035769305,-10.861047419383793
METOCLOPRAMIDE,MIRTAZAPINE,hard,1.6981496919460144,6.071519070142814,293,0,4.110819340770985,-3.205023139772874,-13.196910955579737,5.961485423383066,-3.691865862535626,-13.68375367834249
RILPIVIRINE,TRIMETHOPRIM,hard,1.098342631111039,2.129450832636014,80,0,0.3693671461239525,-0.7980374814973993,-10.789925297304261,0.3871260115841535,-0.8272109514375544,-10.819098767244418
CLARITHROMYCIN,DIPHENHYDRAMINE,hard,10.012509707103643,2.2195871975044184,66,0,1.5363781733264386,-2.0260055074446477,-12.01789332325151,2.9619572353763806,-2.791587903592051,-12.783475719398913
AMPHETAMINE ASPARTATE,RISPERIDONE,hard,1.2710029169938377,4.522367096463803,162,4,1.609345613842646,1.093129503026763,-0.643627984042329,1.9057694983696487,0.9034265798299647,-0.8333309072391271
TAZOBACTAM,UNSPECIFIED INGREDIENT,hard,2.6187545025301193,2.484575520448672,110,0,0.9354541036579599,-1.5215072034231198,-11.513395019229982,1.4694958628447268,-1.9778263864063024,-11.969714202213165
DEXAMETHASONE,HYDROXYZINE,hard,0.7259250103640954,4.480636870050173,100,0,0.9286094517063939,-1.5146115713705264,-11.506499387177389,0.6755463401631645,-1.2333314113055782,-11.225219227112442
ALLOPURINOL,VALSARTAN,hard,6.008206666908847,1.1262743399204835,856,18,10.88290761180952,0.7006561488316854,-0.04245545617825542,11.716144804603692,0.5987362023444239,-0.1443754026655166
ATENOLOL,RANITIDINE,hard,3.2403794914516304,0.07196295098397958,172,0,1.1550949183015176,-1.726913956752233,-11.718801772559095,0.08276513773746762,-0.22098647997965587,-10.212874295786518
AMLODIPINE,AZITHROMYCIN,hard,3.881514367585462,3.5714958292414325,258,1,3.450447380823645,-1.3970535443526795,-5.194280812714027,7.249016400562359,-2.369050696880219,-6.166277965241566
ALENDRONATE,AZITHROMYCIN,hard,0.8184057502004282,3.5714958292414325,78,0,0.5773485793118086,-1.107485113651262,-11.099372929458125,0.4728629756300049,-0.9603085258435895,-10.952196341650453
CIPROFLOXACIN,ROSUVASTATIN,hard,4.174266022376609,28.620969757239056,596,4,39.27368577953265,-3.1438173545940793,-4.8805748416631705,109.35295651112874,-4.609504886373491,-6.346262373442584
AMLODIPINE,IBRUTINIB,hard,3.881514367585462,0.29585643208158724,67,0,0.5389759072764483,-1.0551622000979557,-11.047050015904817,0.1616511046506262,-0.40414257489786976,-10.396030390704732
ABIRATERONE,METFORMIN,hard,4.385987405207011,3.1194460131509523,64,8,0.8628783287645367,2.6408060702467817,1.472528153702115,1.8167181628548548,1.8753802954434287,0.707102378898762
CAFFEINE,TRAZODONE,hard,2.4018293805908244,4.239808234389531,214,0,2.502144063808688,-2.5859932091889397,-12.577881024995802,4.343414036811178,-3.2760243362705976,-13.26791215207746
PEMBROLIZUMAB,ROSUVASTATIN,hard,1.280594158798573,28.620969757239056,101,1,6.049731067682072,-2.1264731700072996,-5.9237004383686465,8.016458003063821,-2.505291037253789,-6.302518305615136
ATENOLOL,MORPHINE,hard,3.2403794914516304,1.291544779201578,146,2,1.0687043826848792,0.6723545882263023,-1.9162857901809747,1.2638021841538225,0.5032393276105567,-2.0854010507967202
MONTELUKAST,SIMVASTATIN,hard,0.4433887033753939,48.434632158663995,128,0,12.84870407971744,-4.738627783727884,-14.730515599534746,5.700302717242632,-3.6323386538871527,-13.624226469694015
ACYCLOVIR,LISINOPRIL,hard,2.0542987820668928,2.0393431011795955,79,0,0.5065128662003752,-1.0093656142710137,-11.001253430077876,0.6826087652559564,-1.2419728752174226,-11.233860691024285
HUMAN IMMUNOGLOBULIN G,TAZOBACTAM,hard,0.1782055276270678,2.6187545025301193,184,0,0.9986331108788293,-1.5836472319168535,-11.575535047723717,0.17865563270981816,-0.44075160475301245,-10.432639420559875
CIPROFLOXACIN,LOPERAMIDE,hard,4.174266022376609,0.7971200351397586,103,0,0.8910676951914066,-1.4761926291831984,-11.468080444990061,0.7081416991672002,-1.2727896737829816,-11.264677489589845
CLOPIDOGREL BISULFATE,LISINOPRIL,hard,2.5591481215317637,2.0393431011795955,627,3,4.6760736196566395,-0.5645032149710817,-2.6149465708129993,6.627456950761259,-1.0260324983755915,-3.076475854217509
OMEPRAZOLE,UNSPECIFIED INGREDIENT,hard,2.402393275679143,2.484575520448672,503,9,4.052027561772579,1.0614182204932385,-0.031648017976436155,6.131834093762968,0.5185195975476916,-0.5745466409219832
TIOTROPIUM,VENLAFAXINE,hard,0.1639557165910122,4.104038720461546,168,0,1.4289402937468672,-1.9478084885148552,-11.939696304321718,0.23616127361317762,-0.5580937626371814,-10.549981578444044
AZATHIOPRINE,METFORMIN,hard,1.2566055883323952,3.1194460131509523,268,15,1.875155212735695,2.7061745159633546,1.884451290681411,2.1736963195390913,2.5353606980501984,1.7136374727682546
CLOZAPINE,EZETIMIBE,hard,2.112656682865892,25.581180155436563,82,3,4.536471694896421,-0.5250584841168658,-2.5755018399587835,8.862385057105717,-1.4195211795178964,-3.469964535359814
FLUCONAZOLE,PANTOPRAZOLE,hard,6.497621096770969,1.7685018115627529,493,4,7.424086281874255,-0.8163195877394543,-2.553077074808546,11.153753671587038,-1.3727978149460605,-3.1095553020151523
LINEZOLID,OSELTAMIVIR,hard,2.4245710744063,2.44370232435029,99,0,0.7936804946729071,-1.371481353290694,-11.363369169097556,1.1975094108286513,-1.7634195726545085,-11.755307388461372
BEVACIZUMAB,CIPROFLOXACIN,hard,0.4653070517151916,4.174266022376609,72,0,0.6228822723668085,-1.1672066775373557,-11.159094493344218,0.2921449161931854,-0.6638362883825564,-10.655724104189419
ACYCLOVIR,CYCLOSPORINE,hard,2.0542987820668928,3.4941568465009407,843,7,7.946664693674661,-0.17149118604831437,-1.4317265270866157,11.192269391994706,-0.6405924738722155,-1.9008278149105169
DIPHENHYDRAMINE,SULFAMETHOXAZOLE,hard,2.2195871975044184,2.1134289523593943,128,0,0.8841801061321523,-1.4690316751409664,-11.460919490947829,1.2382474883807215,-1.797633504960293,-11.789521320767156
BISOPROLOL,DILTIAZEM,hard,4.99023508179959,5.606643724091128,402,17,7.995569726015986,1.0425723169354704,0.2757154675272875,20.08801004251358,-0.23444946932402966,-1.0013063187322127
BUPRENORPHINE,COCAINE,hard,1.1959665297843045,6.784072417700768,1401,30,20.26699370957274,0.5545168601090298,-0.008040992494116028,21.99894598941671,0.4389518257425105,-0.12360602686063535
POTASSIUM CHLORIDE,PREGABALIN,hard,1.9381770244265069,2.1050070186801157,282,2,1.7785688339469177,0.13380014087487785,-2.454840237532399,2.3598039141867946,-0.19398813542801888,-2.782628513835296
OMEPRAZOLE,RITONAVIR,hard,2.402393275679143,1.552853002981992,181,0,1.1085763403723472,-1.6857844055356501,-11.677672221342513,1.4062858772824542,-1.93076449008244,-11.922652305889303
INSULIN GLARGINE,VENLAFAXINE,hard,0.3262384726407933,4.104038720461546,102,0,0.8675708926320266,-1.451615621900971,-11.443503437707834,0.28551766612607077,-0.6517156269031152,-10.643603442709978
OCRELIZUMAB,PREGABALIN,hard,0.0984916037225045,2.1050070186801157,115,0,0.5017007382362765,-1.002451562476734,-10.994339378283597,0.049713034124751004,-0.13675059231841374,-10.128638408125276
LURASIDONE,PREGABALIN,hard,1.65572518991953,2.1050070186801157,81,0,0.4634497502206255,-0.9462813282522043,-10.938169144059067,0.5861241640043183,-1.1191890391956094,-11.111076855002473
CLOZAPINE,SIMVASTATIN,hard,2.112656682865892,48.434632158663995,331,6,33.98922332149558,-2.4076340172051345,-3.783622983270899,64.48473355984262,-3.321589211743086,-4.697578177808851
ALBUTEROL,SIMVASTATIN,hard,0.3205170454188135,48.434632158663995,464,2,46.57655228897572,-4.2350086666437505,-6.8236490450510265,15.151513430107785,-2.6463021659466817,-5.234942544353959
HYDROCHLOROTHIAZIDE,PREDNISONE,hard,3.1775291676853943,0.687312628926396,766,1,5.044424971454366,-1.8860753412980533,-5.683302609659401,3.468101550377122,-1.4034864464630041,-5.200713714824351
DIPHENHYDRAMINE,OCRELIZUMAB,hard,2.2195871975044184,0.0984916037225045,397,0,1.826232508850943,-2.217995302572928,-12.209883118379791,0.18032252428990864,-0.44429076012489127,-10.436178575931754
ATORVASTATIN,OLANZAPINE,hard,23.292004455642303,7.063076941925239,458,13,27.863913834234957,-1.0710972113258557,-1.9607208281904231,124.59161271250123,-3.211953748867752,-4.10157736573232
BENDAMUSTINE,SULFAMETHOXAZOLE,hard,0.30746200083042663,2.1134289523593943,500,1,2.190034762456547,-0.8426623156665505,-4.639889584027897,0.6649750591560579,0.3646634320364814,-3.4325638363248654
RITONAVIR,TRAMADOL,hard,1.552853002981992,2.8983790614189955,137,16,0.9799142682028336,3.4788805167617256,2.6859526367336124,1.2856826403721975,3.207918418431608,2.414990538403495
BACLOFEN,LISINOPRIL,hard,2.1267601781828365,2.0393431011795955,279,0,1.8307229772070284,-2.2207775402197365,-12.2126653560266,2.4798795500863395,-2.5752540165917654,-12.567141832398628
ARIPIPRAZOLE,FORMOTEROL,hard,3.7848153094130987,0.16948715238722878,110,0,0.8628409104193212,-1.4466171607162557,-11.438504976523118,0.14778481844073724,-0.3735865624755727,-10.365474378282435
ERENUMAB AOOE,PREGABALIN,hard,0.029345613962123148,2.1050070186801157,75,0,0.3271961336323542,-0.7263013475323314,-10.718189163339193,0.009666678174397534,-0.027625938552079485,-10.019513754358941
INSULIN HUMAN,OMEPRAZOLE,hard,0.513070979055687,2.402393275679143,66,0,0.3286104655120438,-0.7287659470650183,-10.720653762871882,0.16952436802439996,-0.4212084699799051,-10.413096285786768
CYCLOSPORINE,VALSARTAN,hard,3.4941568465009407,1.1262743399204835,128,0,0.960425358510503,-1.5463886247480219,-11.538276440554885,1.0544959265834188,-1.6364468362315017,-11.628334652038365
LOSARTAN,ZOLEDRONIC ACID,hard,3.570047361260348,1.1363403219371224,59,0,0.4532065804782365,-0.9308608163455516,-10.922748632152414,0.49662708105607184,-0.9951256815969337,-10.987013497403797
CITALOPRAM,DILTIAZEM,hard,3.2514622794734134,5.606643724091128,319,1,5.195195768768395,-1.9247829337981854,-5.722010202159533,11.146722573067063,-2.956889626916639,-6.754116895277986
CLINDAMYCIN,LINEZOLID,hard,1.2109212610843265,2.4245710744063,369,3,2.015493840215403,0.4765132652115975,-1.57393009063032,2.1918864741999657,0.37873735407160036,-1.6717060017703174
AMIODARONE,RIFAMPIN,hard,5.84423665378893,2.81078961658743,79,1,1.2533348859948072,-0.22513907565094024,-4.022366344012287,2.6056652952428947,-1.0499398547887697,-4.8471671231501166
ATORVASTATIN,INFLIXIMAB,hard,23.292004455642303,0.2281513595789778,114,0,5.503070382616911,-3.585700582850222,-13.577588398657085,1.46798577392394,-1.9767197918338784,-11.968607607640742
CEFTRIAXONE,RITONAVIR,hard,2.493309391031982,1.552853002981992,611,21,3.8573372748786743,2.3028179669108915,1.6199267563362143,4.814274581859852,2.0163919827160988,1.3335007721414214
BACLOFEN,IRBESARTAN,hard,2.1267601781828365,4.789923437726823,85,0,1.0422949269629758,-1.6250786725045443,-11.616966488311407,1.7637830395390168,-2.1787356972245884,-12.170623513031451
HYDROCHLOROTHIAZIDE,ROSIGLITAZONE,hard,3.1775291676853943,0.12473071238531254,82,3,0.540003717570833,1.750766236661026,-0.29967711918089146,0.06783537423668207,2.623810290027479,0.5733669341855618
CLOPIDOGREL BISULFATE,LAMOTRIGINE,hard,2.5591481215317637,2.670342599521134,93,0,0.8152003858482992,-1.3952826273844736,-11.387170443191337,1.318786540769307,-1.862976233124483,-11.854864048931345
CELECOXIB,DIPHENHYDRAMINE,hard,0.7217016592342094,2.2195871975044184,149,0,0.685412201054888,-1.2453888118764653,-11.237276627683329,0.49472775225544374,-0.9923736325630184,-10.984261448369882
AMLODIPINE,DOXYCYCLINE,hard,3.881514367585462,0.9330989278467624,111,0,0.8929302344430711,-1.4781230016983002,-11.470010817505162,0.831648842394803,-1.4132136919234175,-11.40510150773028
IRBESARTAN,PREDNISOLONE,hard,4.789923437726823,1.113408648178296,113,0,1.148320459039248,-1.7209967520613492,-11.712884567868212,1.2462898138416874,-1.804293008162827,-11.79618082396969
ALENDRONATE,SIMVASTATIN,hard,0.8184057502004282,48.434632158663995,237,7,23.79017864760182,-1.6954105999179752,-2.9556459409562765,17.402666133670674,-1.2552119544443068,-2.515447295482608
CLOZAPINE,LANSOPRAZOLE,hard,2.112656682865892,1.5788646382413933,270,1,1.506103924283893,-0.4194338445935517,-4.216661112954899,1.8685072386766661,-0.6590155803967863,-4.456242848758134
LISINOPRIL,TOPIRAMATE,hard,2.0393431011795955,1.7005847848561901,155,0,0.8801651771669464,-1.4648409380318868,-11.45672875383875,1.1107834759838013,-1.6877625777697216,-11.679650393576585
ABACAVIR,PREDNISOLONE,hard,2.070167617485614,1.113408648178296,67,0,0.30320511208763734,-0.6838403566224541,-10.675728172429316,0.3200799315393822,-0.7138364382768284,-10.705724254083691
CIPROFLOXACIN,SULFAMETHOXAZOLE,hard,4.174266022376609,2.1134289523593943,1874,2,20.536637278343328,-3.0729041072164436,-5.66154448562372,29.505824830893424,-3.585242588685751,-6.173882967093028
CEFTRIAXONE,MONTELUKAST,hard,2.493309391031982,0.4433887033753939,210,0,1.085147611991337,-1.6646171931545817,-11.656505008961444,0.47998753573089137,-0.9708353051021299,-10.962723120908993
NIVOLUMAB,TRAMADOL,hard,1.4525856692309949,2.8983790614189955,65,0,0.45141560172181044,-0.9281475885401148,-10.920035404346978,0.5713317506285566,-1.0994052969645145,-11.091293112771377
CLOZAPINE,INFLIXIMAB,hard,2.112656682865892,0.2281513595789778,85,0,0.372169865065026,-0.8026810488544314,-10.794568864661294,0.08500975017931771,-0.22653257496787202,-10.218420390774735
AMLODIPINE,METHOTREXATE,hard,3.881514367585462,0.24755311801321087,1006,1,8.092683025673239,-2.518146175864075,-6.315373444225422,2.0142688107587947,-0.7451764017089556,-4.5424036700703025
EPINEPHRINE,HYDROCHLOROTHIAZIDE,hard,1.3398485061250733,3.1775291676853943,70,0,0.5102821704806916,-1.0147582920845948,-11.006646107891457,0.6177140358510487,-1.1605511257203427,-11.152438941527205
ARIPIPRAZOLE,NORETHINDRONE,hard,3.7848153094130987,0.08122614330899773,66,0,0.5177045462515928,-1.0253187878136603,-11.017206603620522,0.042330164652676784,-0.11724332105777117,-10.109131136864633
AMLODIPINE,LAMIVUDINE,hard,3.881514367585462,1.4168577519364294,119,3,1.060093870705159,1.1657220835300632,-0.8847212723118543,1.362137592171802,0.9103952453960787,-1.140048110445839
LEVOFLOXACIN,SULFASALAZINE,hard,3.0047540440999456,0.29206718806252,187,0,1.1645117806762735,-1.7350990812700615,-11.726986897076925,0.339297532120506,-0.747254243812594,-10.739142059619457
ALLOPURINOL,ATORVASTATIN,hard,6.008206666908847,23.292004455642303,1702,54,99.82575020375421,-0.8803638091664342,-1.2910017022675941,182.89809823700244,-1.7506505438529534,-2.161288436954113
ATENOLOL,TAMSULOSIN,hard,3.2403794914516304,1.8019326367078718,182,5,1.5247357532510706,1.4416979834054797,-0.08576764398046696,2.146409469193184,1.0553953168579724,-0.4720703105279744
AMLODIPINE,NIVOLUMAB,hard,3.881514367585462,1.4525856692309949,74,0,0.6646974342957535,-1.2199552194850896,-11.211843035291952,0.8739966197646261,-1.4583784549167047,-11.450266270723567
HYDROCORTISONE,TRIMETHOPRIM,hard,1.7706437401827775,2.129450832636014,417,3,2.5063491284040538,0.2193423623810305,-1.831100993460887,3.1810853864077444,-0.07277629278751176,-2.123219648629429
ALCOHOL,VALPROATE,hard,3.195815956684072,4.241753268419911,90,1,1.2007643157971295,-0.18122073199745314,-3.9784480003588003,2.4670036000940847,-0.9840441766311431,-4.78127144499249
CLONAZEPAM,VALPROATE,hard,3.8807804287121943,4.241753268419911,1278,19,18.865082896325323,0.010016446834731319,-0.7113537114426997,35.2293661455891,-0.8736361961412259,-1.5950063544186568
METHYLPHENIDATE,OMEPRAZOLE,hard,1.00826405844647,2.402393275679143,168,1,0.8393403751222649,0.1634398521591137,-3.6337874162022334,0.8451684887461934,0.15717561221091947,-3.6400516561504275
DIAZEPAM,VANCOMYCIN,hard,4.80303842573445,1.1977717372568502,55,0,0.5700282895096812,-1.0976489392393296,-11.089536755046192,0.6572114939746609,-1.2106525579842735,-11.202540373791136
LISINOPRIL,SUMATRIPTAN,hard,2.0393431011795955,0.24090309418062614,81,0,0.3423486884790064,-0.7524894626402047,-10.744377278447068,0.0825826211417617,-0.22053457060298856,-10.212422386409852
GOLIMUMAB,METFORMIN,hard,0.10322496803092393,3.1194460131509523,77,0,0.4978076319623445,-0.9968336092877172,-10.98872142509458,0.05211726828947959,-0.14304662938322357,-10.134934445190087
ACYCLOVIR,ATORVASTATIN,hard,2.0542987820668928,23.292004455642303,76,0,3.834775735418862,-3.115957355899612,-13.107845171706474,7.4598087585222475,-3.9927337691551115,-13.984621584961975
CLAVULANATE,IRBESARTAN,hard,1.5019938068512264,4.789923437726823,58,0,0.6361131727076913,-1.1841065545360032,-11.175994370342865,0.855458515067957,-1.4387809589730414,-11.430668774779905
ASPIRIN,TAZOBACTAM,hard,1.4037989449123882,2.6187545025301193,192,7,1.2027311785118486,2.1390399104691484,0.8788045694308471,1.4612154745088477,1.9351425455818994,0.6749072045435981
DILTIAZEM,PAROXETINE,hard,5.606643724091128,3.7569411535215695,118,0,2.0453509060079575,-2.347864562179032,-12.339752377985896,4.944156714500814,-3.4447085965955844,-13.436596412402448
OLANZAPINE,PACLITAXEL,hard,7.063076941925239,0.7029329437548383,88,0,1.2881604497372459,-1.8384761938225154,-11.830364009629378,0.9230468506806035,-1.5089831602002426,-11.500870976007105
FLUCONAZOLE,LORAZEPAM,hard,6.497621096770969,5.194239297993008,102,0,2.2601996468345233,-2.4647726217430006,-12.456660437549862,6.676653360662497,-3.8433112388189574,-13.83519905462582
INSULIN HUMAN,PREGABALIN,hard,0.513070979055687,2.1050070186801157,58,0,0.25303167667568727,-0.590782459016109,-10.582670274822972,0.13070046827384663,-0.33502690947454816,-10.32691472528141
DAPAGLIFLOZIN,LIRAGLUTIDE,hard,2.4062542147301333,0.36696652677506325,80,3,0.3989558577161335,1.9610327414917472,-0.08941061435017035,0.14661720327272462,2.4363711260196506,0.3859277701777332
LOPERAMIDE,OMEPRAZOLE,hard,0.7971200351397586,2.402393275679143,296,2,1.4737681483570448,0.3409755634823632,-2.247664814924913,1.1646140374022214,0.5867403865845418,-2.001899991822735
RAMIPRIL,TRIMETHOPRIM,hard,4.28299501996993,2.129450832636014,590,12,6.618185377647834,0.8123466845849778,-0.11784447715611461,10.538659160252205,0.17936315287407836,-0.7508280088670138
FLUOXETINE,SODIUM CHLORIDE,hard,4.518088776638668,0.3186522820464445,57,0,0.5337316627279618,-1.0478617377872887,-11.039749553594152,0.17125797401799933,-0.42493922639749415,-10.416827042204357
ENOXAPARIN,SPIRONOLACTONE,hard,1.4072691300975575,4.410515234337747,318,2,3.175176190658813,-0.5558853205845267,-3.1445256989918033,3.958904541902454,-0.8347612192748649,-3.4234015976821417
HUMAN IMMUNOGLOBULIN G,PROPOFOL,hard,0.1782055276270678,16.50437873807111,221,0,7.559356136820926,-4.010664586232227,-14.00255240203909,1.3593381131618179,-1.894789142407701,-11.886676958214563
DEXAMETHASONE,METHADONE,hard,0.7259250103640954,3.4096390944373844,190,1,1.3426269625230278,-0.2968015280384218,-4.094028796399769,0.9766016669526396,0.022681808415311634,-3.7745454599460353
FLUOROURACIL,METFORMIN,hard,0.25313903476097227,3.1194460131509523,112,0,0.7240838283088648,-1.2917023607628357,-11.283590176569698,0.1856869680857975,-0.4556220082458958,-10.447509824052759
AZATHIOPRINE,CIPROFLOXACIN,hard,1.2566055883323952,4.174266022376609,416,1,3.8201098204453015,-1.526105486528238,-5.323332754889584,4.391053132722326,-1.7051826363934441,-5.502409904754791
APIXABAN,DAPAGLIFLOZIN,hard,0.29775760877570834,2.4062542147301333,577,14,2.877469123777613,2.102038414377953,1.2482955693660969,0.8646141317664384,3.4094879332765577,2.5557450882647013
TRAMADOL,WARFARIN,hard,2.8983790614189955,1.4690751930517714,539,1,3.7616970922552926,-1.5064655539125595,-5.303692822273907,4.713680634217459,-1.7973397120828782,-5.594566980444225
ALLOPURINOL,LEVETIRACETAM,hard,6.008206666908847,8.311874198852694,141,0,3.892416685602691,-3.135014921769733,-13.126902737576595,13.31477520017123,-4.7881401810886635,-14.780027996895527
SELEXIPAG,SPIRONOLACTONE,hard,0.07665383922419236,4.410515234337747,73,0,0.6672760511882998,-1.2231457869101672,-11.21503360271703,0.051123871948031974,-0.14044852401803698,-10.1323363398249
FLUCONAZOLE,PIPERACILLIN,hard,6.497621096770969,2.844849609508806,1170,1,20.228976207053325,-3.7886144584436785,-7.585841726805025,33.31732732424055,-4.49472823828934,-8.291955506650687
AZITHROMYCIN,DEXTROSE,hard,3.5714958292414325,0.16459992484171662,356,0,2.6350781312179983,-2.64850139776931,-12.640389213576173,0.43582184665545326,-0.9043058137569897,-10.896193629563852
ETOPOSIDE,FUROSEMIDE,hard,0.6191935721090637,5.234688035560081,187,0,2.028737060041408,-2.338417032297407,-12.33030484810427,1.2605893086865976,-1.8160584120526595,-11.807946227859523
OSELTAMIVIR,SULFAMETHOXAZOLE,hard,2.44370232435029,2.1134289523593943,118,2,0.8699118602935896,0.8678450212693942,-1.720795357137883,1.2494675146425465,0.515012219048795,-2.0736281593584818
LORAZEPAM,METOPROLOL,hard,5.194239297993008,1.7999073221293354,861,12,10.696060845077813,0.1589368625054207,-0.7712542992356718,15.52794903189638,-0.3586617323007462,-1.2888528940418384
ESCITALOPRAM,LEVODOPA,hard,4.011567357595898,1.1638365540751652,213,10,1.8431957004062607,2.1638399716869174,1.1336975257746367,2.0536926299481344,2.0397325343612356,1.0095900884489548
OMEPRAZOLE,ZOLPIDEM,hard,2.402393275679143,4.103825283249003,462,20,5.272162320485383,1.8284401338141698,1.1270709076362002,9.200017654296197,1.0795646315716796,0.3781954053937102
LAMOTRIGINE,PROPOFOL,hard,2.670342599521134,16.50437873807111,174,7,6.554059210759148,0.08843691001871218,-1.171798431019589,14.737101641358718,-1.0226260028118577,-2.282861343850159
FUROSEMIDE,LAMOTRIGINE,hard,5.234688035560081,2.670342599521134,269,4,3.84956131364525,0.04905509991619897,-1.6877023871528931,7.64924696576017,-0.8567417512809833,-2.5934992383500752
BISOPROLOL,PACLITAXEL,hard,4.99023508179959,0.7029329437548383,57,0,0.5895073335840542,-1.1236759074127358,-11.115563723219598,0.41666441065449694,-0.8744655672889688,-10.86635338309583
LORATADINE,OMEPRAZOLE,hard,0.07754492419294201,2.402393275679143,168,0,0.8364630031215661,-1.418419900467768,-11.41030771627463,0.06507714986616989,-0.1765197569428438,-10.168407572749706
MESALAMINE,ROSUVASTATIN,hard,0.4064151133538791,28.620969757239056,69,0,4.092859034336659,-3.1993925045289493,-13.191280320335812,1.7132670659975522,-2.1461775458263808,-12.138065361633243
PEMBROLIZUMAB,TRAMETINIB DIMETHYL SULFOXIDE,hard,1.280594158798573,2.605996994713396,84,1,0.5025252795815027,0.5813238847222129,-3.215903383639134,0.5802165183299018,0.4736419859129268,-3.32358528244842
ESCITALOPRAM,ETANERCEPT,hard,4.011567357595898,0.04755602694621194,66,0,0.5487207403375068,-1.0686305595482004,-11.060518375355063,0.02574685267308665,-0.07244021355705138,-10.064328029363914
CLOZAPINE,FLUCONAZOLE,hard,2.112656682865892,6.497621096770969,92,0,1.4510476958394039,-1.964249046891015,-11.956136862697878,2.5914856556664128,-2.6283003115834647,-12.620188127390328
CLINDAMYCIN,DIPHENHYDRAMINE,hard,1.2109212610843265,2.2195871975044184,61,0,0.30727011526695536,-0.6911233899569383,-10.683011205763801,0.3393411201448851,-0.7473291666991165,-10.73921698250598
LAMIVUDINE,QUETIAPINE,hard,1.4168577519364294,5.54026350671417,628,6,7.753350827487061,-0.3445402485783513,-1.720529214644116,9.799032266298621,-0.6639971597661052,-2.03998612583187
AMLODIPINE,ENZALUTAMIDE,hard,3.881514367585462,0.23284154369142498,193,0,1.5525723896172317,-2.0374331035135094,-12.029320919320373,0.36431460315249004,-0.7896284418003957,-10.781516257607258
TOPIRAMATE,VALPROATE,hard,1.7005847848561901,4.241753268419911,1249,7,12.79346653538667,-0.8257548643353463,-2.0859902053736477,16.625261830738577,-1.1911635451050244,-2.451398886143326
OMEPRAZOLE,PIPERACILLIN,hard,2.402393275679143,2.844849609508806,423,0,3.72340961906789,-3.078408177695514,-13.070295993502377,5.830310623864014,-3.6622762934155704,-13.654164109222434
METRONIDAZOLE,VORICONAZOLE,hard,1.208111021941158,4.640234739765273,214,3,2.150308189723739,0.40119478957661076,-1.649248566265307,2.427400149686823,0.2577349591905077,-1.7927083966514097
LEVETIRACETAM,ONDANSETRON,hard,8.311874198852694,1.3281320303786115,147,2,2.632235499001598,-0.3252645917100281,-2.9139049701173048,3.2976906646051916,-0.6031943027498698,-3.1918346811571467
AMLODIPINE,TAPENTADOL,hard,3.881514367585462,0.17342310187884477,83,0,0.6676865717006748,-1.2236530806095893,-11.215540896416453,0.11702954246421032,-0.3034114702511652,-10.295299286058029
DIGOXIN,VENLAFAXINE,hard,1.7087213658292646,4.104038720461546,104,0,1.0373394720268587,-1.6204357730523697,-11.612323588859232,1.4921058677059704,-1.9942943194721998,-11.986182135279062
PAROXETINE,RAMIPRIL,hard,3.7569411535215695,4.28299501996993,272,6,3.96854196633677,0.540635544690356,-0.8353534213754089,8.700908341161337,-0.5013365772242692,-1.8773255432900342
AMOXICILLIN,BACLOFEN,hard,1.9074944534559102,2.1267601781828365,84,0,0.5282319441846126,-1.040165738248187,-11.03205355405505,0.7058491548711547,-1.2700494452723963,-11.26193726107926
MESALAMINE,RAMIPRIL,hard,0.4064151133538791,4.28299501996993,147,0,1.3048429867411027,-1.8518733345623688,-11.843761150369232,0.5238909901513816,-1.0340621251625426,-11.025949940969404
RAMIPRIL,SACUBITRIL,hard,4.28299501996993,0.6648943373750962,551,0,4.890942079553385,-3.430537409292626,-13.42242522509949,3.23661417813459,-2.901731606793903,-12.893619422600766
CLOPIDOGREL BISULFATE,FLUTICASONE,hard,2.5591481215317637,0.170907796311199,263,2,1.3949046538720953,0.39980283691132945,-2.1888375414959476,0.23882260696336755,1.758628178279836,-0.8300122001274406
BACLOFEN,DILTIAZEM,hard,2.1267601781828365,5.606643724091128,63,0,0.8791613096321128,-1.463791207392878,-11.45567902319974,1.5321665203838333,-2.0230186246931803,-12.014906440500043
METOPROLOL,OMEPRAZOLE,hard,1.7999073221293354,2.402393275679143,1872,26,12.423995697512089,1.0359401842430398,0.42805345801466677,15.947102960985712,0.6881588737029112,0.08027214747453834
DIPHENHYDRAMINE,DULOXETINE,hard,2.2195871975044184,1.8648810916774137,482,0,3.0812057484881126,-2.840445407180207,-12.83233322298707,4.076563041796623,-3.1942645537855325,-13.186152369592396
AMBRISENTAN,AMLODIPINE,hard,0.027537926375147886,3.881514367585462,119,0,0.9572855666551843,-1.5432836126314713,-11.535171428438334,0.026701872898738863,-0.07505849469168904,-10.066946310498551
CLOPIDOGREL BISULFATE,HYDROMORPHONE,hard,2.5591481215317637,0.3916573749765484,58,0,0.3076215586485989,-0.6917513275951644,-10.683639143402027,0.12095901497605441,-0.312569954811068,-10.304457770617931
CARBAMAZEPINE,PREDNISOLONE,hard,3.163753453082705,1.113408648178296,223,0,1.514593673241601,-2.0104888885240904,-12.002376704330953,1.6254790306914078,-2.0877880258711143,-12.079675841677977
ACETAMINOPHEN,AMPHETAMINE,hard,1.4241685104647568,3.270268892114582,1141,12,8.736295358226439,0.43654188142716216,-0.49364928031393007,10.861403664438356,0.13778700875741104,-0.7924041529836812
TRIMETHOPRIM,VENLAFAXINE,hard,2.129450832636014,4.104038720461546,176,0,1.9089624286538567,-2.268411892780429,-12.260299708587292,3.157784653889599,-2.8709701412674047,-12.862857957074267
NICOTINE,PREGABALIN,hard,0.24023212581695086,2.1050070186801157,128,0,0.5584147347325512,-1.0819050513641575,-11.07379286717102,0.13493486502540722,-0.34468050530510497,-10.336568321111967
DARBEPOETIN ALFA,TRIMETHOPRIM,hard,0.13070687401192022,2.129450832636014,143,1,0.6310982936794041,0.4072381941679393,-3.389989074193408,0.08261928620276764,1.3643371364087322,-2.4328901319526146
FLUTICASONE,LORAZEPAM,hard,0.170907796311199,5.194239297993008,253,0,2.723552970587485,-2.6886516905679727,-12.680539506374835,0.4689904557599285,-0.9545543607471817,-10.946442176554044
ABACAVIR,TENOFOVIR ALAFENAMIDE,hard,2.070167617485614,1.6167330748474102,353,0,1.9657110188225162,-2.3020037258795494,-12.293891541686412,2.377215654168793,-2.524673358560641,-12.516561174367505
METRONIDAZOLE,RAMIPRIL,hard,1.208111021941158,4.28299501996993,128,0,1.1913973525000618,-1.7582156255311667,-11.75010344133803,1.3600250737137478,-1.895322069440115,-11.887209885246978
ATENOLOL,CLONAZEPAM,hard,3.2403794914516304,3.8807804287121943,366,2,4.643101341836035,-1.0407104865540922,-3.629350864961369,8.879222473672256,-1.9075402351164994,-4.4961806135237765
CLARITHROMYCIN,METOPROLOL,hard,10.012509707103643,1.7999073221293354,80,3,1.7926938406904604,0.6103112073515223,-1.4401321484903953,2.9393486783317195,0.02521953954548449,-2.025223816296433
UNSPECIFIED INGREDIENT,VANCOMYCIN,hard,2.484575520448672,1.1977717372568502,212,1,1.1785396914837927,-0.16224415131567618,-3.9594714196770235,1.3007842084008117,-0.2636628098276363,-4.060890078188983
DIVALPROEX,SODIUM OXYBATE,hard,3.0857936349713344,0.33925388822170116,76,0,0.48604202619023446,-0.9797210422676917,-10.971608858074555,0.1653688700052705,-0.4122262748807423,-10.404114090687605
METFORMIN,MIRTAZAPINE,hard,3.1194460131509523,6.071519070142814,580,8,9.845922651209873,-0.28352756437086907,-1.4518054809155354,21.65109110290074,-1.3818430174274607,-2.5501209339721274
DOXYCYCLINE,LORAZEPAM,hard,0.9330989278467624,5.194239297993008,55,0,0.5920767327364098,-1.1270742280975716,-11.118962043904434,0.5508095257128153,-1.0715011838448882,-11.063388999651751
CARVEDILOL,PAROXETINE,hard,1.2559062467821966,3.7569411535215695,98,0,0.8150271422582533,-1.395092577158084,-11.386980392964947,0.9518444174557656,-1.5378868595380173,-11.52977467534488
DEXAMETHASONE,ZOLPIDEM,hard,0.7259250103640954,4.103825283249003,55,0,0.4677835051546391,-0.952756255327144,-10.944644071134007,0.34126806140077043,-0.7506374787596433,-10.742525294566505
CLOPIDOGREL BISULFATE,INSULIN LISPRO,hard,2.5591481215317637,0.14232411181597227,63,0,0.33414065853209884,-0.7383625864519435,-10.730250402258806,0.04773203874778763,-0.13154217618691408,-10.123429991993778
ATORVASTATIN,QUETIAPINE,hard,23.292004455642303,5.54026350671417,1046,89,60.335599609104094,0.5569718792769529,0.24152527226154455,224.00182820234522,-1.3267676059299771,-1.6422142129453852
AMIODARONE,INSULIN GLARGINE,hard,5.84423665378893,0.3262384726407933,109,0,1.3202240600621737,-1.8641160495693176,-11.85600386537618,0.4344764763166156,-0.9022302524126431,-10.894118068219505
ACYCLOVIR,DIPHENHYDRAMINE,hard,2.0542987820668928,2.2195871975044184,58,0,0.3935363879097069,-0.8375983871359168,-10.82948620294278,0.5454839902845214,-1.0641709698050899,-11.056058785611953
CLARITHROMYCIN,LAMIVUDINE,hard,10.012509707103643,1.4168577519364294,139,0,3.0044578874271974,-2.809191287713809,-12.801079103520673,3.9850017404368163,-3.165108544992714,-13.156996360799576
ACETAMINOPHEN,TAZOBACTAM,hard,1.4241685104647568,2.6187545025301193,1074,4,6.773117308831189,-0.6926488444166287,-2.429406331485721,8.181710571508145,-0.9480543257775973,-2.684811812846689
ALPRAZOLAM,IRBESARTAN,hard,3.2976592896695216,4.789923437726823,232,0,3.407842207034971,-2.9663722145621576,-12.95826003036902,7.229987648226398,-3.9504661088646427,-13.942353924671506
PHENYTOIN,TOPIRAMATE,hard,2.3554696847735186,1.7005847848561901,1630,5,10.323858573692856,-0.976711370310843,-2.5041769976967894,12.43524277470724,-1.2338036077044423,-2.761269235090389
NIVOLUMAB,TAZOBACTAM,hard,1.4525856692309949,2.6187545025301193,90,0,0.5728801587940054,-1.10148893539601,-11.093376751202873,0.7089782031557292,-1.2737882342622981,-11.26567605006916
LOSARTAN,MONTELUKAST,hard,3.570047361260348,0.4433887033753939,106,0,0.7842837096568439,-1.3609639417919392,-11.352851757598803,0.34759348707664456,-0.7614444071710844,-10.753332222977948
ALCOHOL,CARVEDILOL,hard,3.195815956684072,1.2559062467821966,219,0,1.5666547598313347,-2.0472974028516933,-12.039185218658556,1.7847748441827174,-2.192052000212916,-12.183939816019778
CEFTRIAXONE,ETOPOSIDE,hard,2.493309391031982,0.6191935721090637,68,0,0.35138113150195677,-0.7678770222581002,-10.759764838064964,0.21785890187419923,-0.5217722093691909,-10.513660025176053
BISOPROLOL,LEFLUNOMIDE,hard,4.99023508179959,0.8103629619793417,240,0,2.482136141406544,-2.576346121487457,-12.56823393729432,1.989193332337633,-2.3156782868769272,-12.30756610268379
LISINOPRIL,POTASSIUM CHLORIDE,hard,2.0393431011795955,1.9381770244265069,409,2,2.5238954757840615,-0.27448017721984397,-2.863120555627121,3.2652696614765606,-0.5908250967943013,-3.179465475201578
CIPROFLOXACIN,DIVALPROEX,hard,4.174266022376609,3.0857936349713344,60,0,0.778436289481423,-1.354380266062987,-11.34626808186985,1.5783840019249709,-2.0554622309944977,-12.04735004680136
FUROSEMIDE,TRAZODONE,hard,5.234688035560081,4.239808234389531,502,13,8.816799434112834,0.5350530659050335,-0.3545705509595344,20.591147262880533,-0.6436781660656063,-1.5333017829301743
DALFAMPRIDINE,UNSPECIFIED INGREDIENT,hard,0.13009176776396592,2.484575520448672,196,0,1.0092566619915848,-1.5938381693474304,-11.585725985154292,0.13161524576744382,-0.3371179001354056,-10.329005715942268
AZITHROMYCIN,CLAVULANATE,hard,3.5714958292414325,1.5019938068512264,582,0,4.913409394148226,-3.4365374973400744,-13.428425313146937,6.063552304287298,-3.7144768368997885,-13.706364652706652
BUPRENORPHINE,HYDROCHLOROTHIAZIDE,hard,1.1959665297843045,3.1775291676853943,112,0,0.7830536797589832,-1.3595815304447714,-11.351469346251633,0.8875774612408907,-1.4725683118798554,-11.464456127686718
GABAPENTIN,LEVETIRACETAM,hard,1.6973240275835393,8.311874198852694,1197,7,22.34980017572807,-1.6072190480743682,-2.8674543891126696,32.38382820742359,-2.1324157610227,-3.392651102061001
LEVETIRACETAM,RITONAVIR,hard,8.311874198852694,1.552853002981992,73,2,1.3411630722980474,0.44131068266086154,-2.147329695746415,1.9839412038429944,0.009297070253304401,-2.5793433081539723
PALIPERIDONE,PAROXETINE,hard,2.800968040656775,3.7569411535215695,118,1,1.3592107657389472,-0.30972782706745516,-4.106955095428802,2.5514361292400802,-1.0245258924124288,-4.821753160773776
ONABOTULINUMTOXINA,VALPROIC ACID,hard,0.14296815260568288,4.343328324522326,102,0,0.9181553801412546,-1.504015610065732,-11.495903425872594,0.13203553277610075,-0.33807757351319834,-10.32996538932006
SIMVASTATIN,SULFAMETHOXAZOLE,hard,48.434632158663995,2.1134289523593943,246,18,25.261266650656182,-0.47767826004379077,-1.2207898650537314,43.07788570711705,-1.2360709313604175,-1.9791825363703581
MELPHALAN,TAZOBACTAM,hard,0.535552365503269,2.6187545025301193,71,0,0.3853421243065048,-0.8243069712239594,-10.816194787030822,0.20617656530202685,-0.49810085070246535,-10.489988666509328
AZITHROMYCIN,TOBRAMYCIN,hard,3.5714958292414325,0.34677633105579414,280,0,2.0725333616321335,-2.3631897866815934,-12.355077602488457,0.6973579813127313,-1.259854547981212,-11.251742363788075
AMLODIPINE,ZOLEDRONIC ACID,hard,3.881514367585462,1.1363403219371224,114,3,0.9492758420889834,1.2720227114693434,-0.778420644372574,1.051105678045613,1.1740579403911642,-0.8763854154507533
CLOPIDOGREL BISULFATE,LOSARTAN,hard,2.5591481215317637,3.570047361260348,408,2,4.337133254912044,-0.9522241872736565,-3.540864565680933,7.4653418551933575,-1.6718081855334832,-4.26044856394076
LATANOPROST,METFORMIN,hard,0.041402983236360866,3.1194460131509523,128,0,0.8275243752101311,-1.4087383511777727,-11.400626166984635,0.03451121819024889,-0.09629213230555295,-10.088179948112415
DILTIAZEM,OMALIZUMAB,hard,5.606643724091128,0.09327476640953981,295,0,3.4278225152677946,-2.9737297407198033,-12.965617556526666,0.3217593035908481,-0.7167877900578927,-10.708675605864755
PIPERACILLIN,RITUXIMAB,hard,2.844849609508806,0.16796801934731603,297,0,1.751092603281933,-2.170625406213507,-12.16251322202037,0.29554707078899456,-0.6700191993205077,-10.66190701512737
AMLODIPINE,DESVENLAFAXINE,hard,3.881514367585462,0.4893377939521678,102,0,0.8205304857044436,-1.4011176078790586,-11.39300542368592,0.40266076882957647,-0.8522558118902919,-10.844143627697154
LOSARTAN,MIRTAZAPINE,hard,3.570047361260348,6.071519070142814,197,1,3.528190697442042,-1.4251694824601089,-5.2223967508214555,8.36330687394675,-2.5628825638091763,-6.360109832170523
DUPILUMAB,HYDROXYZINE,hard,0.03409434246066283,4.480636870050173,80,0,0.7428875613651151,-1.3136957879445739,-11.305583603751437,0.025111429818941593,-0.07069550348997267,-10.062583319296836
BISOPROLOL,INTERFERON BETA 1A,hard,4.99023508179959,0.1776297037003428,59,0,0.6101918014291087,-1.1508089442027285,-11.14269676000959,0.1091039442443293,-0.2847603517166433,-10.276648167523506
METOPROLOL,VALPROATE,hard,1.7999073221293354,4.241753268419911,94,0,0.9821884218056728,-1.5677288605489494,-11.559616676355812,1.4751503761273257,-1.9819624956362887,-11.973850311443151
DESVENLAFAXINE,SERTRALINE,hard,0.4893377939521678,3.8841214698766486,382,0,3.0750311373320223,-2.8379558073396614,-12.829843623146525,1.4505309693405246,-1.963866904775855,-11.955754720582718
LINEZOLID,VALACYCLOVIR,hard,2.4245710744063,0.6969455901894963,81,0,0.4070176945542003,-0.8592026009563902,-10.851090416763252,0.2829185875012649,-0.6469342004773199,-10.638822016284182
ALCOHOL,CLONAZEPAM,hard,3.195815956684072,3.8807804287121943,1467,5,18.47497486844891,-1.7865944511035532,-3.3140600784895,31.941123178278822,-2.5603202457337875,-4.087785873119734
DIAZEPAM,FEXOFENADINE,hard,4.80303842573445,0.24964158015148885,66,0,0.6569818143145805,-1.210366188037137,-11.202254003844,0.1650808674827116,-0.4116016743327596,-10.403489490139622
CLONAZEPAM,SODIUM OXYBATE,hard,3.8807804287121943,0.33925388822170116,264,1,2.123324396782842,-0.8064337196504099,-4.6036609880117565,0.7216019266069812,0.2961882581756652,-3.5010390101856816
DEXTROMETHORPHAN,DILTIAZEM,hard,1.1117394603933426,5.606643724091128,72,0,0.8532948051518492,-1.4364761538758009,-11.428363969682664,0.9230363127463547,-1.5089724767278287,-11.500860292534691
SERTRALINE,SIMVASTATIN,hard,3.8841214698766486,48.434632158663995,495,15,52.647123880889055,-1.7777234052305233,-2.599446630512467,138.90397107465742,-3.1689315379264333,-3.990654763208377
AZITHROMYCIN,TOPIRAMATE,hard,3.5714958292414325,1.7005847848561901,108,2,0.9562171887388293,0.7797025513364536,-1.8089378270708232,1.3515837403811166,0.43316829606613777,-2.155472082341139
CIPROFLOXACIN,PIRFENIDONE,hard,4.174266022376609,0.05041773899705332,94,0,0.8132074111455555,-1.39309479696137,-11.384982612768233,0.04128590269947062,-0.11446271997028215,-10.106350535777144
AMIODARONE,VALSARTAN,hard,5.84423665378893,1.1262743399204835,947,14,11.718036133515325,0.2470404880891582,-0.6067023569226982,12.635399025481377,0.14259287309647356,-0.711149971915383
DEXTROAMPHETAMINE,NAPROXEN,hard,2.0511343618337143,0.7382349550742802,68,1,0.28906557506100916,0.9267453956433431,-2.870481872718004,0.21353199019033076,1.0719124832804996,-2.7253147850808475
DOXYCYCLINE,FLUCONAZOLE,hard,0.9330989278467624,6.497621096770969,137,0,1.8448807565789473,-2.2295145597273143,-12.221402375534177,1.6690146494406213,-2.117039796949313,-12.108927612756176
DIPHENHYDRAMINE,LEFLUNOMIDE,hard,2.2195871975044184,0.8103629619793417,222,0,1.0212181787529202,-1.605227084575477,-11.597114900382339,0.8257930551107276,-1.4068556007404898,-11.398743416547353
ESCITALOPRAM,VALSARTAN,hard,4.011567357595898,1.1262743399204835,554,1,4.750912019576974,-1.8076055224096022,-5.604832790770949,5.159603704084449,-1.9157385356984462,-5.712965804059793
DICLOFENAC,VALPROATE,hard,1.9156056318399564,4.241753268419911,94,1,1.0047281263691406,-0.0045403442898037895,-3.8017676126511506,1.5739577514315855,-0.46742400460599187,-4.264651272967339
PROPOFOL,SERTRALINE,hard,16.50437873807111,3.8841214698766486,71,0,2.8529615319150254,-2.7454359313769157,-12.737323747183778,8.670948899066744,-4.1970710142078005,-14.188958830014663
ARIPIPRAZOLE,FLUTICASONE,hard,3.7848153094130987,0.170907796311199,112,0,0.8785289269723998,-1.4631295410962117,-11.455017356903074,0.15150714242861588,-0.3818529001606304,-10.373740715967493
MIRTAZAPINE,SULFASALAZINE,hard,6.071519070142814,0.29206718806252,59,0,0.7424081427213244,-1.313139190267003,-11.305027006073866,0.21833402028908766,-0.5227267482691145,-10.514614564075977
AMOXICILLIN,SPIRONOLACTONE,hard,1.9074944534559102,4.410515234337747,317,0,3.4938297445957742,-2.997772832565869,-12.989660648372732,5.393345029274846,-3.559086732073165,-13.550974547880028
DIAZEPAM,SALMETEROL,hard,4.80303842573445,0.3041750623644556,71,0,0.7067531638838669,-1.2711306092673558,-11.263018425074218,0.21696933318780853,-0.5199833172001368,-10.511871133007
ATORVASTATIN,NIVOLUMAB,hard,23.292004455642303,1.4525856692309949,85,2,4.1828949182650526,-0.9054725701838231,-3.4941129485910998,6.538717178756867,-1.4933844236791316,-4.0820248020864085
CLARITHROMYCIN,PAROXETINE,hard,10.012509707103643,3.7569411535215695,97,0,2.5670676095828786,-2.6168599693225247,-12.608747785129388,7.140232267162675,-3.933616497631473,-13.925504313438337
CANAGLIFLOZIN,TRAZODONE,hard,1.0075622505171569,4.239808234389531,61,0,0.5369617266160563,-1.0523626464749536,-11.044250462281816,0.5379820031725334,-1.0537814300553106,-11.045669245862173
LEVODOPA,ZOLPIDEM,hard,1.1638365540751652,4.103825283249003,151,12,1.3355504503001816,2.767643422165033,1.8374522604239407,1.4928886224783824,2.648995105933994,1.7188039441929017
PROPOFOL,SODIUM LACTATE,hard,16.50437873807111,0.06006426414397058,136,1,4.6519114688128775,-1.7801453014654518,-5.577372569826799,0.28820630016569515,0.928317314565302,-2.8689099537960447
CITALOPRAM,METHADONE,hard,3.2514622794734134,3.4096390944373844,932,6,10.934783675765281,-0.8149174497234284,-2.1909064157891933,19.374836585229097,-1.6124313750728827,-2.9884203411386476
METRONIDAZOLE,OMEPRAZOLE,hard,1.208111021941158,2.402393275679143,683,5,3.69520441126126,0.3906905109690448,-1.1367751164169018,4.008993141656041,0.28662630305227005,-1.2408393243336764
ATENOLOL,CIPROFLOXACIN,hard,3.2403794914516304,4.174266022376609,60,0,0.7976589881634687,-1.375911307279278,-11.36779912308614,1.6550051082061503,-2.107691289070729,-12.099579104877591
TEMOZOLOMIDE,VALPROIC ACID,hard,0.35010782503825777,4.343328324522326,135,0,1.2152056501869546,-1.7783815634055673,-11.77026937921243,0.4221883827914894,-0.8831333967194789,-10.875021212526342
METHADONE,METRONIDAZOLE,hard,3.4096390944373844,1.208111021941158,78,0,0.5848257956498611,-1.1174633892779564,-11.109351205084819,0.66403983334054,-1.2191404279881073,-11.21102824379497
LORAZEPAM,OXYMORPHONE,hard,5.194239297993008,0.28204610062051705,78,12,0.8396724573352721,3.2219758771070666,2.2917847153659743,0.23833318291329306,4.081512285634687,3.151321123893594
ETHINYL ESTRADIOL,OMEPRAZOLE,hard,0.09363419179573759,2.402393275679143,58,0,0.28877889393482636,-0.6576928538582048,-10.649580669665067,0.027167074259181863,-0.0763321705906279,-10.06821998639749
METHOTREXATE,RAMIPRIL,hard,0.24755311801321087,4.28299501996993,601,0,5.3347662247034195,-3.544674854181567,-13.53656266998843,1.329054166440036,-1.8710978003448528,-11.862985616151716
AZITHROMYCIN,BISOPROLOL,hard,3.5714958292414325,4.99023508179959,123,9,1.9276122677766994,1.9683894971319977,0.8753232586623229,4.400245144803192,0.9550735886350858,-0.13799264983458912
IRBESARTAN,PROPRANOLOL,hard,4.789923437726823,1.9511692793488442,97,3,1.1541430652324483,1.0812709048546603,-0.9691724509872572,1.8369515439336135,0.5827271015232698,-1.4677162543186477
ALLOPURINOL,TRAMADOL,hard,6.008206666908847,2.8983790614189955,457,4,7.488563827204868,-0.8280111593323152,-2.564768646401407,15.449579032616976,-1.8255214399699542,-3.562278927039046
FLUOXETINE,NAPROXEN,hard,4.518088776638668,0.7382349550742802,300,0,2.809114014357694,-2.7264450000562284,-12.718332815863091,2.0711408489084984,-2.3624086441878775,-12.35429645999474
LOPERAMIDE,QUETIAPINE,hard,0.7971200351397586,5.54026350671417,234,0,2.6868265434546488,-2.6721204964587266,-12.66400831226559,2.1104740548556324,-2.3843118200085285,-12.376199635815391
GABAPENTIN,LAMOTRIGINE,hard,1.6973240275835393,2.670342599521134,1635,0,11.41143344483546,-4.57427513523595,-14.566162951042813,14.813792147812098,-4.936759675922778,-14.92864749172964
ARIPIPRAZOLE,ESTROGENS CONJUGATED,hard,3.7848153094130987,0.04442187135302426,115,0,0.9020609518020176,-1.4875490689998059,-11.479436884806669,0.04043964912640854,-0.11220542637081007,-10.104093242177672
ATORVASTATIN,EMPAGLIFLOZIN,hard,23.292004455642303,0.7745310061165969,382,8,18.440113036488246,-1.1559101946172596,-2.3241881111619263,13.541854990624952,-0.7241987882111056,-1.892476704755772
RIFAMPIN,RIVAROXABAN,hard,2.81078961658743,0.5112275935756754,74,3,0.43107557061907537,1.9103847482664362,-0.1400586075754813,0.22059359455712294,2.2800971894124946,0.22965383357057711
ALLOPURINOL,LENALIDOMIDE,hard,6.008206666908847,0.1509802183237506,388,1,4.831366013979539,-1.829542730030404,-5.626769998391751,0.7350452312684946,0.280398621881394,-3.516828646479953
SODIUM LACTATE,UNSPECIFIED INGREDIENT,hard,0.06006426414397058,2.484575520448672,2039,0,10.49935884592266,-4.459347526204008,-14.45123534201087,0.6410058793351376,-1.1903062255142314,-11.182194041321095
ARIPIPRAZOLE,ATORVASTATIN,hard,3.7848153094130987,23.292004455642303,340,2,18.37498079455199,-2.916475176484408,-5.505115554891685,57.93231360279249,-4.5467664133150345,-7.1354067917223105
LANSOPRAZOLE,SITAGLIPTIN,hard,1.5788646382413933,3.1632968623290343,178,0,1.3804983129062571,-1.9111150120613525,-11.903002827868216,1.8341662592114827,-2.2229073257398717,-12.214795141546734
LEVOTHYROXINE,SITAGLIPTIN,hard,1.2167115580314125,3.1632968623290343,431,24,3.0191758144601146,2.799472252643813,2.1645553074737234,3.4058818621469316,2.649061530188063,2.0141445850179736
ROSUVASTATIN,VILANTEROL TRIFENATATE,hard,28.620969757239056,0.05269470593718655,107,0,6.346897343101775,-3.7754503819775524,-13.767338197784415,0.36938980590499604,-0.7980750843995218,-10.789962900206385
ALBUTEROL,LAMOTRIGINE,hard,0.3205170454188135,2.670342599521134,177,0,0.979565772669221,-1.5651738315737813,-11.557061647380644,0.31507741659823035,-0.7050089991042734,-10.696896814911137
SUMATRIPTAN,TRAMADOL,hard,0.24090309418062614,2.8983790614189955,262,0,1.573801034338762,-2.0522774850179046,-12.044165300824767,0.3767579513066974,-0.8102505144330113,-10.802138330239874
QUETIAPINE,SIMVASTATIN,hard,5.54026350671417,48.434632158663995,560,26,61.482495763573134,-1.225868487427035,-1.833755213655408,211.72286664629698,-3.001515847731237,-3.6094025739596103
FENTANYL,HYDROCHLOROTHIAZIDE,hard,1.6641959255224423,3.1775291676853943,197,1,1.5685048357355142,-0.4636258295777773,-4.260853097939124,2.1691144166180867,-0.8313986499252564,-4.628625918286604
IVACAFTOR,PIPERACILLIN,hard,0.9272818344854682,2.844849609508806,60,2,0.35375608147109755,1.5500322397372144,-1.0386081386700625,0.32776020053772076,1.5946433056269183,-0.9939970727803586
LAMOTRIGINE,POLYETHYLENE GLYCOL 3350,hard,2.670342599521134,0.39707207723693405,85,1,0.4704129416773095,0.628291804868588,-3.1689354634927587,0.18762530582884646,1.125267956083435,-2.6719593122779117
HYDROCORTISONE,TRAMADOL,hard,1.7706437401827775,2.8983790614189955,177,1,1.3459131259923514,-0.29937215646121446,-4.0965994248225615,1.8664688592606535,-0.6577734368269895,-4.455000705188336
HYDROXYZINE,VALPROATE,hard,4.480636870050173,4.241753268419911,100,0,1.6004609791704156,-2.070705984738863,-12.062593800545725,3.7495921022154133,-3.0873243705791853,-13.079212186386048
SIMVASTATIN,VENLAFAXINE,hard,48.434632158663995,4.104038720461546,423,10,45.182154186319444,-2.1212413560983814,-3.1513838020106624,124.09008377026835,-3.5687280146134155,-4.5988704605256965
ONDANSETRON,VENLAFAXINE,hard,1.3281320303786115,4.104038720461546,321,0,2.9485932518655247,-2.7860079785751304,-12.777895794381992,3.513531436936801,-3.0048721978998816,-12.996760013706744
OMALIZUMAB,TRIMETHOPRIM,hard,0.09327476640953981,2.129450832636014,114,0,0.5031133250311333,-1.0044846011892543,-10.996372416996117,0.04701274494629184,-0.12964635212792494,-10.121534167934788
ESCITALOPRAM,METRONIDAZOLE,hard,4.011567357595898,1.208111021941158,122,0,1.0669216619988064,-1.6479330543025528,-11.639820870109416,1.2166321564117961,-1.779580928696635,-11.771468744503498
ALCOHOL,ZOLPIDEM,hard,3.195815956684072,4.103825283249003,1213,10,15.836892536227612,-0.6377442645935616,-1.6678867105058424,28.127617342357404,-1.4470182728891297,-2.4771607188014104
HYDROXYZINE,TRIAMCINOLONE ACETONIDE,hard,4.480636870050173,0.1654983250339734,77,0,0.7150292778139232,-1.2809910779858282,-11.272878893792692,0.11794152423269029,-0.305542227561054,-10.297430043367918
METFORMIN,VALACYCLOVIR,hard,3.1194460131509523,0.6969455901894963,243,0,1.5710033060629833,-2.0503298566182333,-12.042217672425096,1.0838799123777305,-1.6634629563867542,-11.655350772193618
ETANERCEPT,SPIRONOLACTONE,hard,0.04755602694621194,4.410515234337747,73,0,0.6672760511882998,-1.2231457869101672,-11.21503360271703,0.03131920363254184,-0.08765076263424444,-10.079538578441108
MIRTAZAPINE,SODIUM CHLORIDE,hard,6.071519070142814,0.3186522820464445,123,0,1.547732229741066,-2.034027074673171,-12.025914890480033,0.4977373830736426,-0.9967320353090434,-10.988619851115907
DIAZEPAM,IBUPROFEN,hard,4.80303842573445,1.613575934691527,1193,15,13.392501755005199,0.15796179295902274,-0.6637614323229207,18.36411049670512,-0.2833758585553565,-1.1050990838373003
BUPROPION,PAROXETINE,hard,1.713431248898844,3.7569411535215695,1502,1,13.915761842052094,-3.264612676348127,-7.061839944709474,18.72877100828559,-3.680232151076344,-7.477459419437691
LEVOFLOXACIN,SIMVASTATIN,hard,3.0047540440999456,48.434632158663995,260,44,27.179188924239043,0.685003667386263,0.22704433819714115,62.50980241947097,-0.501770949706159,-0.9597302788952811
HYDROCHLOROTHIAZIDE,LEVODOPA,hard,3.1775291676853943,1.1638365540751652,216,12,1.4957916882310782,2.6468950432676075,1.7167038815265152,1.6578150043311177,2.534285006030573,1.604093844289481
CARBIDOPA,OLANZAPINE,hard,1.0768121312668408,7.063076941925239,208,0,3.0778549641869155,-2.839094905922725,-12.830982721729589,3.287391061133018,-2.921204392130551,-12.913092207937414
DIAZEPAM,EPINEPHRINE,hard,4.80303842573445,1.3398485061250733,73,0,0.7780780932081778,-1.3539759906214277,-11.34586380642829,0.9679890134195435,-1.5538411709437596,-11.545728986750623
DIAZEPAM,PREDNISOLONE,hard,4.80303842573445,1.113408648178296,178,0,1.813696947604978,-2.210199909899328,-12.20208772570619,1.9748142925722965,-2.307320270955101,-12.299208086761963
CEFTRIAXONE,ESOMEPRAZOLE,hard,2.493309391031982,1.5133417257394122,402,1,2.5049694939560396,-1.0023878442446774,-4.799615112606024,3.11228518544682,-1.2679492955827387,-5.065176563944085
LORAZEPAM,OCTREOTIDE,hard,5.194239297993008,0.26217282981105694,62,0,0.6674319532664983,-1.2233384612445906,-11.215226277051453,0.1757940665303511,-0.4346555888123149,-10.426543404619178
APIXABAN,PIPERACILLIN,hard,0.29775760877570834,2.844849609508806,90,0,0.5306341222066463,-1.0435322631026918,-11.035420078909555,0.1581218335951829,-0.396426590065782,-10.388314405872645
FINASTERIDE,FUROSEMIDE,hard,1.1417426371029462,5.234688035560081,158,21,1.7605342911121857,3.2496009519568325,2.566709741382155,1.9129198617704741,3.1554847533408132,2.4725935427661363
AMPHETAMINE,LEVOTHYROXINE,hard,3.270268892114582,1.2167115580314125,139,0,1.004517863416986,-1.5893012361561976,-11.58118905196306,1.1440262487616861,-1.7172333334818841,-11.709121149288746
DIGOXIN,ESCITALOPRAM,hard,1.7087213658292646,4.011567357595898,125,0,1.2228464531055132,-1.7847941286003792,-11.776681944407242,1.7394249828540154,-2.1631283390325535,-12.155016154839416
DIVALPROEX,ESTRADIOL,hard,3.0857936349713344,0.03349080266092068,71,0,0.45406557709877166,-0.9321603374898783,-10.924048153296742,0.015273975064897895,-0.043411633266370105,-10.035299449073232
CLONAZEPAM,OMALIZUMAB,hard,3.8807804287121943,0.09327476640953981,1057,0,8.501340482573728,-4.170139864059567,-14.16202767986643,0.7843082290637322,-1.3609914853080511,-11.352879301114914
BUDESONIDE,RAMIPRIL,hard,0.26886302654389993,4.28299501996993,291,0,2.583056524773203,-2.6243613400654033,-12.616249155872266,0.696342551716044,-1.2586305391203094,-11.250518354927172
PALIPERIDONE,UNSPECIFIED INGREDIENT,hard,2.800968040656775,2.484575520448672,70,1,0.6217235318041301,0.41924535814699815,-3.377981910214349,1.0078583069529456,-0.0075383645826008205,-3.8047656329439477
ROSUVASTATIN,UMECLIDINIUM,hard,28.620969757239056,0.021186895874091047,83,0,4.923294200723807,-3.439169435227283,-13.431057251034145,0.11493971855293598,-0.298516897666557,-10.29040471347342
METHOTREXATE,OLANZAPINE,hard,0.24755311801321087,7.063076941925239,116,0,1.6980296837445514,-2.1362108695910074,-12.12809868539787,0.4290515747120973,-0.8938305926958756,-10.885718408502738
IRINOTECAN,SULFAMETHOXAZOLE,hard,0.4166981090400384,2.1134289523593943,76,0,0.33288528389339517,-0.73618970711997,-10.728077522926833,0.13890621232189912,-0.3536760726718489,-10.345563888478711
LOSARTAN,TREPROSTINIL,hard,3.570047361260348,0.03184886908492076,93,0,0.6880979716800613,-1.2486538070386473,-11.24054162284551,0.022018633652355544,-0.06217321037149028,-10.054061026178353
DEXTROMETHORPHAN,SERTRALINE,hard,1.1117394603933426,3.8841214698766486,258,0,2.13660097542776,-2.398679249499582,-12.390567065306445,2.277554737752242,-2.4738153433355436,-12.465703159142407
APIXABAN,MIRTAZAPINE,hard,0.29775760877570834,6.071519070142814,190,0,2.390805883339858,-2.5314717355720013,-12.523359551378864,0.7179818795780336,-1.2844926698309669,-11.27638048563783
CARBAMAZEPINE,MORPHINE,hard,3.163753453082705,1.291544779201578,305,8,2.1841312305742226,1.6630076328007743,0.4947297162561076,2.5763502604981956,1.4662430693173407,0.2979651527726741
ATENOLOL,OMEPRAZOLE,hard,3.2403794914516304,2.402393275679143,837,23,8.053714644882614,1.458037772506362,0.8082314345951387,12.560487656917054,0.8474519910635719,0.19764565315234867
MIRABEGRON,OMEPRAZOLE,hard,0.373953783123836,2.402393275679143,83,0,0.41325255511363085,-0.8690857901024578,-10.86097360590932,0.1550724342071234,-0.3897263456461745,-10.381614161453037
CYCLOSPORINE,PREGABALIN,hard,3.4941568465009407,2.1050070186801157,170,0,1.6203959772530925,-2.0843337086913865,-12.07622152449825,2.6150824392660823,-2.63927034403469,-12.631158159841553
EXENATIDE,UNSPECIFIED INGREDIENT,hard,0.1484704385973459,2.484575520448672,70,0,0.36044880785413747,-0.783161267219017,-10.77504908302588,0.053669914002289716,-0.14709803417081388,-10.138985849977677
CARBIDOPA,ZOLPIDEM,hard,1.0768121312668408,4.103825283249003,94,12,0.8144486505105517,3.2493984062065757,2.3192072444654834,0.8619741879157684,3.198156828068492,2.2679656663273997
OXALIPLATIN,PIPERACILLIN,hard,0.5390082292070726,2.844849609508806,63,0,0.37144388554465246,-0.8014796737058498,-10.793367489512713,0.2005955704181712,-0.486653771705454,-10.478541587512316
HYDROXYZINE,TOPIRAMATE,hard,4.480636870050173,1.7005847848561901,283,8,3.0388688611181265,1.264174540046661,0.09589662350199471,4.321479916110549,0.8179868026936895,-0.3502911138509771
DILTIAZEM,HYDROXYZINE,hard,5.606643724091128,4.480636870050173,243,0,4.576501018556701,-3.3438344610854887,-13.335722276892351,11.197126768383168,-4.548082290844129,-14.539970106650992
DEXTROAMPHETAMINE,VALPROIC ACID,hard,2.0511343618337143,4.343328324522326,57,0,0.6372596204837742,-1.185561638951859,-11.177449454758722,1.0412726930466993,-1.6241221364155698,-11.616009952222432
AMLODIPINE,APIXABAN,hard,3.881514367585462,0.29775760877570834,1318,16,10.602540981945655,0.5715761278482863,-0.22135175217982667,3.153207714390719,2.1752303344507586,1.3823024544226454
DABIGATRAN ETEXILATE,IRBESARTAN,hard,0.40148153244019796,4.789923437726823,67,11,0.6651149747616376,3.3030896275003014,2.326551973899002,0.26825368334548266,3.9039072721960717,2.9273696185947724
LEVOFLOXACIN,PIPERACILLIN,hard,3.0047540440999456,2.844849609508806,1342,10,13.488141505662648,-0.41381496780113236,-1.4439574137134132,20.70733206198347,-1.0141738095709334,-2.0443162554832144
IRBESARTAN,LANSOPRAZOLE,hard,4.789923437726823,1.5788646382413933,227,3,2.5257797086104494,0.2100479658526389,-1.8403953899892787,3.4871191898236384,-0.18799181144349886,-2.238435167285416
AZITHROMYCIN,BUPROPION,hard,3.5714958292414325,1.713431248898844,125,0,1.1100608853259866,-1.687115245667224,-11.679003061474086,1.5799868265721784,-2.0565743912033034,-12.048462207010166
GABAPENTIN,PIOGLITAZONE,hard,1.6973240275835393,2.042319210457702,82,1,0.46558739677524846,0.6354837500132137,-3.1617435183481333,0.5884481795205914,0.46268977755727986,-3.3345374908040673
FLUOXETINE,PANTOPRAZOLE,hard,4.518088776638668,1.7685018115627529,382,2,4.185355889387787,-0.9062305411197223,-3.494870919526999,6.211944592826941,-1.4248027114768256,-4.0134430898841025
TRIMETHOPRIM,VALPROIC ACID,hard,2.129450832636014,4.343328324522326,101,0,1.1455726821499597,-1.718589749258719,-11.710477565065581,1.9135487660658554,-2.2711559769174263,-12.26304379272429
CERTOLIZUMAB PEGOL,CYCLOSPORINE,hard,0.0830204712465506,3.4941568465009407,548,0,3.968407902259301,-3.159760889425966,-13.151648705232828,0.3307294990572635,-0.7324506902934222,-10.724338506100285
ALPRAZOLAM,LISINOPRIL,hard,3.2976592896695216,2.0393431011795955,627,0,5.635734871393358,-3.6172361445113324,-13.609123960318195,8.469059938948606,-4.16495678196858,-14.156844597775443
AMOXICILLIN,IRBESARTAN,hard,1.9074944534559102,4.789923437726823,235,15,2.7748485773704887,2.242768109607658,1.4210448843257146,4.339703033612741,1.6792777845974043,0.8575545593154605
ATENOLOL,ATORVASTATIN,hard,3.2403794914516304,23.292004455642303,1032,19,54.609024086001895,-1.4988144550418065,-2.2201846133192373,76.29252431343585,-1.9774917486788608,-2.6988619069562914
ACETAMINOPHEN,RISPERIDONE,hard,1.4241685104647568,4.522367096463803,1269,14,13.0093654338428,0.10209299070977344,-0.7516498543020831,17.016550876971344,-0.2726658266073618,-1.126408671619218
CYCLOSPORINE,MOXIFLOXACIN,hard,3.4941568465009407,1.5859630144572765,61,1,0.5158175424361926,0.5623212071360187,-3.2349060612253284,0.70268221314549,0.3187070137224073,-3.4785202546389398
LEVETIRACETAM,LITHIUM,hard,8.311874198852694,5.581912344011374,124,1,3.313565141532931,-1.3461778426878321,-5.143405111049179,11.003604373016053,-2.939051559365643,-6.7362788277269905
ALLOPURINOL,CLINDAMYCIN,hard,6.008206666908847,1.2109212610843265,70,0,0.9022375166655037,-1.4877307395717134,-11.479618555378575,1.042645263461341,-1.625406347402473,-11.617294163209335
FUROSEMIDE,VORICONAZOLE,hard,5.234688035560081,4.640234739765273,147,2,2.703804390912757,-0.35785797143761,-2.946498349844887,7.015194693054853,-1.5878823850448756,-4.1765227634521525
AMPHETAMINE,TOPIRAMATE,hard,3.270268892114582,1.7005847848561901,98,0,0.8064980304065836,-1.3857049497441978,-11.37759276555106,1.1229621966763759,-1.6986293958792942,-11.690517211686156
CARBIDOPA,HALOPERIDOL,hard,1.0768121312668408,10.179300940961772,171,1,3.634730892055916,-1.4628309342786843,-5.260058202640031,3.8349319610970656,-1.53104684909085,-5.328274117452197
AMLODIPINE,BORTEZOMIB,hard,3.881514367585462,0.4052305223209832,62,0,0.4987538246438775,-0.9982010278433048,-10.990088843650167,0.20482325102736176,-0.49533342243081047,-10.487221238237673
ATENOLOL,RAMIPRIL,hard,3.2403794914516304,4.28299501996993,761,14,10.288458749179897,0.426564125658681,-0.42717871935317536,18.629744467257684,-0.3997647022319837,-1.2535075472438402
CARBOPLATIN,OMEPRAZOLE,hard,0.729515412990319,2.402393275679143,141,11,0.7020314490484572,3.2580873139241264,2.2815496603228276,0.5146991220805741,3.502509952224629,2.5259722986233295
BRIMONIDINE,CYCLOSPORINE,hard,0.023853587435067703,3.4941568465009407,82,1,0.5938128612869757,0.45559656989187236,-3.3416306984694746,0.01425559572492013,1.544405008500175,-2.2528222598611722
TOPIRAMATE,TRAMADOL,hard,1.7005847848561901,2.8983790614189955,579,0,4.318663827927563,-3.2686331555707238,-13.260520971377586,5.787660017400731,-3.652523211160373,-13.644411026967235
ALCOHOL,LITHIUM,hard,3.195815956684072,5.581912344011374,217,1,3.497887626779677,-1.4142754204443964,-5.211502688805743,7.5539257694632225,-2.4247296747508886,-6.221956943112236
ACETAMINOPHEN,HALOPERIDOL,hard,1.4241685104647568,10.179300940961772,680,5,14.943428629796125,-1.4894895603376133,-3.0169551877235596,20.09432835981277,-1.9047435527952645,-3.432209180181211
FUROSEMIDE,METHOTREXATE,hard,5.234688035560081,0.24755311801321087,615,1,6.672049689440994,-2.2574229828088592,-6.054650251170206,1.6636906217228162,-0.5285317274570225,-4.3257589958183695
CIPROFLOXACIN,VALPROIC ACID,hard,4.174266022376609,4.343328324522326,81,2,1.2619939056303966,0.5047191606017994,-2.0839212178054773,2.977783055062968,-0.47623984490301174,-3.0648802233102885
DICLOFENAC,FLUOXETINE,hard,1.9156056318399564,4.518088776638668,158,0,1.7792855364417586,-2.1885816688789967,-12.18046948468586,2.8225626139060744,-2.7322963874384296,-12.724184203245292
LINEZOLID,SULFAMETHOXAZOLE,hard,2.4245710744063,2.1134289523593943,964,2,7.068515542115149,-1.5980822687266196,-4.186722647133896,9.535933757324461,-2.0051748533114075,-4.5938152317186844
DICLOFENAC,TRAZODONE,hard,1.9156056318399564,4.239808234389531,185,1,1.976644713150521,-0.7234244210163447,-4.520651689377692,3.0778350331434314,-1.2541243684035506,-5.051351636764897
BISOPROLOL,METHOTREXATE,hard,4.99023508179959,0.24755311801321087,627,0,6.484580669424596,-3.804173503708994,-13.796061319515857,1.6183579934317416,-2.0829464192193545,-12.074834235026218
OLANZAPINE,ZOLPIDEM,hard,7.063076941925239,4.103825283249003,885,11,18.647699803840112,-0.7355372317164522,-1.7120748853177512,45.27665187229134,-1.9929780861301627,-2.9695157397314618
DEXTROAMPHETAMINE SACCHARATE,PAROXETINE,hard,1.2708169437825525,3.7569411535215695,55,14,0.4591128205098057,3.918208560468538,3.0644657154566817,0.5432468321057999,3.7969004553670898,2.9431576103552333
AMITRIPTYLINE,CLOPIDOGREL BISULFATE,hard,3.361414189474862,2.5591481215317637,124,12,1.2645318499952898,2.8245707186168185,1.8943795568757262,2.184482258675794,2.219212319391092,1.2890211576499997
METFORMIN,ZOLPIDEM,hard,3.1194460131509523,4.103825283249003,716,1,9.234749253747625,-2.6981813179744147,-6.495408586335762,18.159175099011662,-3.636850801852621,-7.434078070213968
CEFTRIAXONE,METFORMIN,hard,2.493309391031982,3.1194460131509523,176,0,1.6825440597169963,-2.126010778296231,-12.117898594103094,2.821098622908884,-2.731660565559362,-12.723548381366225
LEVOFLOXACIN,SITAGLIPTIN,hard,3.0047540440999456,3.1632968623290343,66,0,0.7069099099403172,-1.2713179898185936,-11.263205805625457,1.2940948710900149,-1.8432561814679909,-11.835143997274853
ALCOHOL,PANTOPRAZOLE,hard,3.195815956684072,1.7685018115627529,123,4,1.01057121092209,1.5748308046505064,-0.16192668241858557,1.4361264418241118,1.216751828253379,-0.5200056588157131
DEXTROAMPHETAMINE,FENTANYL,hard,2.0511343618337143,1.6641959255224423,514,6,2.8925384078895013,0.9380745692447733,-0.4379143968209914,3.5895959617489046,0.6684814013248522,-0.7075075647409126
ALPRAZOLAM,TOPIRAMATE,hard,3.2976592896695216,1.7005847848561901,455,7,3.770283873049945,0.8125586174188065,-0.44767672361949484,5.165295164168151,0.40473947260978144,-0.85549586842852
AMLODIPINE,LITHIUM,hard,3.881514367585462,5.581912344011374,288,7,5.051636320128866,0.4339775335157735,-0.8262578075225279,12.218722082983845,-0.7619912220112448,-2.0222265630495464
ALBUTEROL,OMEPRAZOLE,hard,0.3205170454188135,2.402393275679143,857,0,4.266957105209417,-3.2530686435783283,-13.244956459385191,1.3686065474464746,-1.9019628281501038,-11.893850643956966
ATORVASTATIN,NIRMATRELVIR,hard,23.292004455642303,0.3365420669120859,206,7,9.94414472648319,-0.4777318538780187,-1.7379671949163202,3.605708821653716,0.8692592809851926,-0.3909760600531086
DIAZEPAM,SPIRONOLACTONE,hard,4.80303842573445,4.410515234337747,140,0,2.3831560768854256,-2.5276489378573683,-12.519536753664232,5.898358695763462,-3.6777018730558853,-13.669589688862748
ACYCLOVIR,METRONIDAZOLE,hard,2.0542987820668928,1.208111021941158,333,4,1.5613808880134705,1.1263139005058953,-0.6104435865631967,1.6890479924661677,1.039621417076973,-0.6971360699921187
MYCOPHENOLIC ACID,TRIMETHOPRIM,hard,0.39641009418053685,2.129450832636014,412,0,1.8182692097616395,-2.21304810950072,-12.204935925307582,0.7089197635253536,-1.2737184955337721,-11.265606311340635
ALLOPURINOL,FILGRASTIM,hard,6.008206666908847,0.6992528527286156,335,0,4.171411378049345,-3.223858498646689,-13.215746314453552,2.710503035013867,-2.6827993625382422,-12.674687178345104
OCTREOTIDE,RAMIPRIL,hard,0.26217282981105694,4.28299501996993,232,0,2.059344033496162,-2.3557740911280383,-12.347661906934901,0.5319417068384167,-1.045361476933238,-11.037249292740102
AMLODIPINE,DIVALPROEX,hard,3.881514367585462,3.0857936349713344,170,0,2.1024260421720293,-2.379857164443902,-12.371744980250766,4.119329384022489,-3.2076834220806836,-13.199571237887547
CLARITHROMYCIN,CODEINE,hard,10.012509707103643,1.996416441410018,294,0,6.707885491092465,-3.8495760917916737,-13.841463907598536,11.295830236634865,-4.560205059553991,-14.552092875360854
LETROZOLE,RAMIPRIL,hard,0.44423660650716645,4.28299501996993,112,0,0.9941660851360782,-1.5793405208745845,-11.571228336681447,0.4415437596099156,-0.9131000528519005,-10.904987868658763
METHYLPHENIDATE,TRAZODONE,hard,1.00826405844647,4.239808234389531,209,2,1.8400581015319288,0.09538374381742139,-2.493256634589855,1.8324867113913168,0.10005923308769543,-2.488581145319581
ARIPIPRAZOLE,CELECOXIB,hard,3.7848153094130987,0.7217016592342094,80,0,0.6275206621231427,-1.1731538715023504,-11.165041687309213,0.45690103658577136,-0.936441632948724,-10.928329448755587
ACYCLOVIR,ETOPOSIDE,hard,2.0542987820668928,0.6191935721090637,384,1,1.634888671537886,-0.509198338582273,-4.30642560694362,1.0150053074839471,-0.014360347146943139,-3.8115876155082904
AMLODIPINE,FINASTERIDE,hard,3.881514367585462,1.1417426371029462,209,9,1.742679063750054,2.082704333618671,0.9896380951489961,1.8858268603001345,1.993438163138743,0.9003719246690681
PEMETREXED,UNSPECIFIED INGREDIENT,hard,0.787840445784882,2.484575520448672,147,2,0.7569424964936887,0.9920094450661072,-1.5966309333411695,0.594593570705374,1.1915328071364255,-1.3971075712708512
CLOPIDOGREL BISULFATE,PREDNISOLONE,hard,2.5591481215317637,1.113408648178296,333,1,1.8444399661651467,-0.6442808358659492,-4.441508104227296,1.9649702380752214,-0.7166077269609368,-4.513834995322284
DIAZEPAM,EMTRICITABINE,hard,4.80303842573445,1.5084069223569223,66,0,0.7265240650012524,-1.2945755405545993,-11.286463356361462,0.9941081472762033,-1.5792845777738982,-11.571172393580762
AMOXICILLIN,LORAZEPAM,hard,1.9074944534559102,5.194239297993008,281,3,3.5534722209370826,-0.2118033340375588,-2.2622466898794764,5.655032124142637,-0.8144114643386163,-2.864854820180534
CARVEDILOL,SERTRALINE,hard,1.2559062467821966,3.8841214698766486,192,1,1.647395323626787,-0.5176253071198036,-4.314852575481151,1.9100692635582381,-0.6841121082884665,-4.481339376649814
CIPROFLOXACIN,VORICONAZOLE,hard,4.174266022376609,4.640234739765273,466,0,7.5471069783276095,-4.008470212024305,-14.000358027831167,16.820829225424223,-5.114436094857905,-15.106323910664768
LISINOPRIL,OLAPARIB,hard,2.0393431011795955,0.2418234684691773,87,0,0.3677078505885624,-0.7952812871213348,-10.787169102928198,0.08895010341319246,-0.23621731742370214,-10.228105133230565
BORTEZOMIB,TRAMADOL,hard,0.4052305223209832,2.8983790614189955,83,0,0.4985705566798368,-0.9979362738693488,-10.989824089676212,0.20351232310420242,-0.49264759982620326,-10.484535415633067
DIVALPROEX,METFORMIN,hard,3.0857936349713344,3.1194460131509523,214,0,2.30859554886461,-2.4898488844647897,-12.481736700271652,4.19332680791832,-3.230610922276979,-13.222498738083843
ACYCLOVIR,MYCOPHENOLATE MOFETIL,hard,2.0542987820668928,0.6428222670492816,788,1,3.35492779471837,-1.3617413370644673,-5.158968605425814,2.173440697741105,-0.833735174510342,-4.630962442871689
LEFLUNOMIDE,MIRTAZAPINE,hard,0.8103629619793417,6.071519070142814,73,0,0.9185727867568928,-1.5044401769775626,-11.496327992784426,0.7466780642382355,-1.3180889590801101,-11.309976774886973
EZETIMIBE,SITAGLIPTIN,hard,25.581180155436563,3.1632968623290343,278,18,15.985075439319253,0.16636478162938995,-0.5767468233805508,38.13246517092411,-1.0622884693805064,-1.805400074390447
CEFTRIAXONE,PAROXETINE,hard,2.493309391031982,3.7569411535215695,75,0,0.8160835871493769,-1.3962511204837353,-11.388138936290598,1.442522565649034,-1.957931358046557,-11.94981917385342
FLUTICASONE,TRIMETHOPRIM,hard,0.170907796311199,2.129450832636014,265,1,1.1695178169583362,-0.15446898908614798,-3.951696257447495,0.2000169561037028,1.099500727564554,-2.697726540796793
DAPAGLIFLOZIN,FORMOTEROL,hard,2.4062542147301333,0.16948715238722878,253,0,1.2616979000272723,-1.8169665488328843,-11.808854364639748,0.21482077523609747,-0.515653469954458,-10.50754128576132
DILTIAZEM,ETANERCEPT,hard,5.606643724091128,0.04755602694621194,106,0,1.231692158028428,-1.792182485746453,-11.784070301553315,0.058073535207745434,-0.15852713808067723,-10.15041495388754
ANASTROZOLE,LOSARTAN,hard,0.6175263215887037,3.570047361260348,90,0,0.6659012629161882,-1.2214456156972882,-11.21333343150415,0.4091266216948374,-0.8625531497731378,-10.85444096558
AZATHIOPRINE,VALPROIC ACID,hard,1.2566055883323952,4.343328324522326,87,0,0.8294003157030753,-1.4107756016163415,-11.402663417423204,0.9790187595427379,-1.5646403513738554,-11.556528167180717
DILTIAZEM,MOMETASONE,hard,5.606643724091128,0.07737187679078766,226,0,2.626060638815327,-2.6443457637725287,-12.636233579579391,0.19944378885758393,-0.48428002426826994,-10.476167840075133
AZITHROMYCIN,DOXORUBICIN,hard,3.5714958292414325,0.46115871799345265,94,0,0.6957790571193591,-1.2579508488635605,-11.249838664670424,0.322123385843128,-0.7174268376879995,-10.709314653494863
BACLOFEN,LORAZEPAM,hard,2.1267601781828365,5.194239297993008,442,2,5.7903041295156505,-1.3312016766745802,-3.919842055081857,9.53631542567033,-2.0052297182171683,-4.593870096624445
DILTIAZEM,SULFAMETHOXAZOLE,hard,5.606643724091128,2.1134289523593943,143,0,1.9916056921866605,-2.3170757734432508,-12.308963589250114,3.4181599817115806,-2.9701763052394687,-12.962064121046332
ABATACEPT,ATORVASTATIN,hard,0.04578015674894162,23.292004455642303,104,0,5.020344910457533,-3.464758409224694,-13.456646225031557,0.2696443951717596,-0.6222639251754396,-10.614151740982303
METOPROLOL,SULFAMETHOXAZOLE,hard,1.7999073221293354,2.1134289523593943,160,0,0.966059666588079,-1.5519438203469105,-11.543831636153774,1.2572452230446483,-1.8133155330561277,-11.80520334886299
ESTRADIOL,LOSARTAN,hard,0.03349080266092068,3.570047361260348,93,0,0.6880979716800613,-1.2486538070386473,-11.24054162284551,0.02316302290593621,-0.06533248005517796,-10.057220295862042
ATORVASTATIN,RUXOLITINIB,hard,23.292004455642303,0.10781362520466525,162,1,7.820152648981926,-2.47164749686504,-6.268874765226387,0.9574323224307567,0.04153360896636993,-3.7556936593949772
